2026-07-27 20:51:21,901 - utils.logging_setup - INFO - [logging_setup.py:15] - setup_logging() - Logging initialized successfully
2026-07-27 23:00:26,323 - utils.logging_setup - INFO - [logging_setup.py:15] - setup_logging() - Logging initialized successfully
2026-07-27 23:07:22,025 - asyncio - ERROR - [base_events.py:1886] - default_exception_handler() - Exception in callback _ProactorBasePipeTransport._call_connection_lost()
handle: <Handle _ProactorBasePipeTransport._call_connection_lost()>
Traceback (most recent call last):
  File "C:\Python314\Lib\asyncio\events.py", line 94, in _run
    self._context.run(self._callback, *self._args)
    ~~~~~~~~~~~~~~~~~^^^^^^^^^^^^^^^^^^^^^^^^^^^^^
  File "C:\Python314\Lib\asyncio\proactor_events.py", line 165, in _call_connection_lost
    self._sock.shutdown(socket.SHUT_RDWR)
    ~~~~~~~~~~~~~~~~~~~^^^^^^^^^^^^^^^^^^
ConnectionResetError: [WinError 10054] An existing connection was forcibly closed by the remote host
2026-07-27 23:07:54,451 - utils.logging_setup - INFO - [logging_setup.py:15] - setup_logging() - Logging initialized successfully
2026-07-27 23:10:12,466 - __main__ - INFO - [app_refactored.py:85] - load_and_process_data() - Loading data for BTC-USD (1d)
2026-07-27 23:10:12,504 - data_engine - INFO - [data_engine.py:44] - fetch_data() - [BTC-USD] Found cached data. Fetching new data since 2026-07-25...
2026-07-27 23:10:12,505 - yfinance - DEBUG - [utils.py:121] - wrapper() - Entering history()
2026-07-27 23:10:12,517 - peewee - DEBUG - [peewee.py:3775] - execute_sql() - ('CREATE TABLE IF NOT EXISTS "_tz_kv" ("key" VARCHAR(255) NOT NULL PRIMARY KEY, "value" VARCHAR(255)) WITHOUT ROWID', [])
2026-07-27 23:10:12,518 - peewee - DEBUG - [peewee.py:3775] - execute_sql() - ('SELECT "t1"."key", "t1"."value" FROM "_tz_kv" AS "t1" WHERE ("t1"."key" = ?) LIMIT ? OFFSET ?', ['BTC-USD', 1, 0])
2026-07-27 23:10:12,519 - yfinance - DEBUG - [utils.py:121] - wrapper() -  Entering history()
2026-07-27 23:10:12,520 - yfinance - DEBUG - [history.py:205] - history() - BTC-USD: Yahoo GET parameters: {'period1': '2026-07-25 00:00:00+00:00', 'period2': '2026-07-27 17:40:12+00:00', 'interval': '1d', 'includePrePost': False, 'events': 'div,splits,capitalGains'}
2026-07-27 23:10:12,521 - yfinance - DEBUG - [utils.py:121] - wrapper() -   Entering get()
2026-07-27 23:10:12,521 - yfinance - DEBUG - [utils.py:121] - wrapper() -    Entering _make_request()
2026-07-27 23:10:12,521 - yfinance - DEBUG - [data.py:445] - _make_request() - url=https://query2.finance.yahoo.com/v8/finance/chart/BTC-USD
2026-07-27 23:10:12,521 - yfinance - DEBUG - [data.py:446] - _make_request() - params={'period1': 1784937600, 'period2': 1785174012, 'interval': '1d', 'includePrePost': False, 'events': 'div,splits,capitalGains'}
2026-07-27 23:10:12,521 - yfinance - DEBUG - [utils.py:121] - wrapper() -     Entering _get_cookie_and_crumb()
2026-07-27 23:10:12,521 - yfinance - DEBUG - [data.py:401] - _get_cookie_and_crumb() - cookie_mode = 'basic'
2026-07-27 23:10:12,522 - yfinance - DEBUG - [utils.py:121] - wrapper() -      Entering _get_cookie_and_crumb_basic()
2026-07-27 23:10:12,522 - yfinance - DEBUG - [utils.py:121] - wrapper() -       Entering _get_cookie_basic()
2026-07-27 23:10:12,522 - yfinance - DEBUG - [utils.py:121] - wrapper() -        Entering _load_cookie_curlCffi()
2026-07-27 23:10:12,528 - peewee - DEBUG - [peewee.py:3775] - execute_sql() - ('CREATE TABLE IF NOT EXISTS "_cookieschema" ("strategy" VARCHAR(255) NOT NULL PRIMARY KEY, "fetch_date" DATETIME NOT NULL, "cookie_bytes" BLOB NOT NULL) WITHOUT ROWID', [])
2026-07-27 23:10:12,529 - peewee - DEBUG - [peewee.py:3775] - execute_sql() - ('SELECT "t1"."strategy", "t1"."fetch_date", "t1"."cookie_bytes" FROM "_cookieschema" AS "t1" WHERE ("t1"."strategy" = ?) LIMIT ? OFFSET ?', ['curlCffi', 1, 0])
2026-07-27 23:10:12,529 - yfinance - DEBUG - [utils.py:126] - wrapper() -        Exiting _load_cookie_curlCffi()
2026-07-27 23:10:12,530 - yfinance - DEBUG - [data.py:240] - _get_cookie_basic() - reusing persistent cookie
2026-07-27 23:10:12,530 - yfinance - DEBUG - [utils.py:126] - wrapper() -       Exiting _get_cookie_basic()
2026-07-27 23:10:12,530 - yfinance - DEBUG - [utils.py:121] - wrapper() -       Entering _get_crumb_basic()
2026-07-27 23:10:12,530 - yfinance - DEBUG - [utils.py:121] - wrapper() -        Entering _get_cookie_basic()
2026-07-27 23:10:12,530 - yfinance - DEBUG - [data.py:237] - _get_cookie_basic() - reusing cookie
2026-07-27 23:10:12,530 - yfinance - DEBUG - [utils.py:126] - wrapper() -        Exiting _get_cookie_basic()
2026-07-27 23:10:13,193 - yfinance - DEBUG - [data.py:286] - _get_crumb_basic() - crumb = 'jbur8t/XTKw'
2026-07-27 23:10:13,193 - yfinance - DEBUG - [utils.py:126] - wrapper() -       Exiting _get_crumb_basic()
2026-07-27 23:10:13,193 - yfinance - DEBUG - [utils.py:126] - wrapper() -      Exiting _get_cookie_and_crumb_basic()
2026-07-27 23:10:13,194 - yfinance - DEBUG - [utils.py:126] - wrapper() -     Exiting _get_cookie_and_crumb()
2026-07-27 23:10:13,452 - yfinance - DEBUG - [data.py:484] - _make_request() - response code=200
2026-07-27 23:10:13,453 - yfinance - DEBUG - [utils.py:126] - wrapper() -    Exiting _make_request()
2026-07-27 23:10:13,453 - yfinance - DEBUG - [utils.py:126] - wrapper() -   Exiting get()
2026-07-27 23:10:13,458 - yfinance - DEBUG - [history.py:327] - history() - BTC-USD: yfinance received OHLC data: 2026-07-25 00:00:00 -> 2026-07-27 00:00:00
2026-07-27 23:10:13,461 - yfinance - DEBUG - [history.py:359] - history() - BTC-USD: OHLC after cleaning: 2026-07-25 00:00:00+00:00 -> 2026-07-27 00:00:00+00:00
2026-07-27 23:10:13,473 - yfinance - DEBUG - [history.py:454] - history() - BTC-USD: OHLC after combining events: 2026-07-25 00:00:00+00:00 -> 2026-07-27 00:00:00+00:00
2026-07-27 23:10:13,489 - yfinance - DEBUG - [history.py:541] - history() - BTC-USD: yfinance returning OHLC: 2026-07-25 00:00:00+00:00 -> 2026-07-27 00:00:00+00:00
2026-07-27 23:10:13,490 - yfinance - DEBUG - [utils.py:126] - wrapper() -  Exiting history()
2026-07-27 23:10:13,490 - yfinance - DEBUG - [utils.py:126] - wrapper() - Exiting history()
2026-07-27 23:10:13,528 - data_engine - DEBUG - [data_engine.py:59] - fetch_data() - Updated cache for BTC-USD: 731 rows
2026-07-27 23:10:13,618 - features - INFO - [features.py:93] - add_features() - Feature engineering completed: 33 features generated
2026-07-27 23:10:18,390 - __main__ - INFO - [app_refactored.py:107] - load_and_process_data() - Data loading complete for BTC-USD_1d
2026-07-27 23:10:19,331 - portfolio - DEBUG - [portfolio.py:21] - load_portfolio() - Loaded portfolio: 1 positions
2026-07-27 23:10:24,401 - __main__ - INFO - [app_refactored.py:85] - load_and_process_data() - Loading data for BTC-USD (1d)
2026-07-27 23:10:24,435 - data_engine - INFO - [data_engine.py:44] - fetch_data() - [BTC-USD] Found cached data. Fetching new data since 2026-07-25...
2026-07-27 23:10:24,437 - yfinance - DEBUG - [utils.py:121] - wrapper() - Entering history()
2026-07-27 23:10:24,438 - peewee - DEBUG - [peewee.py:3775] - execute_sql() - ('SELECT "t1"."key", "t1"."value" FROM "_tz_kv" AS "t1" WHERE ("t1"."key" = ?) LIMIT ? OFFSET ?', ['BTC-USD', 1, 0])
2026-07-27 23:10:24,451 - yfinance - DEBUG - [utils.py:121] - wrapper() -  Entering history()
2026-07-27 23:10:24,452 - yfinance - DEBUG - [history.py:205] - history() - BTC-USD: Yahoo GET parameters: {'period1': '2026-07-25 00:00:00+00:00', 'period2': '2026-07-27 17:40:24+00:00', 'interval': '1d', 'includePrePost': False, 'events': 'div,splits,capitalGains'}
2026-07-27 23:10:24,453 - yfinance - DEBUG - [utils.py:121] - wrapper() -   Entering get()
2026-07-27 23:10:24,454 - yfinance - DEBUG - [utils.py:121] - wrapper() -    Entering _make_request()
2026-07-27 23:10:24,454 - yfinance - DEBUG - [data.py:445] - _make_request() - url=https://query2.finance.yahoo.com/v8/finance/chart/BTC-USD
2026-07-27 23:10:24,455 - yfinance - DEBUG - [data.py:446] - _make_request() - params={'period1': 1784937600, 'period2': 1785174024, 'interval': '1d', 'includePrePost': False, 'events': 'div,splits,capitalGains'}
2026-07-27 23:10:24,456 - yfinance - DEBUG - [utils.py:121] - wrapper() -     Entering _get_cookie_and_crumb()
2026-07-27 23:10:24,458 - yfinance - DEBUG - [data.py:401] - _get_cookie_and_crumb() - cookie_mode = 'basic'
2026-07-27 23:10:24,459 - yfinance - DEBUG - [utils.py:121] - wrapper() -      Entering _get_cookie_and_crumb_basic()
2026-07-27 23:10:24,460 - yfinance - DEBUG - [utils.py:121] - wrapper() -       Entering _get_cookie_basic()
2026-07-27 23:10:24,461 - yfinance - DEBUG - [data.py:237] - _get_cookie_basic() - reusing cookie
2026-07-27 23:10:24,462 - yfinance - DEBUG - [utils.py:126] - wrapper() -       Exiting _get_cookie_basic()
2026-07-27 23:10:24,462 - yfinance - DEBUG - [utils.py:121] - wrapper() -       Entering _get_crumb_basic()
2026-07-27 23:10:24,464 - yfinance - DEBUG - [data.py:261] - _get_crumb_basic() - reusing crumb
2026-07-27 23:10:24,464 - yfinance - DEBUG - [utils.py:126] - wrapper() -       Exiting _get_crumb_basic()
2026-07-27 23:10:24,465 - yfinance - DEBUG - [utils.py:126] - wrapper() -      Exiting _get_cookie_and_crumb_basic()
2026-07-27 23:10:24,467 - yfinance - DEBUG - [utils.py:126] - wrapper() -     Exiting _get_cookie_and_crumb()
2026-07-27 23:10:24,721 - yfinance - DEBUG - [data.py:484] - _make_request() - response code=200
2026-07-27 23:10:24,722 - yfinance - DEBUG - [utils.py:126] - wrapper() -    Exiting _make_request()
2026-07-27 23:10:24,722 - yfinance - DEBUG - [utils.py:126] - wrapper() -   Exiting get()
2026-07-27 23:10:24,728 - yfinance - DEBUG - [history.py:327] - history() - BTC-USD: yfinance received OHLC data: 2026-07-25 00:00:00 -> 2026-07-27 00:00:00
2026-07-27 23:10:24,732 - yfinance - DEBUG - [history.py:359] - history() - BTC-USD: OHLC after cleaning: 2026-07-25 00:00:00+00:00 -> 2026-07-27 00:00:00+00:00
2026-07-27 23:10:24,741 - yfinance - DEBUG - [history.py:454] - history() - BTC-USD: OHLC after combining events: 2026-07-25 00:00:00+00:00 -> 2026-07-27 00:00:00+00:00
2026-07-27 23:10:24,757 - yfinance - DEBUG - [history.py:541] - history() - BTC-USD: yfinance returning OHLC: 2026-07-25 00:00:00+00:00 -> 2026-07-27 00:00:00+00:00
2026-07-27 23:10:24,757 - yfinance - DEBUG - [utils.py:126] - wrapper() -  Exiting history()
2026-07-27 23:10:24,758 - yfinance - DEBUG - [utils.py:126] - wrapper() - Exiting history()
2026-07-27 23:10:24,787 - data_engine - DEBUG - [data_engine.py:59] - fetch_data() - Updated cache for BTC-USD: 731 rows
2026-07-27 23:10:24,858 - features - INFO - [features.py:93] - add_features() - Feature engineering completed: 33 features generated
2026-07-27 23:10:26,476 - __main__ - INFO - [app_refactored.py:107] - load_and_process_data() - Data loading complete for BTC-USD_1d
2026-07-27 23:10:26,742 - portfolio - DEBUG - [portfolio.py:21] - load_portfolio() - Loaded portfolio: 1 positions
2026-07-27 23:10:30,981 - __main__ - INFO - [app_refactored.py:85] - load_and_process_data() - Loading data for BTC-USD (5m)
2026-07-27 23:10:31,045 - data_engine - INFO - [data_engine.py:44] - fetch_data() - [BTC-USD] Found cached data. Fetching new data since 2026-07-25...
2026-07-27 23:10:31,046 - yfinance - DEBUG - [utils.py:121] - wrapper() - Entering history()
2026-07-27 23:10:31,047 - peewee - DEBUG - [peewee.py:3775] - execute_sql() - ('SELECT "t1"."key", "t1"."value" FROM "_tz_kv" AS "t1" WHERE ("t1"."key" = ?) LIMIT ? OFFSET ?', ['BTC-USD', 1, 0])
2026-07-27 23:10:31,050 - yfinance - DEBUG - [utils.py:121] - wrapper() -  Entering history()
2026-07-27 23:10:31,051 - yfinance - DEBUG - [history.py:205] - history() - BTC-USD: Yahoo GET parameters: {'period1': '2026-07-25 00:00:00+00:00', 'period2': '2026-07-27 17:40:31+00:00', 'interval': '5m', 'includePrePost': False, 'events': 'div,splits,capitalGains'}
2026-07-27 23:10:31,051 - yfinance - DEBUG - [utils.py:121] - wrapper() -   Entering get()
2026-07-27 23:10:31,051 - yfinance - DEBUG - [utils.py:121] - wrapper() -    Entering _make_request()
2026-07-27 23:10:31,051 - yfinance - DEBUG - [data.py:445] - _make_request() - url=https://query2.finance.yahoo.com/v8/finance/chart/BTC-USD
2026-07-27 23:10:31,052 - yfinance - DEBUG - [data.py:446] - _make_request() - params={'period1': 1784937600, 'period2': 1785174031, 'interval': '5m', 'includePrePost': False, 'events': 'div,splits,capitalGains'}
2026-07-27 23:10:31,052 - yfinance - DEBUG - [utils.py:121] - wrapper() -     Entering _get_cookie_and_crumb()
2026-07-27 23:10:31,052 - yfinance - DEBUG - [data.py:401] - _get_cookie_and_crumb() - cookie_mode = 'basic'
2026-07-27 23:10:31,052 - yfinance - DEBUG - [utils.py:121] - wrapper() -      Entering _get_cookie_and_crumb_basic()
2026-07-27 23:10:31,052 - yfinance - DEBUG - [utils.py:121] - wrapper() -       Entering _get_cookie_basic()
2026-07-27 23:10:31,052 - yfinance - DEBUG - [data.py:237] - _get_cookie_basic() - reusing cookie
2026-07-27 23:10:31,052 - yfinance - DEBUG - [utils.py:126] - wrapper() -       Exiting _get_cookie_basic()
2026-07-27 23:10:31,053 - yfinance - DEBUG - [utils.py:121] - wrapper() -       Entering _get_crumb_basic()
2026-07-27 23:10:31,053 - yfinance - DEBUG - [data.py:261] - _get_crumb_basic() - reusing crumb
2026-07-27 23:10:31,053 - yfinance - DEBUG - [utils.py:126] - wrapper() -       Exiting _get_crumb_basic()
2026-07-27 23:10:31,053 - yfinance - DEBUG - [utils.py:126] - wrapper() -      Exiting _get_cookie_and_crumb_basic()
2026-07-27 23:10:31,053 - yfinance - DEBUG - [utils.py:126] - wrapper() -     Exiting _get_cookie_and_crumb()
2026-07-27 23:10:31,359 - yfinance - DEBUG - [data.py:484] - _make_request() - response code=200
2026-07-27 23:10:31,360 - yfinance - DEBUG - [utils.py:126] - wrapper() -    Exiting _make_request()
2026-07-27 23:10:31,360 - yfinance - DEBUG - [utils.py:126] - wrapper() -   Exiting get()
2026-07-27 23:10:31,365 - yfinance - DEBUG - [history.py:327] - history() - BTC-USD: yfinance received OHLC data: 2026-07-25 00:00:00 -> 2026-07-27 17:40:28
2026-07-27 23:10:31,384 - yfinance - DEBUG - [history.py:359] - history() - BTC-USD: OHLC after cleaning: 2026-07-25 00:00:00+00:00 -> 2026-07-27 17:40:28+00:00
2026-07-27 23:10:31,391 - yfinance - DEBUG - [history.py:454] - history() - BTC-USD: OHLC after combining events: 2026-07-25 00:00:00+00:00 -> 2026-07-27 17:40:28+00:00
2026-07-27 23:10:31,413 - yfinance - DEBUG - [history.py:541] - history() - BTC-USD: yfinance returning OHLC: 2026-07-25 00:00:00+00:00 -> 2026-07-27 17:40:00+00:00
2026-07-27 23:10:31,413 - yfinance - DEBUG - [utils.py:126] - wrapper() -  Exiting history()
2026-07-27 23:10:31,414 - yfinance - DEBUG - [utils.py:126] - wrapper() - Exiting history()
2026-07-27 23:10:31,511 - data_engine - DEBUG - [data_engine.py:59] - fetch_data() - Updated cache for BTC-USD: 5109 rows
2026-07-27 23:10:31,747 - features - INFO - [features.py:93] - add_features() - Feature engineering completed: 33 features generated
2026-07-27 23:10:40,062 - __main__ - INFO - [app_refactored.py:107] - load_and_process_data() - Data loading complete for BTC-USD_5m
2026-07-27 23:10:41,038 - portfolio - DEBUG - [portfolio.py:21] - load_portfolio() - Loaded portfolio: 1 positions
2026-07-27 23:11:04,703 - portfolio - DEBUG - [portfolio.py:21] - load_portfolio() - Loaded portfolio: 1 positions
2026-07-27 23:11:09,287 - portfolio - DEBUG - [portfolio.py:21] - load_portfolio() - Loaded portfolio: 1 positions
2026-07-27 23:14:53,763 - utils.logging_setup - INFO - [logging_setup.py:15] - setup_logging() - Logging initialized successfully
2026-07-27 23:14:56,497 - asyncio - ERROR - [base_events.py:1886] - default_exception_handler() - Exception in callback _ProactorBasePipeTransport._call_connection_lost()
handle: <Handle _ProactorBasePipeTransport._call_connection_lost()>
Traceback (most recent call last):
  File "C:\Python314\Lib\asyncio\events.py", line 94, in _run
    self._context.run(self._callback, *self._args)
    ~~~~~~~~~~~~~~~~~^^^^^^^^^^^^^^^^^^^^^^^^^^^^^
  File "C:\Python314\Lib\asyncio\proactor_events.py", line 165, in _call_connection_lost
    self._sock.shutdown(socket.SHUT_RDWR)
    ~~~~~~~~~~~~~~~~~~~^^^^^^^^^^^^^^^^^^
ConnectionResetError: [WinError 10054] An existing connection was forcibly closed by the remote host
2026-07-27 23:14:56,636 - __main__ - INFO - [app_refactored.py:85] - load_and_process_data() - Loading data for BTC-USD (1d)
2026-07-27 23:14:56,660 - data_engine - INFO - [data_engine.py:44] - fetch_data() - [BTC-USD] Found cached data. Fetching new data since 2026-07-25...
2026-07-27 23:14:56,662 - yfinance - DEBUG - [utils.py:121] - wrapper() - Entering history()
2026-07-27 23:14:56,663 - peewee - DEBUG - [peewee.py:3775] - execute_sql() - ('SELECT "t1"."key", "t1"."value" FROM "_tz_kv" AS "t1" WHERE ("t1"."key" = ?) LIMIT ? OFFSET ?', ['BTC-USD', 1, 0])
2026-07-27 23:14:56,671 - yfinance - DEBUG - [utils.py:121] - wrapper() -  Entering history()
2026-07-27 23:14:56,672 - yfinance - DEBUG - [history.py:205] - history() - BTC-USD: Yahoo GET parameters: {'period1': '2026-07-25 00:00:00+00:00', 'period2': '2026-07-27 17:44:56+00:00', 'interval': '1d', 'includePrePost': False, 'events': 'div,splits,capitalGains'}
2026-07-27 23:14:56,673 - yfinance - DEBUG - [utils.py:121] - wrapper() -   Entering get()
2026-07-27 23:14:56,673 - yfinance - DEBUG - [utils.py:121] - wrapper() -    Entering _make_request()
2026-07-27 23:14:56,673 - yfinance - DEBUG - [data.py:445] - _make_request() - url=https://query2.finance.yahoo.com/v8/finance/chart/BTC-USD
2026-07-27 23:14:56,673 - yfinance - DEBUG - [data.py:446] - _make_request() - params={'period1': 1784937600, 'period2': 1785174296, 'interval': '1d', 'includePrePost': False, 'events': 'div,splits,capitalGains'}
2026-07-27 23:14:56,674 - yfinance - DEBUG - [utils.py:121] - wrapper() -     Entering _get_cookie_and_crumb()
2026-07-27 23:14:56,674 - yfinance - DEBUG - [data.py:401] - _get_cookie_and_crumb() - cookie_mode = 'basic'
2026-07-27 23:14:56,674 - yfinance - DEBUG - [utils.py:121] - wrapper() -      Entering _get_cookie_and_crumb_basic()
2026-07-27 23:14:56,674 - yfinance - DEBUG - [utils.py:121] - wrapper() -       Entering _get_cookie_basic()
2026-07-27 23:14:56,674 - yfinance - DEBUG - [data.py:237] - _get_cookie_basic() - reusing cookie
2026-07-27 23:14:56,675 - yfinance - DEBUG - [utils.py:126] - wrapper() -       Exiting _get_cookie_basic()
2026-07-27 23:14:56,675 - yfinance - DEBUG - [utils.py:121] - wrapper() -       Entering _get_crumb_basic()
2026-07-27 23:14:56,675 - yfinance - DEBUG - [data.py:261] - _get_crumb_basic() - reusing crumb
2026-07-27 23:14:56,675 - yfinance - DEBUG - [utils.py:126] - wrapper() -       Exiting _get_crumb_basic()
2026-07-27 23:14:56,675 - yfinance - DEBUG - [utils.py:126] - wrapper() -      Exiting _get_cookie_and_crumb_basic()
2026-07-27 23:14:56,676 - yfinance - DEBUG - [utils.py:126] - wrapper() -     Exiting _get_cookie_and_crumb()
2026-07-27 23:14:56,988 - yfinance - DEBUG - [data.py:484] - _make_request() - response code=200
2026-07-27 23:14:56,989 - yfinance - DEBUG - [utils.py:126] - wrapper() -    Exiting _make_request()
2026-07-27 23:14:56,989 - yfinance - DEBUG - [utils.py:126] - wrapper() -   Exiting get()
2026-07-27 23:14:56,993 - yfinance - DEBUG - [history.py:327] - history() - BTC-USD: yfinance received OHLC data: 2026-07-25 00:00:00 -> 2026-07-27 00:00:00
2026-07-27 23:14:56,996 - yfinance - DEBUG - [history.py:359] - history() - BTC-USD: OHLC after cleaning: 2026-07-25 00:00:00+00:00 -> 2026-07-27 00:00:00+00:00
2026-07-27 23:14:57,006 - yfinance - DEBUG - [history.py:454] - history() - BTC-USD: OHLC after combining events: 2026-07-25 00:00:00+00:00 -> 2026-07-27 00:00:00+00:00
2026-07-27 23:14:57,025 - yfinance - DEBUG - [history.py:541] - history() - BTC-USD: yfinance returning OHLC: 2026-07-25 00:00:00+00:00 -> 2026-07-27 00:00:00+00:00
2026-07-27 23:14:57,026 - yfinance - DEBUG - [utils.py:126] - wrapper() -  Exiting history()
2026-07-27 23:14:57,027 - yfinance - DEBUG - [utils.py:126] - wrapper() - Exiting history()
2026-07-27 23:14:57,062 - data_engine - DEBUG - [data_engine.py:59] - fetch_data() - Updated cache for BTC-USD: 731 rows
2026-07-27 23:14:57,169 - features - INFO - [features.py:93] - add_features() - Feature engineering completed: 33 features generated
2026-07-27 23:14:58,797 - __main__ - INFO - [app_refactored.py:107] - load_and_process_data() - Data loading complete for BTC-USD_1d
2026-07-27 23:14:59,024 - portfolio - DEBUG - [portfolio.py:21] - load_portfolio() - Loaded portfolio: 1 positions
2026-07-27 23:15:09,165 - utils.logging_setup - INFO - [logging_setup.py:15] - setup_logging() - Logging initialized successfully
2026-07-27 23:15:09,262 - features - INFO - [features.py:93] - add_features() - Feature engineering completed: 33 features generated
2026-07-27 23:16:24,096 - __main__ - INFO - [app_refactored.py:85] - load_and_process_data() - Loading data for BTC-USD (1d)
2026-07-27 23:16:24,119 - data_engine - INFO - [data_engine.py:44] - fetch_data() - [BTC-USD] Found cached data. Fetching new data since 2026-07-25...
2026-07-27 23:16:24,121 - yfinance - DEBUG - [utils.py:121] - wrapper() - Entering history()
2026-07-27 23:16:24,122 - peewee - DEBUG - [peewee.py:3775] - execute_sql() - ('SELECT "t1"."key", "t1"."value" FROM "_tz_kv" AS "t1" WHERE ("t1"."key" = ?) LIMIT ? OFFSET ?', ['BTC-USD', 1, 0])
2026-07-27 23:16:24,132 - yfinance - DEBUG - [utils.py:121] - wrapper() -  Entering history()
2026-07-27 23:16:24,133 - yfinance - DEBUG - [history.py:205] - history() - BTC-USD: Yahoo GET parameters: {'period1': '2026-07-25 00:00:00+00:00', 'period2': '2026-07-27 17:46:24+00:00', 'interval': '1d', 'includePrePost': False, 'events': 'div,splits,capitalGains'}
2026-07-27 23:16:24,134 - yfinance - DEBUG - [utils.py:121] - wrapper() -   Entering get()
2026-07-27 23:16:24,134 - yfinance - DEBUG - [utils.py:121] - wrapper() -    Entering _make_request()
2026-07-27 23:16:24,134 - yfinance - DEBUG - [data.py:445] - _make_request() - url=https://query2.finance.yahoo.com/v8/finance/chart/BTC-USD
2026-07-27 23:16:24,135 - yfinance - DEBUG - [data.py:446] - _make_request() - params={'period1': 1784937600, 'period2': 1785174384, 'interval': '1d', 'includePrePost': False, 'events': 'div,splits,capitalGains'}
2026-07-27 23:16:24,135 - yfinance - DEBUG - [utils.py:121] - wrapper() -     Entering _get_cookie_and_crumb()
2026-07-27 23:16:24,135 - yfinance - DEBUG - [data.py:401] - _get_cookie_and_crumb() - cookie_mode = 'basic'
2026-07-27 23:16:24,135 - yfinance - DEBUG - [utils.py:121] - wrapper() -      Entering _get_cookie_and_crumb_basic()
2026-07-27 23:16:24,136 - yfinance - DEBUG - [utils.py:121] - wrapper() -       Entering _get_cookie_basic()
2026-07-27 23:16:24,136 - yfinance - DEBUG - [data.py:237] - _get_cookie_basic() - reusing cookie
2026-07-27 23:16:24,136 - yfinance - DEBUG - [utils.py:126] - wrapper() -       Exiting _get_cookie_basic()
2026-07-27 23:16:24,136 - yfinance - DEBUG - [utils.py:121] - wrapper() -       Entering _get_crumb_basic()
2026-07-27 23:16:24,137 - yfinance - DEBUG - [data.py:261] - _get_crumb_basic() - reusing crumb
2026-07-27 23:16:24,137 - yfinance - DEBUG - [utils.py:126] - wrapper() -       Exiting _get_crumb_basic()
2026-07-27 23:16:24,137 - yfinance - DEBUG - [utils.py:126] - wrapper() -      Exiting _get_cookie_and_crumb_basic()
2026-07-27 23:16:24,137 - yfinance - DEBUG - [utils.py:126] - wrapper() -     Exiting _get_cookie_and_crumb()
2026-07-27 23:16:24,335 - yfinance - DEBUG - [data.py:484] - _make_request() - response code=200
2026-07-27 23:16:24,336 - yfinance - DEBUG - [utils.py:126] - wrapper() -    Exiting _make_request()
2026-07-27 23:16:24,336 - yfinance - DEBUG - [utils.py:126] - wrapper() -   Exiting get()
2026-07-27 23:16:24,341 - yfinance - DEBUG - [history.py:327] - history() - BTC-USD: yfinance received OHLC data: 2026-07-25 00:00:00 -> 2026-07-27 00:00:00
2026-07-27 23:16:24,344 - yfinance - DEBUG - [history.py:359] - history() - BTC-USD: OHLC after cleaning: 2026-07-25 00:00:00+00:00 -> 2026-07-27 00:00:00+00:00
2026-07-27 23:16:24,365 - yfinance - DEBUG - [history.py:454] - history() - BTC-USD: OHLC after combining events: 2026-07-25 00:00:00+00:00 -> 2026-07-27 00:00:00+00:00
2026-07-27 23:16:24,397 - yfinance - DEBUG - [history.py:541] - history() - BTC-USD: yfinance returning OHLC: 2026-07-25 00:00:00+00:00 -> 2026-07-27 00:00:00+00:00
2026-07-27 23:16:24,399 - yfinance - DEBUG - [utils.py:126] - wrapper() -  Exiting history()
2026-07-27 23:16:24,399 - yfinance - DEBUG - [utils.py:126] - wrapper() - Exiting history()
2026-07-27 23:16:24,428 - data_engine - DEBUG - [data_engine.py:59] - fetch_data() - Updated cache for BTC-USD: 731 rows
2026-07-27 23:16:24,511 - features - INFO - [features.py:93] - add_features() - Feature engineering completed: 33 features generated
2026-07-27 23:16:26,590 - __main__ - INFO - [app_refactored.py:107] - load_and_process_data() - Data loading complete for BTC-USD_1d
2026-07-27 23:16:26,849 - portfolio - DEBUG - [portfolio.py:21] - load_portfolio() - Loaded portfolio: 1 positions
2026-07-27 23:16:35,818 - portfolio - DEBUG - [portfolio.py:21] - load_portfolio() - Loaded portfolio: 1 positions
2026-07-27 23:16:44,571 - __main__ - INFO - [app_refactored.py:85] - load_and_process_data() - Loading data for BTC-USD (1d)
2026-07-27 23:16:44,592 - data_engine - INFO - [data_engine.py:44] - fetch_data() - [BTC-USD] Found cached data. Fetching new data since 2026-07-25...
2026-07-27 23:16:44,593 - yfinance - DEBUG - [utils.py:121] - wrapper() - Entering history()
2026-07-27 23:16:44,593 - peewee - DEBUG - [peewee.py:3775] - execute_sql() - ('SELECT "t1"."key", "t1"."value" FROM "_tz_kv" AS "t1" WHERE ("t1"."key" = ?) LIMIT ? OFFSET ?', ['BTC-USD', 1, 0])
2026-07-27 23:16:44,601 - yfinance - DEBUG - [utils.py:121] - wrapper() -  Entering history()
2026-07-27 23:16:44,603 - yfinance - DEBUG - [history.py:205] - history() - BTC-USD: Yahoo GET parameters: {'period1': '2026-07-25 00:00:00+00:00', 'period2': '2026-07-27 17:46:44+00:00', 'interval': '1d', 'includePrePost': False, 'events': 'div,splits,capitalGains'}
2026-07-27 23:16:44,603 - yfinance - DEBUG - [utils.py:121] - wrapper() -   Entering get()
2026-07-27 23:16:44,604 - yfinance - DEBUG - [utils.py:121] - wrapper() -    Entering _make_request()
2026-07-27 23:16:44,604 - yfinance - DEBUG - [data.py:445] - _make_request() - url=https://query2.finance.yahoo.com/v8/finance/chart/BTC-USD
2026-07-27 23:16:44,604 - yfinance - DEBUG - [data.py:446] - _make_request() - params={'period1': 1784937600, 'period2': 1785174404, 'interval': '1d', 'includePrePost': False, 'events': 'div,splits,capitalGains'}
2026-07-27 23:16:44,604 - yfinance - DEBUG - [utils.py:121] - wrapper() -     Entering _get_cookie_and_crumb()
2026-07-27 23:16:44,605 - yfinance - DEBUG - [data.py:401] - _get_cookie_and_crumb() - cookie_mode = 'basic'
2026-07-27 23:16:44,605 - yfinance - DEBUG - [utils.py:121] - wrapper() -      Entering _get_cookie_and_crumb_basic()
2026-07-27 23:16:44,605 - yfinance - DEBUG - [utils.py:121] - wrapper() -       Entering _get_cookie_basic()
2026-07-27 23:16:44,605 - yfinance - DEBUG - [data.py:237] - _get_cookie_basic() - reusing cookie
2026-07-27 23:16:44,605 - yfinance - DEBUG - [utils.py:126] - wrapper() -       Exiting _get_cookie_basic()
2026-07-27 23:16:44,605 - yfinance - DEBUG - [utils.py:121] - wrapper() -       Entering _get_crumb_basic()
2026-07-27 23:16:44,605 - yfinance - DEBUG - [data.py:261] - _get_crumb_basic() - reusing crumb
2026-07-27 23:16:44,605 - yfinance - DEBUG - [utils.py:126] - wrapper() -       Exiting _get_crumb_basic()
2026-07-27 23:16:44,606 - yfinance - DEBUG - [utils.py:126] - wrapper() -      Exiting _get_cookie_and_crumb_basic()
2026-07-27 23:16:44,607 - yfinance - DEBUG - [utils.py:126] - wrapper() -     Exiting _get_cookie_and_crumb()
2026-07-27 23:16:44,801 - yfinance - DEBUG - [data.py:484] - _make_request() - response code=200
2026-07-27 23:16:44,801 - yfinance - DEBUG - [utils.py:126] - wrapper() -    Exiting _make_request()
2026-07-27 23:16:44,802 - yfinance - DEBUG - [utils.py:126] - wrapper() -   Exiting get()
2026-07-27 23:16:44,807 - yfinance - DEBUG - [history.py:327] - history() - BTC-USD: yfinance received OHLC data: 2026-07-25 00:00:00 -> 2026-07-27 00:00:00
2026-07-27 23:16:44,809 - yfinance - DEBUG - [history.py:359] - history() - BTC-USD: OHLC after cleaning: 2026-07-25 00:00:00+00:00 -> 2026-07-27 00:00:00+00:00
2026-07-27 23:16:44,821 - yfinance - DEBUG - [history.py:454] - history() - BTC-USD: OHLC after combining events: 2026-07-25 00:00:00+00:00 -> 2026-07-27 00:00:00+00:00
2026-07-27 23:16:44,843 - yfinance - DEBUG - [history.py:541] - history() - BTC-USD: yfinance returning OHLC: 2026-07-25 00:00:00+00:00 -> 2026-07-27 00:00:00+00:00
2026-07-27 23:16:44,844 - yfinance - DEBUG - [utils.py:126] - wrapper() -  Exiting history()
2026-07-27 23:16:44,844 - yfinance - DEBUG - [utils.py:126] - wrapper() - Exiting history()
2026-07-27 23:16:44,886 - data_engine - DEBUG - [data_engine.py:59] - fetch_data() - Updated cache for BTC-USD: 731 rows
2026-07-27 23:16:44,995 - features - INFO - [features.py:93] - add_features() - Feature engineering completed: 33 features generated
2026-07-27 23:16:46,510 - __main__ - INFO - [app_refactored.py:107] - load_and_process_data() - Data loading complete for BTC-USD_1d
2026-07-27 23:16:46,710 - portfolio - DEBUG - [portfolio.py:21] - load_portfolio() - Loaded portfolio: 1 positions
2026-07-27 23:17:16,650 - __main__ - INFO - [app_refactored.py:85] - load_and_process_data() - Loading data for BTC-USD (1d)
2026-07-27 23:17:16,674 - data_engine - INFO - [data_engine.py:44] - fetch_data() - [BTC-USD] Found cached data. Fetching new data since 2026-07-25...
2026-07-27 23:17:16,675 - yfinance - DEBUG - [utils.py:121] - wrapper() - Entering history()
2026-07-27 23:17:16,677 - peewee - DEBUG - [peewee.py:3775] - execute_sql() - ('SELECT "t1"."key", "t1"."value" FROM "_tz_kv" AS "t1" WHERE ("t1"."key" = ?) LIMIT ? OFFSET ?', ['BTC-USD', 1, 0])
2026-07-27 23:17:16,687 - yfinance - DEBUG - [utils.py:121] - wrapper() -  Entering history()
2026-07-27 23:17:16,689 - yfinance - DEBUG - [history.py:205] - history() - BTC-USD: Yahoo GET parameters: {'period1': '2026-07-25 00:00:00+00:00', 'period2': '2026-07-27 17:47:16+00:00', 'interval': '1d', 'includePrePost': False, 'events': 'div,splits,capitalGains'}
2026-07-27 23:17:16,689 - yfinance - DEBUG - [utils.py:121] - wrapper() -   Entering get()
2026-07-27 23:17:16,690 - yfinance - DEBUG - [utils.py:121] - wrapper() -    Entering _make_request()
2026-07-27 23:17:16,690 - yfinance - DEBUG - [data.py:445] - _make_request() - url=https://query2.finance.yahoo.com/v8/finance/chart/BTC-USD
2026-07-27 23:17:16,691 - yfinance - DEBUG - [data.py:446] - _make_request() - params={'period1': 1784937600, 'period2': 1785174436, 'interval': '1d', 'includePrePost': False, 'events': 'div,splits,capitalGains'}
2026-07-27 23:17:16,692 - yfinance - DEBUG - [utils.py:121] - wrapper() -     Entering _get_cookie_and_crumb()
2026-07-27 23:17:16,692 - yfinance - DEBUG - [data.py:401] - _get_cookie_and_crumb() - cookie_mode = 'basic'
2026-07-27 23:17:16,692 - yfinance - DEBUG - [utils.py:121] - wrapper() -      Entering _get_cookie_and_crumb_basic()
2026-07-27 23:17:16,693 - yfinance - DEBUG - [utils.py:121] - wrapper() -       Entering _get_cookie_basic()
2026-07-27 23:17:16,693 - yfinance - DEBUG - [data.py:237] - _get_cookie_basic() - reusing cookie
2026-07-27 23:17:16,693 - yfinance - DEBUG - [utils.py:126] - wrapper() -       Exiting _get_cookie_basic()
2026-07-27 23:17:16,694 - yfinance - DEBUG - [utils.py:121] - wrapper() -       Entering _get_crumb_basic()
2026-07-27 23:17:16,694 - yfinance - DEBUG - [data.py:261] - _get_crumb_basic() - reusing crumb
2026-07-27 23:17:16,694 - yfinance - DEBUG - [utils.py:126] - wrapper() -       Exiting _get_crumb_basic()
2026-07-27 23:17:16,695 - yfinance - DEBUG - [utils.py:126] - wrapper() -      Exiting _get_cookie_and_crumb_basic()
2026-07-27 23:17:16,695 - yfinance - DEBUG - [utils.py:126] - wrapper() -     Exiting _get_cookie_and_crumb()
2026-07-27 23:17:16,951 - yfinance - DEBUG - [data.py:484] - _make_request() - response code=200
2026-07-27 23:17:16,951 - yfinance - DEBUG - [utils.py:126] - wrapper() -    Exiting _make_request()
2026-07-27 23:17:16,952 - yfinance - DEBUG - [utils.py:126] - wrapper() -   Exiting get()
2026-07-27 23:17:16,956 - yfinance - DEBUG - [history.py:327] - history() - BTC-USD: yfinance received OHLC data: 2026-07-25 00:00:00 -> 2026-07-27 00:00:00
2026-07-27 23:17:16,958 - yfinance - DEBUG - [history.py:359] - history() - BTC-USD: OHLC after cleaning: 2026-07-25 00:00:00+00:00 -> 2026-07-27 00:00:00+00:00
2026-07-27 23:17:16,967 - yfinance - DEBUG - [history.py:454] - history() - BTC-USD: OHLC after combining events: 2026-07-25 00:00:00+00:00 -> 2026-07-27 00:00:00+00:00
2026-07-27 23:17:16,983 - yfinance - DEBUG - [history.py:541] - history() - BTC-USD: yfinance returning OHLC: 2026-07-25 00:00:00+00:00 -> 2026-07-27 00:00:00+00:00
2026-07-27 23:17:16,984 - yfinance - DEBUG - [utils.py:126] - wrapper() -  Exiting history()
2026-07-27 23:17:16,984 - yfinance - DEBUG - [utils.py:126] - wrapper() - Exiting history()
2026-07-27 23:17:17,012 - data_engine - DEBUG - [data_engine.py:59] - fetch_data() - Updated cache for BTC-USD: 731 rows
2026-07-27 23:17:17,099 - features - INFO - [features.py:93] - add_features() - Feature engineering completed: 33 features generated
2026-07-27 23:17:18,672 - __main__ - INFO - [app_refactored.py:107] - load_and_process_data() - Data loading complete for BTC-USD_1d
2026-07-27 23:17:18,933 - portfolio - DEBUG - [portfolio.py:21] - load_portfolio() - Loaded portfolio: 1 positions
2026-07-27 23:21:14,604 - __main__ - INFO - [app_refactored.py:85] - load_and_process_data() - Loading data for BTC-USD (1d)
2026-07-27 23:21:14,631 - data_engine - INFO - [data_engine.py:44] - fetch_data() - [BTC-USD] Found cached data. Fetching new data since 2026-07-25...
2026-07-27 23:21:14,632 - yfinance - DEBUG - [utils.py:121] - wrapper() - Entering history()
2026-07-27 23:21:14,633 - peewee - DEBUG - [peewee.py:3775] - execute_sql() - ('SELECT "t1"."key", "t1"."value" FROM "_tz_kv" AS "t1" WHERE ("t1"."key" = ?) LIMIT ? OFFSET ?', ['BTC-USD', 1, 0])
2026-07-27 23:21:14,638 - yfinance - DEBUG - [utils.py:121] - wrapper() -  Entering history()
2026-07-27 23:21:14,639 - yfinance - DEBUG - [history.py:205] - history() - BTC-USD: Yahoo GET parameters: {'period1': '2026-07-25 00:00:00+00:00', 'period2': '2026-07-27 17:51:14+00:00', 'interval': '1d', 'includePrePost': False, 'events': 'div,splits,capitalGains'}
2026-07-27 23:21:14,640 - yfinance - DEBUG - [utils.py:121] - wrapper() -   Entering get()
2026-07-27 23:21:14,640 - yfinance - DEBUG - [utils.py:121] - wrapper() -    Entering _make_request()
2026-07-27 23:21:14,640 - yfinance - DEBUG - [data.py:445] - _make_request() - url=https://query2.finance.yahoo.com/v8/finance/chart/BTC-USD
2026-07-27 23:21:14,640 - yfinance - DEBUG - [data.py:446] - _make_request() - params={'period1': 1784937600, 'period2': 1785174674, 'interval': '1d', 'includePrePost': False, 'events': 'div,splits,capitalGains'}
2026-07-27 23:21:14,641 - yfinance - DEBUG - [utils.py:121] - wrapper() -     Entering _get_cookie_and_crumb()
2026-07-27 23:21:14,641 - yfinance - DEBUG - [data.py:401] - _get_cookie_and_crumb() - cookie_mode = 'basic'
2026-07-27 23:21:14,641 - yfinance - DEBUG - [utils.py:121] - wrapper() -      Entering _get_cookie_and_crumb_basic()
2026-07-27 23:21:14,641 - yfinance - DEBUG - [utils.py:121] - wrapper() -       Entering _get_cookie_basic()
2026-07-27 23:21:14,642 - yfinance - DEBUG - [data.py:237] - _get_cookie_basic() - reusing cookie
2026-07-27 23:21:14,642 - yfinance - DEBUG - [utils.py:126] - wrapper() -       Exiting _get_cookie_basic()
2026-07-27 23:21:14,642 - yfinance - DEBUG - [utils.py:121] - wrapper() -       Entering _get_crumb_basic()
2026-07-27 23:21:14,642 - yfinance - DEBUG - [data.py:261] - _get_crumb_basic() - reusing crumb
2026-07-27 23:21:14,643 - yfinance - DEBUG - [utils.py:126] - wrapper() -       Exiting _get_crumb_basic()
2026-07-27 23:21:14,643 - yfinance - DEBUG - [utils.py:126] - wrapper() -      Exiting _get_cookie_and_crumb_basic()
2026-07-27 23:21:14,644 - yfinance - DEBUG - [utils.py:126] - wrapper() -     Exiting _get_cookie_and_crumb()
2026-07-27 23:21:14,898 - yfinance - DEBUG - [data.py:484] - _make_request() - response code=200
2026-07-27 23:21:14,899 - yfinance - DEBUG - [utils.py:126] - wrapper() -    Exiting _make_request()
2026-07-27 23:21:14,899 - yfinance - DEBUG - [utils.py:126] - wrapper() -   Exiting get()
2026-07-27 23:21:14,903 - yfinance - DEBUG - [history.py:327] - history() - BTC-USD: yfinance received OHLC data: 2026-07-25 00:00:00 -> 2026-07-27 00:00:00
2026-07-27 23:21:14,905 - yfinance - DEBUG - [history.py:359] - history() - BTC-USD: OHLC after cleaning: 2026-07-25 00:00:00+00:00 -> 2026-07-27 00:00:00+00:00
2026-07-27 23:21:14,915 - yfinance - DEBUG - [history.py:454] - history() - BTC-USD: OHLC after combining events: 2026-07-25 00:00:00+00:00 -> 2026-07-27 00:00:00+00:00
2026-07-27 23:21:14,932 - yfinance - DEBUG - [history.py:541] - history() - BTC-USD: yfinance returning OHLC: 2026-07-25 00:00:00+00:00 -> 2026-07-27 00:00:00+00:00
2026-07-27 23:21:14,933 - yfinance - DEBUG - [utils.py:126] - wrapper() -  Exiting history()
2026-07-27 23:21:14,933 - yfinance - DEBUG - [utils.py:126] - wrapper() - Exiting history()
2026-07-27 23:21:14,974 - data_engine - DEBUG - [data_engine.py:59] - fetch_data() - Updated cache for BTC-USD: 731 rows
2026-07-27 23:21:15,073 - features - INFO - [features.py:93] - add_features() - Feature engineering completed: 33 features generated
2026-07-27 23:21:16,887 - __main__ - INFO - [app_refactored.py:107] - load_and_process_data() - Data loading complete for BTC-USD_1d
2026-07-27 23:21:17,211 - portfolio - DEBUG - [portfolio.py:21] - load_portfolio() - Loaded portfolio: 1 positions
2026-07-27 23:22:37,957 - __main__ - INFO - [app_refactored.py:85] - load_and_process_data() - Loading data for BTC-USD (1d)
2026-07-27 23:22:37,979 - data_engine - INFO - [data_engine.py:44] - fetch_data() - [BTC-USD] Found cached data. Fetching new data since 2026-07-25...
2026-07-27 23:22:37,980 - yfinance - DEBUG - [utils.py:121] - wrapper() - Entering history()
2026-07-27 23:22:37,981 - peewee - DEBUG - [peewee.py:3775] - execute_sql() - ('SELECT "t1"."key", "t1"."value" FROM "_tz_kv" AS "t1" WHERE ("t1"."key" = ?) LIMIT ? OFFSET ?', ['BTC-USD', 1, 0])
2026-07-27 23:22:37,986 - yfinance - DEBUG - [utils.py:121] - wrapper() -  Entering history()
2026-07-27 23:22:37,987 - yfinance - DEBUG - [history.py:205] - history() - BTC-USD: Yahoo GET parameters: {'period1': '2026-07-25 00:00:00+00:00', 'period2': '2026-07-27 17:52:37+00:00', 'interval': '1d', 'includePrePost': False, 'events': 'div,splits,capitalGains'}
2026-07-27 23:22:37,987 - yfinance - DEBUG - [utils.py:121] - wrapper() -   Entering get()
2026-07-27 23:22:37,988 - yfinance - DEBUG - [utils.py:121] - wrapper() -    Entering _make_request()
2026-07-27 23:22:37,988 - yfinance - DEBUG - [data.py:445] - _make_request() - url=https://query2.finance.yahoo.com/v8/finance/chart/BTC-USD
2026-07-27 23:22:37,988 - yfinance - DEBUG - [data.py:446] - _make_request() - params={'period1': 1784937600, 'period2': 1785174757, 'interval': '1d', 'includePrePost': False, 'events': 'div,splits,capitalGains'}
2026-07-27 23:22:37,988 - yfinance - DEBUG - [utils.py:121] - wrapper() -     Entering _get_cookie_and_crumb()
2026-07-27 23:22:37,988 - yfinance - DEBUG - [data.py:401] - _get_cookie_and_crumb() - cookie_mode = 'basic'
2026-07-27 23:22:37,989 - yfinance - DEBUG - [utils.py:121] - wrapper() -      Entering _get_cookie_and_crumb_basic()
2026-07-27 23:22:37,989 - yfinance - DEBUG - [utils.py:121] - wrapper() -       Entering _get_cookie_basic()
2026-07-27 23:22:37,989 - yfinance - DEBUG - [data.py:237] - _get_cookie_basic() - reusing cookie
2026-07-27 23:22:37,989 - yfinance - DEBUG - [utils.py:126] - wrapper() -       Exiting _get_cookie_basic()
2026-07-27 23:22:37,989 - yfinance - DEBUG - [utils.py:121] - wrapper() -       Entering _get_crumb_basic()
2026-07-27 23:22:37,990 - yfinance - DEBUG - [data.py:261] - _get_crumb_basic() - reusing crumb
2026-07-27 23:22:37,990 - yfinance - DEBUG - [utils.py:126] - wrapper() -       Exiting _get_crumb_basic()
2026-07-27 23:22:37,990 - yfinance - DEBUG - [utils.py:126] - wrapper() -      Exiting _get_cookie_and_crumb_basic()
2026-07-27 23:22:37,990 - yfinance - DEBUG - [utils.py:126] - wrapper() -     Exiting _get_cookie_and_crumb()
2026-07-27 23:22:38,204 - yfinance - DEBUG - [data.py:484] - _make_request() - response code=200
2026-07-27 23:22:38,205 - yfinance - DEBUG - [utils.py:126] - wrapper() -    Exiting _make_request()
2026-07-27 23:22:38,205 - yfinance - DEBUG - [utils.py:126] - wrapper() -   Exiting get()
2026-07-27 23:22:38,209 - yfinance - DEBUG - [history.py:327] - history() - BTC-USD: yfinance received OHLC data: 2026-07-25 00:00:00 -> 2026-07-27 00:00:00
2026-07-27 23:22:38,211 - yfinance - DEBUG - [history.py:359] - history() - BTC-USD: OHLC after cleaning: 2026-07-25 00:00:00+00:00 -> 2026-07-27 00:00:00+00:00
2026-07-27 23:22:38,220 - yfinance - DEBUG - [history.py:454] - history() - BTC-USD: OHLC after combining events: 2026-07-25 00:00:00+00:00 -> 2026-07-27 00:00:00+00:00
2026-07-27 23:22:38,236 - yfinance - DEBUG - [history.py:541] - history() - BTC-USD: yfinance returning OHLC: 2026-07-25 00:00:00+00:00 -> 2026-07-27 00:00:00+00:00
2026-07-27 23:22:38,237 - yfinance - DEBUG - [utils.py:126] - wrapper() -  Exiting history()
2026-07-27 23:22:38,237 - yfinance - DEBUG - [utils.py:126] - wrapper() - Exiting history()
2026-07-27 23:22:38,272 - data_engine - DEBUG - [data_engine.py:59] - fetch_data() - Updated cache for BTC-USD: 731 rows
2026-07-27 23:22:38,367 - features - INFO - [features.py:93] - add_features() - Feature engineering completed: 33 features generated
2026-07-27 23:22:40,029 - __main__ - INFO - [app_refactored.py:107] - load_and_process_data() - Data loading complete for BTC-USD_1d
2026-07-27 23:22:40,310 - portfolio - DEBUG - [portfolio.py:21] - load_portfolio() - Loaded portfolio: 1 positions
2026-07-27 23:23:53,491 - __main__ - INFO - [app_refactored.py:85] - load_and_process_data() - Loading data for BTC-USD (1d)
2026-07-27 23:23:53,513 - data_engine - INFO - [data_engine.py:44] - fetch_data() - [BTC-USD] Found cached data. Fetching new data since 2026-07-25...
2026-07-27 23:23:53,514 - yfinance - DEBUG - [utils.py:121] - wrapper() - Entering history()
2026-07-27 23:23:53,516 - peewee - DEBUG - [peewee.py:3775] - execute_sql() - ('SELECT "t1"."key", "t1"."value" FROM "_tz_kv" AS "t1" WHERE ("t1"."key" = ?) LIMIT ? OFFSET ?', ['BTC-USD', 1, 0])
2026-07-27 23:23:53,521 - yfinance - DEBUG - [utils.py:121] - wrapper() -  Entering history()
2026-07-27 23:23:53,522 - yfinance - DEBUG - [history.py:205] - history() - BTC-USD: Yahoo GET parameters: {'period1': '2026-07-25 00:00:00+00:00', 'period2': '2026-07-27 17:53:53+00:00', 'interval': '1d', 'includePrePost': False, 'events': 'div,splits,capitalGains'}
2026-07-27 23:23:53,523 - yfinance - DEBUG - [utils.py:121] - wrapper() -   Entering get()
2026-07-27 23:23:53,523 - yfinance - DEBUG - [utils.py:121] - wrapper() -    Entering _make_request()
2026-07-27 23:23:53,523 - yfinance - DEBUG - [data.py:445] - _make_request() - url=https://query2.finance.yahoo.com/v8/finance/chart/BTC-USD
2026-07-27 23:23:53,523 - yfinance - DEBUG - [data.py:446] - _make_request() - params={'period1': 1784937600, 'period2': 1785174833, 'interval': '1d', 'includePrePost': False, 'events': 'div,splits,capitalGains'}
2026-07-27 23:23:53,524 - yfinance - DEBUG - [utils.py:121] - wrapper() -     Entering _get_cookie_and_crumb()
2026-07-27 23:23:53,524 - yfinance - DEBUG - [data.py:401] - _get_cookie_and_crumb() - cookie_mode = 'basic'
2026-07-27 23:23:53,524 - yfinance - DEBUG - [utils.py:121] - wrapper() -      Entering _get_cookie_and_crumb_basic()
2026-07-27 23:23:53,524 - yfinance - DEBUG - [utils.py:121] - wrapper() -       Entering _get_cookie_basic()
2026-07-27 23:23:53,524 - yfinance - DEBUG - [data.py:237] - _get_cookie_basic() - reusing cookie
2026-07-27 23:23:53,525 - yfinance - DEBUG - [utils.py:126] - wrapper() -       Exiting _get_cookie_basic()
2026-07-27 23:23:53,525 - yfinance - DEBUG - [utils.py:121] - wrapper() -       Entering _get_crumb_basic()
2026-07-27 23:23:53,525 - yfinance - DEBUG - [data.py:261] - _get_crumb_basic() - reusing crumb
2026-07-27 23:23:53,525 - yfinance - DEBUG - [utils.py:126] - wrapper() -       Exiting _get_crumb_basic()
2026-07-27 23:23:53,525 - yfinance - DEBUG - [utils.py:126] - wrapper() -      Exiting _get_cookie_and_crumb_basic()
2026-07-27 23:23:53,526 - yfinance - DEBUG - [utils.py:126] - wrapper() -     Exiting _get_cookie_and_crumb()
2026-07-27 23:23:53,752 - yfinance - DEBUG - [data.py:484] - _make_request() - response code=200
2026-07-27 23:23:53,753 - yfinance - DEBUG - [utils.py:126] - wrapper() -    Exiting _make_request()
2026-07-27 23:23:53,753 - yfinance - DEBUG - [utils.py:126] - wrapper() -   Exiting get()
2026-07-27 23:23:53,757 - yfinance - DEBUG - [history.py:327] - history() - BTC-USD: yfinance received OHLC data: 2026-07-25 00:00:00 -> 2026-07-27 00:00:00
2026-07-27 23:23:53,760 - yfinance - DEBUG - [history.py:359] - history() - BTC-USD: OHLC after cleaning: 2026-07-25 00:00:00+00:00 -> 2026-07-27 00:00:00+00:00
2026-07-27 23:23:53,770 - yfinance - DEBUG - [history.py:454] - history() - BTC-USD: OHLC after combining events: 2026-07-25 00:00:00+00:00 -> 2026-07-27 00:00:00+00:00
2026-07-27 23:23:53,787 - yfinance - DEBUG - [history.py:541] - history() - BTC-USD: yfinance returning OHLC: 2026-07-25 00:00:00+00:00 -> 2026-07-27 00:00:00+00:00
2026-07-27 23:23:53,787 - yfinance - DEBUG - [utils.py:126] - wrapper() -  Exiting history()
2026-07-27 23:23:53,788 - yfinance - DEBUG - [utils.py:126] - wrapper() - Exiting history()
2026-07-27 23:23:53,820 - data_engine - DEBUG - [data_engine.py:59] - fetch_data() - Updated cache for BTC-USD: 731 rows
2026-07-27 23:23:53,906 - features - INFO - [features.py:93] - add_features() - Feature engineering completed: 33 features generated
2026-07-27 23:23:55,534 - __main__ - INFO - [app_refactored.py:107] - load_and_process_data() - Data loading complete for BTC-USD_1d
2026-07-27 23:23:55,800 - portfolio - DEBUG - [portfolio.py:21] - load_portfolio() - Loaded portfolio: 1 positions
2026-07-27 23:24:32,285 - __main__ - INFO - [app_refactored.py:85] - load_and_process_data() - Loading data for BTC-USD (1d)
2026-07-27 23:24:32,307 - data_engine - INFO - [data_engine.py:44] - fetch_data() - [BTC-USD] Found cached data. Fetching new data since 2026-07-25...
2026-07-27 23:24:32,309 - yfinance - DEBUG - [utils.py:121] - wrapper() - Entering history()
2026-07-27 23:24:32,310 - peewee - DEBUG - [peewee.py:3775] - execute_sql() - ('SELECT "t1"."key", "t1"."value" FROM "_tz_kv" AS "t1" WHERE ("t1"."key" = ?) LIMIT ? OFFSET ?', ['BTC-USD', 1, 0])
2026-07-27 23:24:32,317 - yfinance - DEBUG - [utils.py:121] - wrapper() -  Entering history()
2026-07-27 23:24:32,317 - yfinance - DEBUG - [history.py:205] - history() - BTC-USD: Yahoo GET parameters: {'period1': '2026-07-25 00:00:00+00:00', 'period2': '2026-07-27 17:54:32+00:00', 'interval': '1d', 'includePrePost': False, 'events': 'div,splits,capitalGains'}
2026-07-27 23:24:32,318 - yfinance - DEBUG - [utils.py:121] - wrapper() -   Entering get()
2026-07-27 23:24:32,318 - yfinance - DEBUG - [utils.py:121] - wrapper() -    Entering _make_request()
2026-07-27 23:24:32,318 - yfinance - DEBUG - [data.py:445] - _make_request() - url=https://query2.finance.yahoo.com/v8/finance/chart/BTC-USD
2026-07-27 23:24:32,319 - yfinance - DEBUG - [data.py:446] - _make_request() - params={'period1': 1784937600, 'period2': 1785174872, 'interval': '1d', 'includePrePost': False, 'events': 'div,splits,capitalGains'}
2026-07-27 23:24:32,319 - yfinance - DEBUG - [utils.py:121] - wrapper() -     Entering _get_cookie_and_crumb()
2026-07-27 23:24:32,319 - yfinance - DEBUG - [data.py:401] - _get_cookie_and_crumb() - cookie_mode = 'basic'
2026-07-27 23:24:32,319 - yfinance - DEBUG - [utils.py:121] - wrapper() -      Entering _get_cookie_and_crumb_basic()
2026-07-27 23:24:32,319 - yfinance - DEBUG - [utils.py:121] - wrapper() -       Entering _get_cookie_basic()
2026-07-27 23:24:32,320 - yfinance - DEBUG - [data.py:237] - _get_cookie_basic() - reusing cookie
2026-07-27 23:24:32,320 - yfinance - DEBUG - [utils.py:126] - wrapper() -       Exiting _get_cookie_basic()
2026-07-27 23:24:32,320 - yfinance - DEBUG - [utils.py:121] - wrapper() -       Entering _get_crumb_basic()
2026-07-27 23:24:32,320 - yfinance - DEBUG - [data.py:261] - _get_crumb_basic() - reusing crumb
2026-07-27 23:24:32,320 - yfinance - DEBUG - [utils.py:126] - wrapper() -       Exiting _get_crumb_basic()
2026-07-27 23:24:32,320 - yfinance - DEBUG - [utils.py:126] - wrapper() -      Exiting _get_cookie_and_crumb_basic()
2026-07-27 23:24:32,321 - yfinance - DEBUG - [utils.py:126] - wrapper() -     Exiting _get_cookie_and_crumb()
2026-07-27 23:24:32,557 - yfinance - DEBUG - [data.py:484] - _make_request() - response code=200
2026-07-27 23:24:32,557 - yfinance - DEBUG - [utils.py:126] - wrapper() -    Exiting _make_request()
2026-07-27 23:24:32,557 - yfinance - DEBUG - [utils.py:126] - wrapper() -   Exiting get()
2026-07-27 23:24:32,560 - yfinance - DEBUG - [history.py:327] - history() - BTC-USD: yfinance received OHLC data: 2026-07-25 00:00:00 -> 2026-07-27 00:00:00
2026-07-27 23:24:32,562 - yfinance - DEBUG - [history.py:359] - history() - BTC-USD: OHLC after cleaning: 2026-07-25 00:00:00+00:00 -> 2026-07-27 00:00:00+00:00
2026-07-27 23:24:32,569 - yfinance - DEBUG - [history.py:454] - history() - BTC-USD: OHLC after combining events: 2026-07-25 00:00:00+00:00 -> 2026-07-27 00:00:00+00:00
2026-07-27 23:24:32,586 - yfinance - DEBUG - [history.py:541] - history() - BTC-USD: yfinance returning OHLC: 2026-07-25 00:00:00+00:00 -> 2026-07-27 00:00:00+00:00
2026-07-27 23:24:32,587 - yfinance - DEBUG - [utils.py:126] - wrapper() -  Exiting history()
2026-07-27 23:24:32,587 - yfinance - DEBUG - [utils.py:126] - wrapper() - Exiting history()
2026-07-27 23:24:32,620 - data_engine - DEBUG - [data_engine.py:59] - fetch_data() - Updated cache for BTC-USD: 731 rows
2026-07-27 23:24:32,721 - features - INFO - [features.py:93] - add_features() - Feature engineering completed: 33 features generated
2026-07-27 23:24:34,342 - __main__ - INFO - [app_refactored.py:107] - load_and_process_data() - Data loading complete for BTC-USD_1d
2026-07-27 23:24:34,630 - portfolio - DEBUG - [portfolio.py:21] - load_portfolio() - Loaded portfolio: 1 positions
2026-07-27 23:24:40,522 - __main__ - INFO - [app_refactored.py:85] - load_and_process_data() - Loading data for BTC-USD (1d)
2026-07-27 23:24:40,546 - data_engine - INFO - [data_engine.py:44] - fetch_data() - [BTC-USD] Found cached data. Fetching new data since 2026-07-25...
2026-07-27 23:24:40,547 - yfinance - DEBUG - [utils.py:121] - wrapper() - Entering history()
2026-07-27 23:24:40,548 - peewee - DEBUG - [peewee.py:3775] - execute_sql() - ('SELECT "t1"."key", "t1"."value" FROM "_tz_kv" AS "t1" WHERE ("t1"."key" = ?) LIMIT ? OFFSET ?', ['BTC-USD', 1, 0])
2026-07-27 23:24:40,553 - yfinance - DEBUG - [utils.py:121] - wrapper() -  Entering history()
2026-07-27 23:24:40,554 - yfinance - DEBUG - [history.py:205] - history() - BTC-USD: Yahoo GET parameters: {'period1': '2026-07-25 00:00:00+00:00', 'period2': '2026-07-27 17:54:40+00:00', 'interval': '1d', 'includePrePost': False, 'events': 'div,splits,capitalGains'}
2026-07-27 23:24:40,554 - yfinance - DEBUG - [utils.py:121] - wrapper() -   Entering get()
2026-07-27 23:24:40,555 - yfinance - DEBUG - [utils.py:121] - wrapper() -    Entering _make_request()
2026-07-27 23:24:40,555 - yfinance - DEBUG - [data.py:445] - _make_request() - url=https://query2.finance.yahoo.com/v8/finance/chart/BTC-USD
2026-07-27 23:24:40,555 - yfinance - DEBUG - [data.py:446] - _make_request() - params={'period1': 1784937600, 'period2': 1785174880, 'interval': '1d', 'includePrePost': False, 'events': 'div,splits,capitalGains'}
2026-07-27 23:24:40,556 - yfinance - DEBUG - [utils.py:121] - wrapper() -     Entering _get_cookie_and_crumb()
2026-07-27 23:24:40,556 - yfinance - DEBUG - [data.py:401] - _get_cookie_and_crumb() - cookie_mode = 'basic'
2026-07-27 23:24:40,557 - yfinance - DEBUG - [utils.py:121] - wrapper() -      Entering _get_cookie_and_crumb_basic()
2026-07-27 23:24:40,557 - yfinance - DEBUG - [utils.py:121] - wrapper() -       Entering _get_cookie_basic()
2026-07-27 23:24:40,557 - yfinance - DEBUG - [data.py:237] - _get_cookie_basic() - reusing cookie
2026-07-27 23:24:40,557 - yfinance - DEBUG - [utils.py:126] - wrapper() -       Exiting _get_cookie_basic()
2026-07-27 23:24:40,557 - yfinance - DEBUG - [utils.py:121] - wrapper() -       Entering _get_crumb_basic()
2026-07-27 23:24:40,558 - yfinance - DEBUG - [data.py:261] - _get_crumb_basic() - reusing crumb
2026-07-27 23:24:40,558 - yfinance - DEBUG - [utils.py:126] - wrapper() -       Exiting _get_crumb_basic()
2026-07-27 23:24:40,558 - yfinance - DEBUG - [utils.py:126] - wrapper() -      Exiting _get_cookie_and_crumb_basic()
2026-07-27 23:24:40,558 - yfinance - DEBUG - [utils.py:126] - wrapper() -     Exiting _get_cookie_and_crumb()
2026-07-27 23:24:40,851 - yfinance - DEBUG - [data.py:484] - _make_request() - response code=200
2026-07-27 23:24:40,852 - yfinance - DEBUG - [utils.py:126] - wrapper() -    Exiting _make_request()
2026-07-27 23:24:40,852 - yfinance - DEBUG - [utils.py:126] - wrapper() -   Exiting get()
2026-07-27 23:24:40,856 - yfinance - DEBUG - [history.py:327] - history() - BTC-USD: yfinance received OHLC data: 2026-07-25 00:00:00 -> 2026-07-27 00:00:00
2026-07-27 23:24:40,859 - yfinance - DEBUG - [history.py:359] - history() - BTC-USD: OHLC after cleaning: 2026-07-25 00:00:00+00:00 -> 2026-07-27 00:00:00+00:00
2026-07-27 23:24:40,868 - yfinance - DEBUG - [history.py:454] - history() - BTC-USD: OHLC after combining events: 2026-07-25 00:00:00+00:00 -> 2026-07-27 00:00:00+00:00
2026-07-27 23:24:40,889 - yfinance - DEBUG - [history.py:541] - history() - BTC-USD: yfinance returning OHLC: 2026-07-25 00:00:00+00:00 -> 2026-07-27 00:00:00+00:00
2026-07-27 23:24:40,890 - yfinance - DEBUG - [utils.py:126] - wrapper() -  Exiting history()
2026-07-27 23:24:40,890 - yfinance - DEBUG - [utils.py:126] - wrapper() - Exiting history()
2026-07-27 23:24:40,929 - data_engine - DEBUG - [data_engine.py:59] - fetch_data() - Updated cache for BTC-USD: 731 rows
2026-07-27 23:24:41,014 - features - INFO - [features.py:93] - add_features() - Feature engineering completed: 33 features generated
2026-07-27 23:24:42,846 - __main__ - INFO - [app_refactored.py:107] - load_and_process_data() - Data loading complete for BTC-USD_1d
2026-07-27 23:24:43,143 - portfolio - DEBUG - [portfolio.py:21] - load_portfolio() - Loaded portfolio: 1 positions
2026-07-27 23:24:49,933 - __main__ - INFO - [app_refactored.py:85] - load_and_process_data() - Loading data for BTC-USD (1d)
2026-07-27 23:24:49,956 - data_engine - INFO - [data_engine.py:44] - fetch_data() - [BTC-USD] Found cached data. Fetching new data since 2026-07-25...
2026-07-27 23:24:49,957 - yfinance - DEBUG - [utils.py:121] - wrapper() - Entering history()
2026-07-27 23:24:49,959 - peewee - DEBUG - [peewee.py:3775] - execute_sql() - ('SELECT "t1"."key", "t1"."value" FROM "_tz_kv" AS "t1" WHERE ("t1"."key" = ?) LIMIT ? OFFSET ?', ['BTC-USD', 1, 0])
2026-07-27 23:24:49,964 - yfinance - DEBUG - [utils.py:121] - wrapper() -  Entering history()
2026-07-27 23:24:49,965 - yfinance - DEBUG - [history.py:205] - history() - BTC-USD: Yahoo GET parameters: {'period1': '2026-07-25 00:00:00+00:00', 'period2': '2026-07-27 17:54:49+00:00', 'interval': '1d', 'includePrePost': False, 'events': 'div,splits,capitalGains'}
2026-07-27 23:24:49,965 - yfinance - DEBUG - [utils.py:121] - wrapper() -   Entering get()
2026-07-27 23:24:49,965 - yfinance - DEBUG - [utils.py:121] - wrapper() -    Entering _make_request()
2026-07-27 23:24:49,966 - yfinance - DEBUG - [data.py:445] - _make_request() - url=https://query2.finance.yahoo.com/v8/finance/chart/BTC-USD
2026-07-27 23:24:49,966 - yfinance - DEBUG - [data.py:446] - _make_request() - params={'period1': 1784937600, 'period2': 1785174889, 'interval': '1d', 'includePrePost': False, 'events': 'div,splits,capitalGains'}
2026-07-27 23:24:49,966 - yfinance - DEBUG - [utils.py:121] - wrapper() -     Entering _get_cookie_and_crumb()
2026-07-27 23:24:49,967 - yfinance - DEBUG - [data.py:401] - _get_cookie_and_crumb() - cookie_mode = 'basic'
2026-07-27 23:24:49,967 - yfinance - DEBUG - [utils.py:121] - wrapper() -      Entering _get_cookie_and_crumb_basic()
2026-07-27 23:24:49,967 - yfinance - DEBUG - [utils.py:121] - wrapper() -       Entering _get_cookie_basic()
2026-07-27 23:24:49,967 - yfinance - DEBUG - [data.py:237] - _get_cookie_basic() - reusing cookie
2026-07-27 23:24:49,967 - yfinance - DEBUG - [utils.py:126] - wrapper() -       Exiting _get_cookie_basic()
2026-07-27 23:24:49,967 - yfinance - DEBUG - [utils.py:121] - wrapper() -       Entering _get_crumb_basic()
2026-07-27 23:24:49,967 - yfinance - DEBUG - [data.py:261] - _get_crumb_basic() - reusing crumb
2026-07-27 23:24:49,967 - yfinance - DEBUG - [utils.py:126] - wrapper() -       Exiting _get_crumb_basic()
2026-07-27 23:24:49,967 - yfinance - DEBUG - [utils.py:126] - wrapper() -      Exiting _get_cookie_and_crumb_basic()
2026-07-27 23:24:49,968 - yfinance - DEBUG - [utils.py:126] - wrapper() -     Exiting _get_cookie_and_crumb()
2026-07-27 23:24:50,193 - yfinance - DEBUG - [data.py:484] - _make_request() - response code=200
2026-07-27 23:24:50,193 - yfinance - DEBUG - [utils.py:126] - wrapper() -    Exiting _make_request()
2026-07-27 23:24:50,194 - yfinance - DEBUG - [utils.py:126] - wrapper() -   Exiting get()
2026-07-27 23:24:50,197 - yfinance - DEBUG - [history.py:327] - history() - BTC-USD: yfinance received OHLC data: 2026-07-25 00:00:00 -> 2026-07-27 00:00:00
2026-07-27 23:24:50,199 - yfinance - DEBUG - [history.py:359] - history() - BTC-USD: OHLC after cleaning: 2026-07-25 00:00:00+00:00 -> 2026-07-27 00:00:00+00:00
2026-07-27 23:24:50,206 - yfinance - DEBUG - [history.py:454] - history() - BTC-USD: OHLC after combining events: 2026-07-25 00:00:00+00:00 -> 2026-07-27 00:00:00+00:00
2026-07-27 23:24:50,224 - yfinance - DEBUG - [history.py:541] - history() - BTC-USD: yfinance returning OHLC: 2026-07-25 00:00:00+00:00 -> 2026-07-27 00:00:00+00:00
2026-07-27 23:24:50,224 - yfinance - DEBUG - [utils.py:126] - wrapper() -  Exiting history()
2026-07-27 23:24:50,225 - yfinance - DEBUG - [utils.py:126] - wrapper() - Exiting history()
2026-07-27 23:24:50,254 - data_engine - DEBUG - [data_engine.py:59] - fetch_data() - Updated cache for BTC-USD: 731 rows
2026-07-27 23:24:50,325 - features - INFO - [features.py:93] - add_features() - Feature engineering completed: 33 features generated
2026-07-27 23:24:51,873 - __main__ - INFO - [app_refactored.py:107] - load_and_process_data() - Data loading complete for BTC-USD_1d
2026-07-27 23:24:52,139 - portfolio - DEBUG - [portfolio.py:21] - load_portfolio() - Loaded portfolio: 1 positions
2026-07-27 23:26:09,362 - asyncio - ERROR - [base_events.py:1886] - default_exception_handler() - Exception in callback _ProactorBasePipeTransport._call_connection_lost()
handle: <Handle _ProactorBasePipeTransport._call_connection_lost()>
Traceback (most recent call last):
  File "C:\Python314\Lib\asyncio\events.py", line 94, in _run
    self._context.run(self._callback, *self._args)
    ~~~~~~~~~~~~~~~~~^^^^^^^^^^^^^^^^^^^^^^^^^^^^^
  File "C:\Python314\Lib\asyncio\proactor_events.py", line 165, in _call_connection_lost
    self._sock.shutdown(socket.SHUT_RDWR)
    ~~~~~~~~~~~~~~~~~~~^^^^^^^^^^^^^^^^^^
ConnectionResetError: [WinError 10054] An existing connection was forcibly closed by the remote host
2026-07-27 23:26:09,702 - __main__ - INFO - [app_refactored.py:85] - load_and_process_data() - Loading data for BTC-USD (1d)
2026-07-27 23:26:09,724 - data_engine - INFO - [data_engine.py:44] - fetch_data() - [BTC-USD] Found cached data. Fetching new data since 2026-07-25...
2026-07-27 23:26:09,725 - yfinance - DEBUG - [utils.py:121] - wrapper() - Entering history()
2026-07-27 23:26:09,727 - peewee - DEBUG - [peewee.py:3775] - execute_sql() - ('SELECT "t1"."key", "t1"."value" FROM "_tz_kv" AS "t1" WHERE ("t1"."key" = ?) LIMIT ? OFFSET ?', ['BTC-USD', 1, 0])
2026-07-27 23:26:09,733 - yfinance - DEBUG - [utils.py:121] - wrapper() -  Entering history()
2026-07-27 23:26:09,734 - yfinance - DEBUG - [history.py:205] - history() - BTC-USD: Yahoo GET parameters: {'period1': '2026-07-25 00:00:00+00:00', 'period2': '2026-07-27 17:56:09+00:00', 'interval': '1d', 'includePrePost': False, 'events': 'div,splits,capitalGains'}
2026-07-27 23:26:09,734 - yfinance - DEBUG - [utils.py:121] - wrapper() -   Entering get()
2026-07-27 23:26:09,735 - yfinance - DEBUG - [utils.py:121] - wrapper() -    Entering _make_request()
2026-07-27 23:26:09,735 - yfinance - DEBUG - [data.py:445] - _make_request() - url=https://query2.finance.yahoo.com/v8/finance/chart/BTC-USD
2026-07-27 23:26:09,735 - yfinance - DEBUG - [data.py:446] - _make_request() - params={'period1': 1784937600, 'period2': 1785174969, 'interval': '1d', 'includePrePost': False, 'events': 'div,splits,capitalGains'}
2026-07-27 23:26:09,735 - yfinance - DEBUG - [utils.py:121] - wrapper() -     Entering _get_cookie_and_crumb()
2026-07-27 23:26:09,736 - yfinance - DEBUG - [data.py:401] - _get_cookie_and_crumb() - cookie_mode = 'basic'
2026-07-27 23:26:09,736 - yfinance - DEBUG - [utils.py:121] - wrapper() -      Entering _get_cookie_and_crumb_basic()
2026-07-27 23:26:09,736 - yfinance - DEBUG - [utils.py:121] - wrapper() -       Entering _get_cookie_basic()
2026-07-27 23:26:09,736 - yfinance - DEBUG - [data.py:237] - _get_cookie_basic() - reusing cookie
2026-07-27 23:26:09,737 - yfinance - DEBUG - [utils.py:126] - wrapper() -       Exiting _get_cookie_basic()
2026-07-27 23:26:09,737 - yfinance - DEBUG - [utils.py:121] - wrapper() -       Entering _get_crumb_basic()
2026-07-27 23:26:09,737 - yfinance - DEBUG - [data.py:261] - _get_crumb_basic() - reusing crumb
2026-07-27 23:26:09,737 - yfinance - DEBUG - [utils.py:126] - wrapper() -       Exiting _get_crumb_basic()
2026-07-27 23:26:09,737 - yfinance - DEBUG - [utils.py:126] - wrapper() -      Exiting _get_cookie_and_crumb_basic()
2026-07-27 23:26:09,738 - yfinance - DEBUG - [utils.py:126] - wrapper() -     Exiting _get_cookie_and_crumb()
2026-07-27 23:26:10,004 - yfinance - DEBUG - [data.py:484] - _make_request() - response code=200
2026-07-27 23:26:10,005 - yfinance - DEBUG - [utils.py:126] - wrapper() -    Exiting _make_request()
2026-07-27 23:26:10,006 - yfinance - DEBUG - [utils.py:126] - wrapper() -   Exiting get()
2026-07-27 23:26:10,010 - yfinance - DEBUG - [history.py:327] - history() - BTC-USD: yfinance received OHLC data: 2026-07-25 00:00:00 -> 2026-07-27 00:00:00
2026-07-27 23:26:10,012 - yfinance - DEBUG - [history.py:359] - history() - BTC-USD: OHLC after cleaning: 2026-07-25 00:00:00+00:00 -> 2026-07-27 00:00:00+00:00
2026-07-27 23:26:10,021 - yfinance - DEBUG - [history.py:454] - history() - BTC-USD: OHLC after combining events: 2026-07-25 00:00:00+00:00 -> 2026-07-27 00:00:00+00:00
2026-07-27 23:26:10,038 - yfinance - DEBUG - [history.py:541] - history() - BTC-USD: yfinance returning OHLC: 2026-07-25 00:00:00+00:00 -> 2026-07-27 00:00:00+00:00
2026-07-27 23:26:10,039 - yfinance - DEBUG - [utils.py:126] - wrapper() -  Exiting history()
2026-07-27 23:26:10,039 - yfinance - DEBUG - [utils.py:126] - wrapper() - Exiting history()
2026-07-27 23:26:10,078 - data_engine - DEBUG - [data_engine.py:59] - fetch_data() - Updated cache for BTC-USD: 731 rows
2026-07-27 23:26:10,178 - features - INFO - [features.py:93] - add_features() - Feature engineering completed: 33 features generated
2026-07-27 23:26:12,017 - __main__ - INFO - [app_refactored.py:107] - load_and_process_data() - Data loading complete for BTC-USD_1d
2026-07-27 23:26:12,335 - portfolio - DEBUG - [portfolio.py:21] - load_portfolio() - Loaded portfolio: 1 positions
2026-07-27 23:26:17,783 - __main__ - INFO - [app_refactored.py:85] - load_and_process_data() - Loading data for BTC-USD (1d)
2026-07-27 23:26:17,810 - data_engine - INFO - [data_engine.py:44] - fetch_data() - [BTC-USD] Found cached data. Fetching new data since 2026-07-25...
2026-07-27 23:26:17,812 - yfinance - DEBUG - [utils.py:121] - wrapper() - Entering history()
2026-07-27 23:26:17,813 - peewee - DEBUG - [peewee.py:3775] - execute_sql() - ('SELECT "t1"."key", "t1"."value" FROM "_tz_kv" AS "t1" WHERE ("t1"."key" = ?) LIMIT ? OFFSET ?', ['BTC-USD', 1, 0])
2026-07-27 23:26:17,819 - yfinance - DEBUG - [utils.py:121] - wrapper() -  Entering history()
2026-07-27 23:26:17,820 - yfinance - DEBUG - [history.py:205] - history() - BTC-USD: Yahoo GET parameters: {'period1': '2026-07-25 00:00:00+00:00', 'period2': '2026-07-27 17:56:17+00:00', 'interval': '1d', 'includePrePost': False, 'events': 'div,splits,capitalGains'}
2026-07-27 23:26:17,820 - yfinance - DEBUG - [utils.py:121] - wrapper() -   Entering get()
2026-07-27 23:26:17,821 - yfinance - DEBUG - [utils.py:121] - wrapper() -    Entering _make_request()
2026-07-27 23:26:17,821 - yfinance - DEBUG - [data.py:445] - _make_request() - url=https://query2.finance.yahoo.com/v8/finance/chart/BTC-USD
2026-07-27 23:26:17,821 - yfinance - DEBUG - [data.py:446] - _make_request() - params={'period1': 1784937600, 'period2': 1785174977, 'interval': '1d', 'includePrePost': False, 'events': 'div,splits,capitalGains'}
2026-07-27 23:26:17,821 - yfinance - DEBUG - [utils.py:121] - wrapper() -     Entering _get_cookie_and_crumb()
2026-07-27 23:26:17,822 - yfinance - DEBUG - [data.py:401] - _get_cookie_and_crumb() - cookie_mode = 'basic'
2026-07-27 23:26:17,822 - yfinance - DEBUG - [utils.py:121] - wrapper() -      Entering _get_cookie_and_crumb_basic()
2026-07-27 23:26:17,822 - yfinance - DEBUG - [utils.py:121] - wrapper() -       Entering _get_cookie_basic()
2026-07-27 23:26:17,822 - yfinance - DEBUG - [data.py:237] - _get_cookie_basic() - reusing cookie
2026-07-27 23:26:17,822 - yfinance - DEBUG - [utils.py:126] - wrapper() -       Exiting _get_cookie_basic()
2026-07-27 23:26:17,823 - yfinance - DEBUG - [utils.py:121] - wrapper() -       Entering _get_crumb_basic()
2026-07-27 23:26:17,823 - yfinance - DEBUG - [data.py:261] - _get_crumb_basic() - reusing crumb
2026-07-27 23:26:17,823 - yfinance - DEBUG - [utils.py:126] - wrapper() -       Exiting _get_crumb_basic()
2026-07-27 23:26:17,823 - yfinance - DEBUG - [utils.py:126] - wrapper() -      Exiting _get_cookie_and_crumb_basic()
2026-07-27 23:26:17,823 - yfinance - DEBUG - [utils.py:126] - wrapper() -     Exiting _get_cookie_and_crumb()
2026-07-27 23:26:18,094 - yfinance - DEBUG - [data.py:484] - _make_request() - response code=200
2026-07-27 23:26:18,095 - yfinance - DEBUG - [utils.py:126] - wrapper() -    Exiting _make_request()
2026-07-27 23:26:18,095 - yfinance - DEBUG - [utils.py:126] - wrapper() -   Exiting get()
2026-07-27 23:26:18,099 - yfinance - DEBUG - [history.py:327] - history() - BTC-USD: yfinance received OHLC data: 2026-07-25 00:00:00 -> 2026-07-27 00:00:00
2026-07-27 23:26:18,101 - yfinance - DEBUG - [history.py:359] - history() - BTC-USD: OHLC after cleaning: 2026-07-25 00:00:00+00:00 -> 2026-07-27 00:00:00+00:00
2026-07-27 23:26:18,109 - yfinance - DEBUG - [history.py:454] - history() - BTC-USD: OHLC after combining events: 2026-07-25 00:00:00+00:00 -> 2026-07-27 00:00:00+00:00
2026-07-27 23:26:18,126 - yfinance - DEBUG - [history.py:541] - history() - BTC-USD: yfinance returning OHLC: 2026-07-25 00:00:00+00:00 -> 2026-07-27 00:00:00+00:00
2026-07-27 23:26:18,127 - yfinance - DEBUG - [utils.py:126] - wrapper() -  Exiting history()
2026-07-27 23:26:18,128 - yfinance - DEBUG - [utils.py:126] - wrapper() - Exiting history()
2026-07-27 23:26:18,170 - data_engine - DEBUG - [data_engine.py:59] - fetch_data() - Updated cache for BTC-USD: 731 rows
2026-07-27 23:26:18,272 - features - INFO - [features.py:93] - add_features() - Feature engineering completed: 33 features generated
2026-07-27 23:26:20,323 - __main__ - INFO - [app_refactored.py:107] - load_and_process_data() - Data loading complete for BTC-USD_1d
2026-07-27 23:26:20,635 - portfolio - DEBUG - [portfolio.py:21] - load_portfolio() - Loaded portfolio: 1 positions
2026-07-27 23:26:33,951 - __main__ - INFO - [app_refactored.py:85] - load_and_process_data() - Loading data for BTC-USD (1d)
2026-07-27 23:26:33,975 - data_engine - INFO - [data_engine.py:44] - fetch_data() - [BTC-USD] Found cached data. Fetching new data since 2026-07-25...
2026-07-27 23:26:33,977 - yfinance - DEBUG - [utils.py:121] - wrapper() - Entering history()
2026-07-27 23:26:33,978 - peewee - DEBUG - [peewee.py:3775] - execute_sql() - ('SELECT "t1"."key", "t1"."value" FROM "_tz_kv" AS "t1" WHERE ("t1"."key" = ?) LIMIT ? OFFSET ?', ['BTC-USD', 1, 0])
2026-07-27 23:26:33,982 - yfinance - DEBUG - [utils.py:121] - wrapper() -  Entering history()
2026-07-27 23:26:33,983 - yfinance - DEBUG - [history.py:205] - history() - BTC-USD: Yahoo GET parameters: {'period1': '2026-07-25 00:00:00+00:00', 'period2': '2026-07-27 17:56:33+00:00', 'interval': '1d', 'includePrePost': False, 'events': 'div,splits,capitalGains'}
2026-07-27 23:26:33,983 - yfinance - DEBUG - [utils.py:121] - wrapper() -   Entering get()
2026-07-27 23:26:33,984 - yfinance - DEBUG - [utils.py:121] - wrapper() -    Entering _make_request()
2026-07-27 23:26:33,984 - yfinance - DEBUG - [data.py:445] - _make_request() - url=https://query2.finance.yahoo.com/v8/finance/chart/BTC-USD
2026-07-27 23:26:33,984 - yfinance - DEBUG - [data.py:446] - _make_request() - params={'period1': 1784937600, 'period2': 1785174993, 'interval': '1d', 'includePrePost': False, 'events': 'div,splits,capitalGains'}
2026-07-27 23:26:33,984 - yfinance - DEBUG - [utils.py:121] - wrapper() -     Entering _get_cookie_and_crumb()
2026-07-27 23:26:33,985 - yfinance - DEBUG - [data.py:401] - _get_cookie_and_crumb() - cookie_mode = 'basic'
2026-07-27 23:26:33,985 - yfinance - DEBUG - [utils.py:121] - wrapper() -      Entering _get_cookie_and_crumb_basic()
2026-07-27 23:26:33,985 - yfinance - DEBUG - [utils.py:121] - wrapper() -       Entering _get_cookie_basic()
2026-07-27 23:26:33,985 - yfinance - DEBUG - [data.py:237] - _get_cookie_basic() - reusing cookie
2026-07-27 23:26:33,985 - yfinance - DEBUG - [utils.py:126] - wrapper() -       Exiting _get_cookie_basic()
2026-07-27 23:26:33,986 - yfinance - DEBUG - [utils.py:121] - wrapper() -       Entering _get_crumb_basic()
2026-07-27 23:26:33,986 - yfinance - DEBUG - [data.py:261] - _get_crumb_basic() - reusing crumb
2026-07-27 23:26:33,986 - yfinance - DEBUG - [utils.py:126] - wrapper() -       Exiting _get_crumb_basic()
2026-07-27 23:26:33,986 - yfinance - DEBUG - [utils.py:126] - wrapper() -      Exiting _get_cookie_and_crumb_basic()
2026-07-27 23:26:33,986 - yfinance - DEBUG - [utils.py:126] - wrapper() -     Exiting _get_cookie_and_crumb()
2026-07-27 23:26:34,246 - yfinance - DEBUG - [data.py:484] - _make_request() - response code=200
2026-07-27 23:26:34,246 - yfinance - DEBUG - [utils.py:126] - wrapper() -    Exiting _make_request()
2026-07-27 23:26:34,247 - yfinance - DEBUG - [utils.py:126] - wrapper() -   Exiting get()
2026-07-27 23:26:34,249 - yfinance - DEBUG - [history.py:327] - history() - BTC-USD: yfinance received OHLC data: 2026-07-25 00:00:00 -> 2026-07-27 00:00:00
2026-07-27 23:26:34,251 - yfinance - DEBUG - [history.py:359] - history() - BTC-USD: OHLC after cleaning: 2026-07-25 00:00:00+00:00 -> 2026-07-27 00:00:00+00:00
2026-07-27 23:26:34,258 - yfinance - DEBUG - [history.py:454] - history() - BTC-USD: OHLC after combining events: 2026-07-25 00:00:00+00:00 -> 2026-07-27 00:00:00+00:00
2026-07-27 23:26:34,269 - yfinance - DEBUG - [history.py:541] - history() - BTC-USD: yfinance returning OHLC: 2026-07-25 00:00:00+00:00 -> 2026-07-27 00:00:00+00:00
2026-07-27 23:26:34,270 - yfinance - DEBUG - [utils.py:126] - wrapper() -  Exiting history()
2026-07-27 23:26:34,270 - yfinance - DEBUG - [utils.py:126] - wrapper() - Exiting history()
2026-07-27 23:26:34,297 - data_engine - DEBUG - [data_engine.py:59] - fetch_data() - Updated cache for BTC-USD: 731 rows
2026-07-27 23:26:34,367 - features - INFO - [features.py:93] - add_features() - Feature engineering completed: 33 features generated
2026-07-27 23:26:35,974 - __main__ - INFO - [app_refactored.py:107] - load_and_process_data() - Data loading complete for BTC-USD_1d
2026-07-27 23:26:36,184 - portfolio - DEBUG - [portfolio.py:21] - load_portfolio() - Loaded portfolio: 1 positions
2026-07-27 23:27:00,621 - __main__ - INFO - [app_refactored.py:85] - load_and_process_data() - Loading data for BTC-USD (1d)
2026-07-27 23:27:00,646 - data_engine - INFO - [data_engine.py:44] - fetch_data() - [BTC-USD] Found cached data. Fetching new data since 2026-07-25...
2026-07-27 23:27:00,647 - yfinance - DEBUG - [utils.py:121] - wrapper() - Entering history()
2026-07-27 23:27:00,648 - peewee - DEBUG - [peewee.py:3775] - execute_sql() - ('SELECT "t1"."key", "t1"."value" FROM "_tz_kv" AS "t1" WHERE ("t1"."key" = ?) LIMIT ? OFFSET ?', ['BTC-USD', 1, 0])
2026-07-27 23:27:00,653 - yfinance - DEBUG - [utils.py:121] - wrapper() -  Entering history()
2026-07-27 23:27:00,654 - yfinance - DEBUG - [history.py:205] - history() - BTC-USD: Yahoo GET parameters: {'period1': '2026-07-25 00:00:00+00:00', 'period2': '2026-07-27 17:57:00+00:00', 'interval': '1d', 'includePrePost': False, 'events': 'div,splits,capitalGains'}
2026-07-27 23:27:00,654 - yfinance - DEBUG - [utils.py:121] - wrapper() -   Entering get()
2026-07-27 23:27:00,654 - yfinance - DEBUG - [utils.py:121] - wrapper() -    Entering _make_request()
2026-07-27 23:27:00,655 - yfinance - DEBUG - [data.py:445] - _make_request() - url=https://query2.finance.yahoo.com/v8/finance/chart/BTC-USD
2026-07-27 23:27:00,655 - yfinance - DEBUG - [data.py:446] - _make_request() - params={'period1': 1784937600, 'period2': 1785175020, 'interval': '1d', 'includePrePost': False, 'events': 'div,splits,capitalGains'}
2026-07-27 23:27:00,655 - yfinance - DEBUG - [utils.py:121] - wrapper() -     Entering _get_cookie_and_crumb()
2026-07-27 23:27:00,655 - yfinance - DEBUG - [data.py:401] - _get_cookie_and_crumb() - cookie_mode = 'basic'
2026-07-27 23:27:00,656 - yfinance - DEBUG - [utils.py:121] - wrapper() -      Entering _get_cookie_and_crumb_basic()
2026-07-27 23:27:00,656 - yfinance - DEBUG - [utils.py:121] - wrapper() -       Entering _get_cookie_basic()
2026-07-27 23:27:00,656 - yfinance - DEBUG - [data.py:237] - _get_cookie_basic() - reusing cookie
2026-07-27 23:27:00,656 - yfinance - DEBUG - [utils.py:126] - wrapper() -       Exiting _get_cookie_basic()
2026-07-27 23:27:00,656 - yfinance - DEBUG - [utils.py:121] - wrapper() -       Entering _get_crumb_basic()
2026-07-27 23:27:00,657 - yfinance - DEBUG - [data.py:261] - _get_crumb_basic() - reusing crumb
2026-07-27 23:27:00,657 - yfinance - DEBUG - [utils.py:126] - wrapper() -       Exiting _get_crumb_basic()
2026-07-27 23:27:00,657 - yfinance - DEBUG - [utils.py:126] - wrapper() -      Exiting _get_cookie_and_crumb_basic()
2026-07-27 23:27:00,657 - yfinance - DEBUG - [utils.py:126] - wrapper() -     Exiting _get_cookie_and_crumb()
2026-07-27 23:27:01,046 - yfinance - DEBUG - [data.py:484] - _make_request() - response code=200
2026-07-27 23:27:01,047 - yfinance - DEBUG - [utils.py:126] - wrapper() -    Exiting _make_request()
2026-07-27 23:27:01,047 - yfinance - DEBUG - [utils.py:126] - wrapper() -   Exiting get()
2026-07-27 23:27:01,050 - yfinance - DEBUG - [history.py:327] - history() - BTC-USD: yfinance received OHLC data: 2026-07-25 00:00:00 -> 2026-07-27 00:00:00
2026-07-27 23:27:01,052 - yfinance - DEBUG - [history.py:359] - history() - BTC-USD: OHLC after cleaning: 2026-07-25 00:00:00+00:00 -> 2026-07-27 00:00:00+00:00
2026-07-27 23:27:01,059 - yfinance - DEBUG - [history.py:454] - history() - BTC-USD: OHLC after combining events: 2026-07-25 00:00:00+00:00 -> 2026-07-27 00:00:00+00:00
2026-07-27 23:27:01,073 - yfinance - DEBUG - [history.py:541] - history() - BTC-USD: yfinance returning OHLC: 2026-07-25 00:00:00+00:00 -> 2026-07-27 00:00:00+00:00
2026-07-27 23:27:01,074 - yfinance - DEBUG - [utils.py:126] - wrapper() -  Exiting history()
2026-07-27 23:27:01,074 - yfinance - DEBUG - [utils.py:126] - wrapper() - Exiting history()
2026-07-27 23:27:01,099 - data_engine - DEBUG - [data_engine.py:59] - fetch_data() - Updated cache for BTC-USD: 731 rows
2026-07-27 23:27:01,176 - features - INFO - [features.py:93] - add_features() - Feature engineering completed: 33 features generated
2026-07-27 23:27:01,767 - __main__ - INFO - [app_refactored.py:85] - load_and_process_data() - Loading data for BTC-USD (1d)
2026-07-27 23:27:01,796 - data_engine - INFO - [data_engine.py:44] - fetch_data() - [BTC-USD] Found cached data. Fetching new data since 2026-07-25...
2026-07-27 23:27:01,799 - yfinance - DEBUG - [utils.py:121] - wrapper() - Entering history()
2026-07-27 23:27:01,801 - peewee - DEBUG - [peewee.py:3775] - execute_sql() - ('SELECT "t1"."key", "t1"."value" FROM "_tz_kv" AS "t1" WHERE ("t1"."key" = ?) LIMIT ? OFFSET ?', ['BTC-USD', 1, 0])
2026-07-27 23:27:01,808 - yfinance - DEBUG - [utils.py:121] - wrapper() -  Entering history()
2026-07-27 23:27:01,808 - yfinance - DEBUG - [history.py:205] - history() - BTC-USD: Yahoo GET parameters: {'period1': '2026-07-25 00:00:00+00:00', 'period2': '2026-07-27 17:57:01+00:00', 'interval': '1d', 'includePrePost': False, 'events': 'div,splits,capitalGains'}
2026-07-27 23:27:01,809 - yfinance - DEBUG - [utils.py:121] - wrapper() -   Entering get()
2026-07-27 23:27:01,809 - yfinance - DEBUG - [utils.py:121] - wrapper() -    Entering _make_request()
2026-07-27 23:27:01,810 - yfinance - DEBUG - [data.py:445] - _make_request() - url=https://query2.finance.yahoo.com/v8/finance/chart/BTC-USD
2026-07-27 23:27:01,810 - yfinance - DEBUG - [data.py:446] - _make_request() - params={'period1': 1784937600, 'period2': 1785175021, 'interval': '1d', 'includePrePost': False, 'events': 'div,splits,capitalGains'}
2026-07-27 23:27:01,810 - yfinance - DEBUG - [utils.py:121] - wrapper() -     Entering _get_cookie_and_crumb()
2026-07-27 23:27:01,811 - yfinance - DEBUG - [data.py:401] - _get_cookie_and_crumb() - cookie_mode = 'basic'
2026-07-27 23:27:01,811 - yfinance - DEBUG - [utils.py:121] - wrapper() -      Entering _get_cookie_and_crumb_basic()
2026-07-27 23:27:01,811 - yfinance - DEBUG - [utils.py:121] - wrapper() -       Entering _get_cookie_basic()
2026-07-27 23:27:01,811 - yfinance - DEBUG - [data.py:237] - _get_cookie_basic() - reusing cookie
2026-07-27 23:27:01,811 - yfinance - DEBUG - [utils.py:126] - wrapper() -       Exiting _get_cookie_basic()
2026-07-27 23:27:01,812 - yfinance - DEBUG - [utils.py:121] - wrapper() -       Entering _get_crumb_basic()
2026-07-27 23:27:01,812 - yfinance - DEBUG - [data.py:261] - _get_crumb_basic() - reusing crumb
2026-07-27 23:27:01,812 - yfinance - DEBUG - [utils.py:126] - wrapper() -       Exiting _get_crumb_basic()
2026-07-27 23:27:01,812 - yfinance - DEBUG - [utils.py:126] - wrapper() -      Exiting _get_cookie_and_crumb_basic()
2026-07-27 23:27:01,814 - yfinance - DEBUG - [utils.py:126] - wrapper() -     Exiting _get_cookie_and_crumb()
2026-07-27 23:27:02,079 - yfinance - DEBUG - [data.py:484] - _make_request() - response code=200
2026-07-27 23:27:02,080 - yfinance - DEBUG - [utils.py:126] - wrapper() -    Exiting _make_request()
2026-07-27 23:27:02,081 - yfinance - DEBUG - [utils.py:126] - wrapper() -   Exiting get()
2026-07-27 23:27:02,084 - yfinance - DEBUG - [history.py:327] - history() - BTC-USD: yfinance received OHLC data: 2026-07-25 00:00:00 -> 2026-07-27 00:00:00
2026-07-27 23:27:02,086 - yfinance - DEBUG - [history.py:359] - history() - BTC-USD: OHLC after cleaning: 2026-07-25 00:00:00+00:00 -> 2026-07-27 00:00:00+00:00
2026-07-27 23:27:02,093 - yfinance - DEBUG - [history.py:454] - history() - BTC-USD: OHLC after combining events: 2026-07-25 00:00:00+00:00 -> 2026-07-27 00:00:00+00:00
2026-07-27 23:27:02,114 - yfinance - DEBUG - [history.py:541] - history() - BTC-USD: yfinance returning OHLC: 2026-07-25 00:00:00+00:00 -> 2026-07-27 00:00:00+00:00
2026-07-27 23:27:02,114 - yfinance - DEBUG - [utils.py:126] - wrapper() -  Exiting history()
2026-07-27 23:27:02,114 - yfinance - DEBUG - [utils.py:126] - wrapper() - Exiting history()
2026-07-27 23:27:02,146 - data_engine - DEBUG - [data_engine.py:59] - fetch_data() - Updated cache for BTC-USD: 731 rows
2026-07-27 23:27:02,235 - features - INFO - [features.py:93] - add_features() - Feature engineering completed: 33 features generated
2026-07-27 23:27:04,083 - __main__ - INFO - [app_refactored.py:107] - load_and_process_data() - Data loading complete for BTC-USD_1d
2026-07-27 23:27:04,376 - portfolio - DEBUG - [portfolio.py:21] - load_portfolio() - Loaded portfolio: 1 positions
2026-07-27 23:29:45,977 - __main__ - INFO - [app_refactored.py:85] - load_and_process_data() - Loading data for BTC-USD (1d)
2026-07-27 23:29:46,000 - data_engine - INFO - [data_engine.py:44] - fetch_data() - [BTC-USD] Found cached data. Fetching new data since 2026-07-25...
2026-07-27 23:29:46,001 - yfinance - DEBUG - [utils.py:121] - wrapper() - Entering history()
2026-07-27 23:29:46,002 - peewee - DEBUG - [peewee.py:3775] - execute_sql() - ('SELECT "t1"."key", "t1"."value" FROM "_tz_kv" AS "t1" WHERE ("t1"."key" = ?) LIMIT ? OFFSET ?', ['BTC-USD', 1, 0])
2026-07-27 23:29:46,008 - yfinance - DEBUG - [utils.py:121] - wrapper() -  Entering history()
2026-07-27 23:29:46,008 - yfinance - DEBUG - [history.py:205] - history() - BTC-USD: Yahoo GET parameters: {'period1': '2026-07-25 00:00:00+00:00', 'period2': '2026-07-27 17:59:46+00:00', 'interval': '1d', 'includePrePost': False, 'events': 'div,splits,capitalGains'}
2026-07-27 23:29:46,009 - yfinance - DEBUG - [utils.py:121] - wrapper() -   Entering get()
2026-07-27 23:29:46,009 - yfinance - DEBUG - [utils.py:121] - wrapper() -    Entering _make_request()
2026-07-27 23:29:46,009 - yfinance - DEBUG - [data.py:445] - _make_request() - url=https://query2.finance.yahoo.com/v8/finance/chart/BTC-USD
2026-07-27 23:29:46,009 - yfinance - DEBUG - [data.py:446] - _make_request() - params={'period1': 1784937600, 'period2': 1785175186, 'interval': '1d', 'includePrePost': False, 'events': 'div,splits,capitalGains'}
2026-07-27 23:29:46,010 - yfinance - DEBUG - [utils.py:121] - wrapper() -     Entering _get_cookie_and_crumb()
2026-07-27 23:29:46,010 - yfinance - DEBUG - [data.py:401] - _get_cookie_and_crumb() - cookie_mode = 'basic'
2026-07-27 23:29:46,010 - yfinance - DEBUG - [utils.py:121] - wrapper() -      Entering _get_cookie_and_crumb_basic()
2026-07-27 23:29:46,011 - yfinance - DEBUG - [utils.py:121] - wrapper() -       Entering _get_cookie_basic()
2026-07-27 23:29:46,011 - yfinance - DEBUG - [data.py:237] - _get_cookie_basic() - reusing cookie
2026-07-27 23:29:46,011 - yfinance - DEBUG - [utils.py:126] - wrapper() -       Exiting _get_cookie_basic()
2026-07-27 23:29:46,012 - yfinance - DEBUG - [utils.py:121] - wrapper() -       Entering _get_crumb_basic()
2026-07-27 23:29:46,012 - yfinance - DEBUG - [data.py:261] - _get_crumb_basic() - reusing crumb
2026-07-27 23:29:46,012 - yfinance - DEBUG - [utils.py:126] - wrapper() -       Exiting _get_crumb_basic()
2026-07-27 23:29:46,012 - yfinance - DEBUG - [utils.py:126] - wrapper() -      Exiting _get_cookie_and_crumb_basic()
2026-07-27 23:29:46,013 - yfinance - DEBUG - [utils.py:126] - wrapper() -     Exiting _get_cookie_and_crumb()
2026-07-27 23:29:46,220 - yfinance - DEBUG - [data.py:484] - _make_request() - response code=200
2026-07-27 23:29:46,221 - yfinance - DEBUG - [utils.py:126] - wrapper() -    Exiting _make_request()
2026-07-27 23:29:46,221 - yfinance - DEBUG - [utils.py:126] - wrapper() -   Exiting get()
2026-07-27 23:29:46,225 - yfinance - DEBUG - [history.py:327] - history() - BTC-USD: yfinance received OHLC data: 2026-07-25 00:00:00 -> 2026-07-27 00:00:00
2026-07-27 23:29:46,228 - yfinance - DEBUG - [history.py:359] - history() - BTC-USD: OHLC after cleaning: 2026-07-25 00:00:00+00:00 -> 2026-07-27 00:00:00+00:00
2026-07-27 23:29:46,237 - yfinance - DEBUG - [history.py:454] - history() - BTC-USD: OHLC after combining events: 2026-07-25 00:00:00+00:00 -> 2026-07-27 00:00:00+00:00
2026-07-27 23:29:46,254 - yfinance - DEBUG - [history.py:541] - history() - BTC-USD: yfinance returning OHLC: 2026-07-25 00:00:00+00:00 -> 2026-07-27 00:00:00+00:00
2026-07-27 23:29:46,255 - yfinance - DEBUG - [utils.py:126] - wrapper() -  Exiting history()
2026-07-27 23:29:46,255 - yfinance - DEBUG - [utils.py:126] - wrapper() - Exiting history()
2026-07-27 23:29:46,292 - data_engine - DEBUG - [data_engine.py:59] - fetch_data() - Updated cache for BTC-USD: 731 rows
2026-07-27 23:29:46,384 - features - INFO - [features.py:93] - add_features() - Feature engineering completed: 33 features generated
2026-07-27 23:29:48,036 - __main__ - INFO - [app_refactored.py:107] - load_and_process_data() - Data loading complete for BTC-USD_1d
2026-07-27 23:29:48,340 - portfolio - DEBUG - [portfolio.py:21] - load_portfolio() - Loaded portfolio: 1 positions
2026-07-27 23:30:39,111 - utils.logging_setup - INFO - [logging_setup.py:15] - setup_logging() - Logging initialized successfully
2026-07-27 23:30:40,562 - __main__ - INFO - [app_refactored.py:85] - load_and_process_data() - Loading data for BTC-USD (1d)
2026-07-27 23:30:40,593 - yfinance - DEBUG - [utils.py:121] - wrapper() - Entering history()
2026-07-27 23:30:40,605 - peewee - DEBUG - [peewee.py:3775] - execute_sql() - ('CREATE TABLE IF NOT EXISTS "_tz_kv" ("key" VARCHAR(255) NOT NULL PRIMARY KEY, "value" VARCHAR(255)) WITHOUT ROWID', [])
2026-07-27 23:30:40,606 - peewee - DEBUG - [peewee.py:3775] - execute_sql() - ('SELECT "t1"."key", "t1"."value" FROM "_tz_kv" AS "t1" WHERE ("t1"."key" = ?) LIMIT ? OFFSET ?', ['BTC-USD', 1, 0])
2026-07-27 23:30:40,607 - yfinance - DEBUG - [utils.py:121] - wrapper() -  Entering history()
2026-07-27 23:30:40,608 - yfinance - DEBUG - [history.py:205] - history() - BTC-USD: Yahoo GET parameters: {'period1': '2026-07-25 00:00:00+00:00', 'period2': '2026-07-27 18:00:40+00:00', 'interval': '1d', 'includePrePost': False, 'events': 'div,splits,capitalGains'}
2026-07-27 23:30:40,608 - yfinance - DEBUG - [utils.py:121] - wrapper() -   Entering get()
2026-07-27 23:30:40,608 - yfinance - DEBUG - [utils.py:121] - wrapper() -    Entering _make_request()
2026-07-27 23:30:40,608 - yfinance - DEBUG - [data.py:445] - _make_request() - url=https://query2.finance.yahoo.com/v8/finance/chart/BTC-USD
2026-07-27 23:30:40,608 - yfinance - DEBUG - [data.py:446] - _make_request() - params={'period1': 1784937600, 'period2': 1785175240, 'interval': '1d', 'includePrePost': False, 'events': 'div,splits,capitalGains'}
2026-07-27 23:30:40,609 - yfinance - DEBUG - [utils.py:121] - wrapper() -     Entering _get_cookie_and_crumb()
2026-07-27 23:30:40,609 - yfinance - DEBUG - [data.py:401] - _get_cookie_and_crumb() - cookie_mode = 'basic'
2026-07-27 23:30:40,609 - yfinance - DEBUG - [utils.py:121] - wrapper() -      Entering _get_cookie_and_crumb_basic()
2026-07-27 23:30:40,609 - yfinance - DEBUG - [utils.py:121] - wrapper() -       Entering _get_cookie_basic()
2026-07-27 23:30:40,609 - yfinance - DEBUG - [utils.py:121] - wrapper() -        Entering _load_cookie_curlCffi()
2026-07-27 23:30:40,617 - peewee - DEBUG - [peewee.py:3775] - execute_sql() - ('CREATE TABLE IF NOT EXISTS "_cookieschema" ("strategy" VARCHAR(255) NOT NULL PRIMARY KEY, "fetch_date" DATETIME NOT NULL, "cookie_bytes" BLOB NOT NULL) WITHOUT ROWID', [])
2026-07-27 23:30:40,618 - peewee - DEBUG - [peewee.py:3775] - execute_sql() - ('SELECT "t1"."strategy", "t1"."fetch_date", "t1"."cookie_bytes" FROM "_cookieschema" AS "t1" WHERE ("t1"."strategy" = ?) LIMIT ? OFFSET ?', ['curlCffi', 1, 0])
2026-07-27 23:30:40,620 - yfinance - DEBUG - [utils.py:126] - wrapper() -        Exiting _load_cookie_curlCffi()
2026-07-27 23:30:40,620 - yfinance - DEBUG - [data.py:240] - _get_cookie_basic() - reusing persistent cookie
2026-07-27 23:30:40,620 - yfinance - DEBUG - [utils.py:126] - wrapper() -       Exiting _get_cookie_basic()
2026-07-27 23:30:40,620 - yfinance - DEBUG - [utils.py:121] - wrapper() -       Entering _get_crumb_basic()
2026-07-27 23:30:40,621 - yfinance - DEBUG - [utils.py:121] - wrapper() -        Entering _get_cookie_basic()
2026-07-27 23:30:40,621 - yfinance - DEBUG - [data.py:237] - _get_cookie_basic() - reusing cookie
2026-07-27 23:30:40,621 - yfinance - DEBUG - [utils.py:126] - wrapper() -        Exiting _get_cookie_basic()
2026-07-27 23:30:41,098 - yfinance - DEBUG - [data.py:286] - _get_crumb_basic() - crumb = 'jbur8t/XTKw'
2026-07-27 23:30:41,098 - yfinance - DEBUG - [utils.py:126] - wrapper() -       Exiting _get_crumb_basic()
2026-07-27 23:30:41,099 - yfinance - DEBUG - [utils.py:126] - wrapper() -      Exiting _get_cookie_and_crumb_basic()
2026-07-27 23:30:41,099 - yfinance - DEBUG - [utils.py:126] - wrapper() -     Exiting _get_cookie_and_crumb()
2026-07-27 23:30:41,366 - yfinance - DEBUG - [data.py:484] - _make_request() - response code=200
2026-07-27 23:30:41,366 - yfinance - DEBUG - [utils.py:126] - wrapper() -    Exiting _make_request()
2026-07-27 23:30:41,366 - yfinance - DEBUG - [utils.py:126] - wrapper() -   Exiting get()
2026-07-27 23:30:41,370 - yfinance - DEBUG - [history.py:327] - history() - BTC-USD: yfinance received OHLC data: 2026-07-25 00:00:00 -> 2026-07-27 00:00:00
2026-07-27 23:30:41,373 - yfinance - DEBUG - [history.py:359] - history() - BTC-USD: OHLC after cleaning: 2026-07-25 00:00:00+00:00 -> 2026-07-27 00:00:00+00:00
2026-07-27 23:30:41,382 - yfinance - DEBUG - [history.py:454] - history() - BTC-USD: OHLC after combining events: 2026-07-25 00:00:00+00:00 -> 2026-07-27 00:00:00+00:00
2026-07-27 23:30:41,398 - yfinance - DEBUG - [history.py:541] - history() - BTC-USD: yfinance returning OHLC: 2026-07-25 00:00:00+00:00 -> 2026-07-27 00:00:00+00:00
2026-07-27 23:30:41,399 - yfinance - DEBUG - [utils.py:126] - wrapper() -  Exiting history()
2026-07-27 23:30:41,400 - yfinance - DEBUG - [utils.py:126] - wrapper() - Exiting history()
2026-07-27 23:30:41,741 - __main__ - INFO - [app_refactored.py:107] - load_and_process_data() - Data loading complete for BTC-USD_1d
2026-07-27 23:38:32,678 - utils.logging_setup - INFO - [logging_setup.py:15] - setup_logging() - Logging initialized successfully
2026-07-27 23:42:46,051 - yfinance - DEBUG - [utils.py:121] - wrapper() - Entering history()
2026-07-27 23:42:46,052 - peewee - DEBUG - [peewee.py:3775] - execute_sql() - ('SELECT "t1"."key", "t1"."value" FROM "_tz_kv" AS "t1" WHERE ("t1"."key" = ?) LIMIT ? OFFSET ?', ['BTC-USD', 1, 0])
2026-07-27 23:42:46,060 - yfinance - DEBUG - [utils.py:121] - wrapper() -  Entering history()
2026-07-27 23:42:46,061 - yfinance - DEBUG - [history.py:205] - history() - BTC-USD: Yahoo GET parameters: {'period1': '2026-07-25 00:00:00+00:00', 'period2': '2026-07-27 18:12:46+00:00', 'interval': '1d', 'includePrePost': False, 'events': 'div,splits,capitalGains'}
2026-07-27 23:42:46,061 - yfinance - DEBUG - [utils.py:121] - wrapper() -   Entering get()
2026-07-27 23:42:46,061 - yfinance - DEBUG - [utils.py:121] - wrapper() -    Entering _make_request()
2026-07-27 23:42:46,062 - yfinance - DEBUG - [data.py:445] - _make_request() - url=https://query2.finance.yahoo.com/v8/finance/chart/BTC-USD
2026-07-27 23:42:46,062 - yfinance - DEBUG - [data.py:446] - _make_request() - params={'period1': 1784937600, 'period2': 1785175966, 'interval': '1d', 'includePrePost': False, 'events': 'div,splits,capitalGains'}
2026-07-27 23:42:46,062 - yfinance - DEBUG - [utils.py:121] - wrapper() -     Entering _get_cookie_and_crumb()
2026-07-27 23:42:46,062 - yfinance - DEBUG - [data.py:401] - _get_cookie_and_crumb() - cookie_mode = 'basic'
2026-07-27 23:42:46,063 - yfinance - DEBUG - [utils.py:121] - wrapper() -      Entering _get_cookie_and_crumb_basic()
2026-07-27 23:42:46,063 - yfinance - DEBUG - [utils.py:121] - wrapper() -       Entering _get_cookie_basic()
2026-07-27 23:42:46,063 - yfinance - DEBUG - [data.py:237] - _get_cookie_basic() - reusing cookie
2026-07-27 23:42:46,063 - yfinance - DEBUG - [utils.py:126] - wrapper() -       Exiting _get_cookie_basic()
2026-07-27 23:42:46,063 - yfinance - DEBUG - [utils.py:121] - wrapper() -       Entering _get_crumb_basic()
2026-07-27 23:42:46,064 - yfinance - DEBUG - [data.py:261] - _get_crumb_basic() - reusing crumb
2026-07-27 23:42:46,064 - yfinance - DEBUG - [utils.py:126] - wrapper() -       Exiting _get_crumb_basic()
2026-07-27 23:42:46,064 - yfinance - DEBUG - [utils.py:126] - wrapper() -      Exiting _get_cookie_and_crumb_basic()
2026-07-27 23:42:46,064 - yfinance - DEBUG - [utils.py:126] - wrapper() -     Exiting _get_cookie_and_crumb()
2026-07-27 23:42:46,327 - yfinance - DEBUG - [data.py:484] - _make_request() - response code=200
2026-07-27 23:42:46,327 - yfinance - DEBUG - [utils.py:126] - wrapper() -    Exiting _make_request()
2026-07-27 23:42:46,328 - yfinance - DEBUG - [utils.py:126] - wrapper() -   Exiting get()
2026-07-27 23:42:46,332 - yfinance - DEBUG - [history.py:327] - history() - BTC-USD: yfinance received OHLC data: 2026-07-25 00:00:00 -> 2026-07-27 00:00:00
2026-07-27 23:42:46,334 - yfinance - DEBUG - [history.py:359] - history() - BTC-USD: OHLC after cleaning: 2026-07-25 00:00:00+00:00 -> 2026-07-27 00:00:00+00:00
2026-07-27 23:42:46,344 - yfinance - DEBUG - [history.py:454] - history() - BTC-USD: OHLC after combining events: 2026-07-25 00:00:00+00:00 -> 2026-07-27 00:00:00+00:00
2026-07-27 23:42:46,362 - yfinance - DEBUG - [history.py:541] - history() - BTC-USD: yfinance returning OHLC: 2026-07-25 00:00:00+00:00 -> 2026-07-27 00:00:00+00:00
2026-07-27 23:42:46,363 - yfinance - DEBUG - [utils.py:126] - wrapper() -  Exiting history()
2026-07-27 23:42:46,363 - yfinance - DEBUG - [utils.py:126] - wrapper() - Exiting history()
2026-07-27 23:42:51,828 - yfinance - DEBUG - [utils.py:121] - wrapper() - Entering history()
2026-07-27 23:42:51,829 - peewee - DEBUG - [peewee.py:3775] - execute_sql() - ('SELECT "t1"."key", "t1"."value" FROM "_tz_kv" AS "t1" WHERE ("t1"."key" = ?) LIMIT ? OFFSET ?', ['BTC-USD', 1, 0])
2026-07-27 23:42:51,840 - yfinance - DEBUG - [utils.py:121] - wrapper() -  Entering history()
2026-07-27 23:42:51,841 - yfinance - DEBUG - [history.py:205] - history() - BTC-USD: Yahoo GET parameters: {'period1': '2026-07-25 00:00:00+00:00', 'period2': '2026-07-27 18:12:51+00:00', 'interval': '1d', 'includePrePost': False, 'events': 'div,splits,capitalGains'}
2026-07-27 23:42:51,842 - yfinance - DEBUG - [utils.py:121] - wrapper() -   Entering get()
2026-07-27 23:42:51,843 - yfinance - DEBUG - [utils.py:121] - wrapper() -    Entering _make_request()
2026-07-27 23:42:51,843 - yfinance - DEBUG - [data.py:445] - _make_request() - url=https://query2.finance.yahoo.com/v8/finance/chart/BTC-USD
2026-07-27 23:42:51,844 - yfinance - DEBUG - [data.py:446] - _make_request() - params={'period1': 1784937600, 'period2': 1785175971, 'interval': '1d', 'includePrePost': False, 'events': 'div,splits,capitalGains'}
2026-07-27 23:42:51,845 - yfinance - DEBUG - [utils.py:121] - wrapper() -     Entering _get_cookie_and_crumb()
2026-07-27 23:42:51,845 - yfinance - DEBUG - [data.py:401] - _get_cookie_and_crumb() - cookie_mode = 'basic'
2026-07-27 23:42:51,846 - yfinance - DEBUG - [utils.py:121] - wrapper() -      Entering _get_cookie_and_crumb_basic()
2026-07-27 23:42:51,846 - yfinance - DEBUG - [utils.py:121] - wrapper() -       Entering _get_cookie_basic()
2026-07-27 23:42:51,847 - yfinance - DEBUG - [data.py:237] - _get_cookie_basic() - reusing cookie
2026-07-27 23:42:51,848 - yfinance - DEBUG - [utils.py:126] - wrapper() -       Exiting _get_cookie_basic()
2026-07-27 23:42:51,848 - yfinance - DEBUG - [utils.py:121] - wrapper() -       Entering _get_crumb_basic()
2026-07-27 23:42:51,849 - yfinance - DEBUG - [data.py:261] - _get_crumb_basic() - reusing crumb
2026-07-27 23:42:51,849 - yfinance - DEBUG - [utils.py:126] - wrapper() -       Exiting _get_crumb_basic()
2026-07-27 23:42:51,850 - yfinance - DEBUG - [utils.py:126] - wrapper() -      Exiting _get_cookie_and_crumb_basic()
2026-07-27 23:42:51,851 - yfinance - DEBUG - [utils.py:126] - wrapper() -     Exiting _get_cookie_and_crumb()
2026-07-27 23:42:52,075 - yfinance - DEBUG - [data.py:484] - _make_request() - response code=200
2026-07-27 23:42:52,076 - yfinance - DEBUG - [utils.py:126] - wrapper() -    Exiting _make_request()
2026-07-27 23:42:52,076 - yfinance - DEBUG - [utils.py:126] - wrapper() -   Exiting get()
2026-07-27 23:42:52,081 - yfinance - DEBUG - [history.py:327] - history() - BTC-USD: yfinance received OHLC data: 2026-07-25 00:00:00 -> 2026-07-27 00:00:00
2026-07-27 23:42:52,084 - yfinance - DEBUG - [history.py:359] - history() - BTC-USD: OHLC after cleaning: 2026-07-25 00:00:00+00:00 -> 2026-07-27 00:00:00+00:00
2026-07-27 23:42:52,093 - yfinance - DEBUG - [history.py:454] - history() - BTC-USD: OHLC after combining events: 2026-07-25 00:00:00+00:00 -> 2026-07-27 00:00:00+00:00
2026-07-27 23:42:52,111 - yfinance - DEBUG - [history.py:541] - history() - BTC-USD: yfinance returning OHLC: 2026-07-25 00:00:00+00:00 -> 2026-07-27 00:00:00+00:00
2026-07-27 23:42:52,112 - yfinance - DEBUG - [utils.py:126] - wrapper() -  Exiting history()
2026-07-27 23:42:52,112 - yfinance - DEBUG - [utils.py:126] - wrapper() - Exiting history()
2026-07-28 02:03:09,840 - yfinance - DEBUG - [utils.py:121] - wrapper() - Entering history()
2026-07-28 02:03:09,852 - peewee - DEBUG - [peewee.py:3775] - execute_sql() - ('SELECT "t1"."key", "t1"."value" FROM "_tz_kv" AS "t1" WHERE ("t1"."key" = ?) LIMIT ? OFFSET ?', ['BTC-USD', 1, 0])
2026-07-28 02:03:09,865 - yfinance - DEBUG - [utils.py:121] - wrapper() -  Entering history()
2026-07-28 02:03:09,867 - yfinance - DEBUG - [history.py:205] - history() - BTC-USD: Yahoo GET parameters: {'period1': '2026-07-25 00:00:00+00:00', 'period2': '2026-07-27 20:33:09+00:00', 'interval': '1d', 'includePrePost': False, 'events': 'div,splits,capitalGains'}
2026-07-28 02:03:09,868 - yfinance - DEBUG - [utils.py:121] - wrapper() -   Entering get()
2026-07-28 02:03:09,869 - yfinance - DEBUG - [utils.py:121] - wrapper() -    Entering _make_request()
2026-07-28 02:03:09,870 - yfinance - DEBUG - [data.py:445] - _make_request() - url=https://query2.finance.yahoo.com/v8/finance/chart/BTC-USD
2026-07-28 02:03:09,870 - yfinance - DEBUG - [data.py:446] - _make_request() - params={'period1': 1784937600, 'period2': 1785184389, 'interval': '1d', 'includePrePost': False, 'events': 'div,splits,capitalGains'}
2026-07-28 02:03:09,871 - yfinance - DEBUG - [utils.py:121] - wrapper() -     Entering _get_cookie_and_crumb()
2026-07-28 02:03:09,872 - yfinance - DEBUG - [data.py:401] - _get_cookie_and_crumb() - cookie_mode = 'basic'
2026-07-28 02:03:09,872 - yfinance - DEBUG - [utils.py:121] - wrapper() -      Entering _get_cookie_and_crumb_basic()
2026-07-28 02:03:09,873 - yfinance - DEBUG - [utils.py:121] - wrapper() -       Entering _get_cookie_basic()
2026-07-28 02:03:09,873 - yfinance - DEBUG - [data.py:237] - _get_cookie_basic() - reusing cookie
2026-07-28 02:03:09,874 - yfinance - DEBUG - [utils.py:126] - wrapper() -       Exiting _get_cookie_basic()
2026-07-28 02:03:09,875 - yfinance - DEBUG - [utils.py:121] - wrapper() -       Entering _get_crumb_basic()
2026-07-28 02:03:09,876 - yfinance - DEBUG - [data.py:261] - _get_crumb_basic() - reusing crumb
2026-07-28 02:03:09,877 - yfinance - DEBUG - [utils.py:126] - wrapper() -       Exiting _get_crumb_basic()
2026-07-28 02:03:09,877 - yfinance - DEBUG - [utils.py:126] - wrapper() -      Exiting _get_cookie_and_crumb_basic()
2026-07-28 02:03:09,878 - yfinance - DEBUG - [utils.py:126] - wrapper() -     Exiting _get_cookie_and_crumb()
2026-07-28 02:03:10,095 - yfinance - DEBUG - [data.py:484] - _make_request() - response code=200
2026-07-28 02:03:10,096 - yfinance - DEBUG - [utils.py:126] - wrapper() -    Exiting _make_request()
2026-07-28 02:03:10,096 - yfinance - DEBUG - [utils.py:126] - wrapper() -   Exiting get()
2026-07-28 02:03:10,104 - yfinance - DEBUG - [history.py:327] - history() - BTC-USD: yfinance received OHLC data: 2026-07-25 00:00:00 -> 2026-07-27 00:00:00
2026-07-28 02:03:10,112 - yfinance - DEBUG - [history.py:359] - history() - BTC-USD: OHLC after cleaning: 2026-07-25 00:00:00+00:00 -> 2026-07-27 00:00:00+00:00
2026-07-28 02:03:10,127 - yfinance - DEBUG - [history.py:454] - history() - BTC-USD: OHLC after combining events: 2026-07-25 00:00:00+00:00 -> 2026-07-27 00:00:00+00:00
2026-07-28 02:03:10,153 - yfinance - DEBUG - [history.py:541] - history() - BTC-USD: yfinance returning OHLC: 2026-07-25 00:00:00+00:00 -> 2026-07-27 00:00:00+00:00
2026-07-28 02:03:10,154 - yfinance - DEBUG - [utils.py:126] - wrapper() -  Exiting history()
2026-07-28 02:03:10,155 - yfinance - DEBUG - [utils.py:126] - wrapper() - Exiting history()
2026-07-28 02:03:28,523 - yfinance - DEBUG - [utils.py:121] - wrapper() - Entering history()
2026-07-28 02:03:28,524 - peewee - DEBUG - [peewee.py:3775] - execute_sql() - ('SELECT "t1"."key", "t1"."value" FROM "_tz_kv" AS "t1" WHERE ("t1"."key" = ?) LIMIT ? OFFSET ?', ['BTC-USD', 1, 0])
2026-07-28 02:03:28,532 - yfinance - DEBUG - [utils.py:121] - wrapper() -  Entering history()
2026-07-28 02:03:28,532 - yfinance - DEBUG - [history.py:205] - history() - BTC-USD: Yahoo GET parameters: {'period1': '2026-07-25 00:00:00+00:00', 'period2': '2026-07-27 20:33:28+00:00', 'interval': '1d', 'includePrePost': False, 'events': 'div,splits,capitalGains'}
2026-07-28 02:03:28,533 - yfinance - DEBUG - [utils.py:121] - wrapper() -   Entering get()
2026-07-28 02:03:28,533 - yfinance - DEBUG - [utils.py:121] - wrapper() -    Entering _make_request()
2026-07-28 02:03:28,533 - yfinance - DEBUG - [data.py:445] - _make_request() - url=https://query2.finance.yahoo.com/v8/finance/chart/BTC-USD
2026-07-28 02:03:28,533 - yfinance - DEBUG - [data.py:446] - _make_request() - params={'period1': 1784937600, 'period2': 1785184408, 'interval': '1d', 'includePrePost': False, 'events': 'div,splits,capitalGains'}
2026-07-28 02:03:28,533 - yfinance - DEBUG - [utils.py:121] - wrapper() -     Entering _get_cookie_and_crumb()
2026-07-28 02:03:28,533 - yfinance - DEBUG - [data.py:401] - _get_cookie_and_crumb() - cookie_mode = 'basic'
2026-07-28 02:03:28,533 - yfinance - DEBUG - [utils.py:121] - wrapper() -      Entering _get_cookie_and_crumb_basic()
2026-07-28 02:03:28,534 - yfinance - DEBUG - [utils.py:121] - wrapper() -       Entering _get_cookie_basic()
2026-07-28 02:03:28,534 - yfinance - DEBUG - [data.py:237] - _get_cookie_basic() - reusing cookie
2026-07-28 02:03:28,534 - yfinance - DEBUG - [utils.py:126] - wrapper() -       Exiting _get_cookie_basic()
2026-07-28 02:03:28,534 - yfinance - DEBUG - [utils.py:121] - wrapper() -       Entering _get_crumb_basic()
2026-07-28 02:03:28,534 - yfinance - DEBUG - [data.py:261] - _get_crumb_basic() - reusing crumb
2026-07-28 02:03:28,534 - yfinance - DEBUG - [utils.py:126] - wrapper() -       Exiting _get_crumb_basic()
2026-07-28 02:03:28,534 - yfinance - DEBUG - [utils.py:126] - wrapper() -      Exiting _get_cookie_and_crumb_basic()
2026-07-28 02:03:28,534 - yfinance - DEBUG - [utils.py:126] - wrapper() -     Exiting _get_cookie_and_crumb()
2026-07-28 02:03:28,743 - yfinance - DEBUG - [data.py:484] - _make_request() - response code=200
2026-07-28 02:03:28,743 - yfinance - DEBUG - [utils.py:126] - wrapper() -    Exiting _make_request()
2026-07-28 02:03:28,743 - yfinance - DEBUG - [utils.py:126] - wrapper() -   Exiting get()
2026-07-28 02:03:28,749 - yfinance - DEBUG - [history.py:327] - history() - BTC-USD: yfinance received OHLC data: 2026-07-25 00:00:00 -> 2026-07-27 00:00:00
2026-07-28 02:03:28,752 - yfinance - DEBUG - [history.py:359] - history() - BTC-USD: OHLC after cleaning: 2026-07-25 00:00:00+00:00 -> 2026-07-27 00:00:00+00:00
2026-07-28 02:03:28,776 - yfinance - DEBUG - [history.py:454] - history() - BTC-USD: OHLC after combining events: 2026-07-25 00:00:00+00:00 -> 2026-07-27 00:00:00+00:00
2026-07-28 02:03:28,798 - yfinance - DEBUG - [history.py:541] - history() - BTC-USD: yfinance returning OHLC: 2026-07-25 00:00:00+00:00 -> 2026-07-27 00:00:00+00:00
2026-07-28 02:03:28,799 - yfinance - DEBUG - [utils.py:126] - wrapper() -  Exiting history()
2026-07-28 02:03:28,799 - yfinance - DEBUG - [utils.py:126] - wrapper() - Exiting history()
2026-07-28 02:04:27,123 - yfinance - DEBUG - [utils.py:121] - wrapper() - Entering history()
2026-07-28 02:04:27,125 - peewee - DEBUG - [peewee.py:3775] - execute_sql() - ('SELECT "t1"."key", "t1"."value" FROM "_tz_kv" AS "t1" WHERE ("t1"."key" = ?) LIMIT ? OFFSET ?', ['BTC-USD', 1, 0])
2026-07-28 02:04:27,131 - yfinance - DEBUG - [utils.py:121] - wrapper() -  Entering history()
2026-07-28 02:04:27,132 - yfinance - DEBUG - [history.py:205] - history() - BTC-USD: Yahoo GET parameters: {'period1': '2026-07-25 00:00:00+00:00', 'period2': '2026-07-27 20:34:27+00:00', 'interval': '1d', 'includePrePost': False, 'events': 'div,splits,capitalGains'}
2026-07-28 02:04:27,132 - yfinance - DEBUG - [utils.py:121] - wrapper() -   Entering get()
2026-07-28 02:04:27,133 - yfinance - DEBUG - [utils.py:121] - wrapper() -    Entering _make_request()
2026-07-28 02:04:27,133 - yfinance - DEBUG - [data.py:445] - _make_request() - url=https://query2.finance.yahoo.com/v8/finance/chart/BTC-USD
2026-07-28 02:04:27,133 - yfinance - DEBUG - [data.py:446] - _make_request() - params={'period1': 1784937600, 'period2': 1785184467, 'interval': '1d', 'includePrePost': False, 'events': 'div,splits,capitalGains'}
2026-07-28 02:04:27,134 - yfinance - DEBUG - [utils.py:121] - wrapper() -     Entering _get_cookie_and_crumb()
2026-07-28 02:04:27,134 - yfinance - DEBUG - [data.py:401] - _get_cookie_and_crumb() - cookie_mode = 'basic'
2026-07-28 02:04:27,134 - yfinance - DEBUG - [utils.py:121] - wrapper() -      Entering _get_cookie_and_crumb_basic()
2026-07-28 02:04:27,135 - yfinance - DEBUG - [utils.py:121] - wrapper() -       Entering _get_cookie_basic()
2026-07-28 02:04:27,135 - yfinance - DEBUG - [data.py:237] - _get_cookie_basic() - reusing cookie
2026-07-28 02:04:27,136 - yfinance - DEBUG - [utils.py:126] - wrapper() -       Exiting _get_cookie_basic()
2026-07-28 02:04:27,136 - yfinance - DEBUG - [utils.py:121] - wrapper() -       Entering _get_crumb_basic()
2026-07-28 02:04:27,136 - yfinance - DEBUG - [data.py:261] - _get_crumb_basic() - reusing crumb
2026-07-28 02:04:27,136 - yfinance - DEBUG - [utils.py:126] - wrapper() -       Exiting _get_crumb_basic()
2026-07-28 02:04:27,136 - yfinance - DEBUG - [utils.py:126] - wrapper() -      Exiting _get_cookie_and_crumb_basic()
2026-07-28 02:04:27,136 - yfinance - DEBUG - [utils.py:126] - wrapper() -     Exiting _get_cookie_and_crumb()
2026-07-28 02:04:27,382 - yfinance - DEBUG - [data.py:484] - _make_request() - response code=200
2026-07-28 02:04:27,382 - yfinance - DEBUG - [utils.py:126] - wrapper() -    Exiting _make_request()
2026-07-28 02:04:27,383 - yfinance - DEBUG - [utils.py:126] - wrapper() -   Exiting get()
2026-07-28 02:04:27,387 - yfinance - DEBUG - [history.py:327] - history() - BTC-USD: yfinance received OHLC data: 2026-07-25 00:00:00 -> 2026-07-27 00:00:00
2026-07-28 02:04:27,389 - yfinance - DEBUG - [history.py:359] - history() - BTC-USD: OHLC after cleaning: 2026-07-25 00:00:00+00:00 -> 2026-07-27 00:00:00+00:00
2026-07-28 02:04:27,405 - yfinance - DEBUG - [history.py:454] - history() - BTC-USD: OHLC after combining events: 2026-07-25 00:00:00+00:00 -> 2026-07-27 00:00:00+00:00
2026-07-28 02:04:27,431 - yfinance - DEBUG - [history.py:541] - history() - BTC-USD: yfinance returning OHLC: 2026-07-25 00:00:00+00:00 -> 2026-07-27 00:00:00+00:00
2026-07-28 02:04:27,432 - yfinance - DEBUG - [utils.py:126] - wrapper() -  Exiting history()
2026-07-28 02:04:27,433 - yfinance - DEBUG - [utils.py:126] - wrapper() - Exiting history()
2026-07-28 02:09:06,864 - yfinance - DEBUG - [utils.py:121] - wrapper() - Entering history()
2026-07-28 02:09:06,865 - peewee - DEBUG - [peewee.py:3775] - execute_sql() - ('SELECT "t1"."key", "t1"."value" FROM "_tz_kv" AS "t1" WHERE ("t1"."key" = ?) LIMIT ? OFFSET ?', ['BTC-USD', 1, 0])
2026-07-28 02:09:06,874 - yfinance - DEBUG - [utils.py:121] - wrapper() -  Entering history()
2026-07-28 02:09:06,875 - yfinance - DEBUG - [history.py:205] - history() - BTC-USD: Yahoo GET parameters: {'period1': '2026-07-25 00:00:00+00:00', 'period2': '2026-07-27 20:39:06+00:00', 'interval': '1d', 'includePrePost': False, 'events': 'div,splits,capitalGains'}
2026-07-28 02:09:06,875 - yfinance - DEBUG - [utils.py:121] - wrapper() -   Entering get()
2026-07-28 02:09:06,875 - yfinance - DEBUG - [utils.py:121] - wrapper() -    Entering _make_request()
2026-07-28 02:09:06,876 - yfinance - DEBUG - [data.py:445] - _make_request() - url=https://query2.finance.yahoo.com/v8/finance/chart/BTC-USD
2026-07-28 02:09:06,876 - yfinance - DEBUG - [data.py:446] - _make_request() - params={'period1': 1784937600, 'period2': 1785184746, 'interval': '1d', 'includePrePost': False, 'events': 'div,splits,capitalGains'}
2026-07-28 02:09:06,876 - yfinance - DEBUG - [utils.py:121] - wrapper() -     Entering _get_cookie_and_crumb()
2026-07-28 02:09:06,876 - yfinance - DEBUG - [data.py:401] - _get_cookie_and_crumb() - cookie_mode = 'basic'
2026-07-28 02:09:06,877 - yfinance - DEBUG - [utils.py:121] - wrapper() -      Entering _get_cookie_and_crumb_basic()
2026-07-28 02:09:06,877 - yfinance - DEBUG - [utils.py:121] - wrapper() -       Entering _get_cookie_basic()
2026-07-28 02:09:06,877 - yfinance - DEBUG - [data.py:237] - _get_cookie_basic() - reusing cookie
2026-07-28 02:09:06,877 - yfinance - DEBUG - [utils.py:126] - wrapper() -       Exiting _get_cookie_basic()
2026-07-28 02:09:06,877 - yfinance - DEBUG - [utils.py:121] - wrapper() -       Entering _get_crumb_basic()
2026-07-28 02:09:06,878 - yfinance - DEBUG - [data.py:261] - _get_crumb_basic() - reusing crumb
2026-07-28 02:09:06,878 - yfinance - DEBUG - [utils.py:126] - wrapper() -       Exiting _get_crumb_basic()
2026-07-28 02:09:06,878 - yfinance - DEBUG - [utils.py:126] - wrapper() -      Exiting _get_cookie_and_crumb_basic()
2026-07-28 02:09:06,878 - yfinance - DEBUG - [utils.py:126] - wrapper() -     Exiting _get_cookie_and_crumb()
2026-07-28 02:09:07,119 - yfinance - DEBUG - [data.py:484] - _make_request() - response code=200
2026-07-28 02:09:07,120 - yfinance - DEBUG - [utils.py:126] - wrapper() -    Exiting _make_request()
2026-07-28 02:09:07,120 - yfinance - DEBUG - [utils.py:126] - wrapper() -   Exiting get()
2026-07-28 02:09:07,125 - yfinance - DEBUG - [history.py:327] - history() - BTC-USD: yfinance received OHLC data: 2026-07-25 00:00:00 -> 2026-07-27 00:00:00
2026-07-28 02:09:07,128 - yfinance - DEBUG - [history.py:359] - history() - BTC-USD: OHLC after cleaning: 2026-07-25 00:00:00+00:00 -> 2026-07-27 00:00:00+00:00
2026-07-28 02:09:07,136 - yfinance - DEBUG - [history.py:454] - history() - BTC-USD: OHLC after combining events: 2026-07-25 00:00:00+00:00 -> 2026-07-27 00:00:00+00:00
2026-07-28 02:09:07,152 - yfinance - DEBUG - [history.py:541] - history() - BTC-USD: yfinance returning OHLC: 2026-07-25 00:00:00+00:00 -> 2026-07-27 00:00:00+00:00
2026-07-28 02:09:07,153 - yfinance - DEBUG - [utils.py:126] - wrapper() -  Exiting history()
2026-07-28 02:09:07,153 - yfinance - DEBUG - [utils.py:126] - wrapper() - Exiting history()
2026-07-28 02:12:07,707 - yfinance - DEBUG - [utils.py:121] - wrapper() - Entering history()
2026-07-28 02:12:07,708 - peewee - DEBUG - [peewee.py:3775] - execute_sql() - ('SELECT "t1"."key", "t1"."value" FROM "_tz_kv" AS "t1" WHERE ("t1"."key" = ?) LIMIT ? OFFSET ?', ['BTC-USD', 1, 0])
2026-07-28 02:12:07,719 - yfinance - DEBUG - [utils.py:121] - wrapper() -  Entering history()
2026-07-28 02:12:07,720 - yfinance - DEBUG - [history.py:205] - history() - BTC-USD: Yahoo GET parameters: {'period1': '2026-07-25 00:00:00+00:00', 'period2': '2026-07-27 20:42:07+00:00', 'interval': '1d', 'includePrePost': False, 'events': 'div,splits,capitalGains'}
2026-07-28 02:12:07,722 - yfinance - DEBUG - [utils.py:121] - wrapper() -   Entering get()
2026-07-28 02:12:07,722 - yfinance - DEBUG - [utils.py:121] - wrapper() -    Entering _make_request()
2026-07-28 02:12:07,723 - yfinance - DEBUG - [data.py:445] - _make_request() - url=https://query2.finance.yahoo.com/v8/finance/chart/BTC-USD
2026-07-28 02:12:07,723 - yfinance - DEBUG - [data.py:446] - _make_request() - params={'period1': 1784937600, 'period2': 1785184927, 'interval': '1d', 'includePrePost': False, 'events': 'div,splits,capitalGains'}
2026-07-28 02:12:07,724 - yfinance - DEBUG - [utils.py:121] - wrapper() -     Entering _get_cookie_and_crumb()
2026-07-28 02:12:07,724 - yfinance - DEBUG - [data.py:401] - _get_cookie_and_crumb() - cookie_mode = 'basic'
2026-07-28 02:12:07,725 - yfinance - DEBUG - [utils.py:121] - wrapper() -      Entering _get_cookie_and_crumb_basic()
2026-07-28 02:12:07,725 - yfinance - DEBUG - [utils.py:121] - wrapper() -       Entering _get_cookie_basic()
2026-07-28 02:12:07,726 - yfinance - DEBUG - [data.py:237] - _get_cookie_basic() - reusing cookie
2026-07-28 02:12:07,727 - yfinance - DEBUG - [utils.py:126] - wrapper() -       Exiting _get_cookie_basic()
2026-07-28 02:12:07,727 - yfinance - DEBUG - [utils.py:121] - wrapper() -       Entering _get_crumb_basic()
2026-07-28 02:12:07,728 - yfinance - DEBUG - [data.py:261] - _get_crumb_basic() - reusing crumb
2026-07-28 02:12:07,728 - yfinance - DEBUG - [utils.py:126] - wrapper() -       Exiting _get_crumb_basic()
2026-07-28 02:12:07,729 - yfinance - DEBUG - [utils.py:126] - wrapper() -      Exiting _get_cookie_and_crumb_basic()
2026-07-28 02:12:07,729 - yfinance - DEBUG - [utils.py:126] - wrapper() -     Exiting _get_cookie_and_crumb()
2026-07-28 02:12:08,247 - yfinance - DEBUG - [data.py:484] - _make_request() - response code=200
2026-07-28 02:12:08,248 - yfinance - DEBUG - [utils.py:126] - wrapper() -    Exiting _make_request()
2026-07-28 02:12:08,248 - yfinance - DEBUG - [utils.py:126] - wrapper() -   Exiting get()
2026-07-28 02:12:08,251 - yfinance - DEBUG - [history.py:327] - history() - BTC-USD: yfinance received OHLC data: 2026-07-25 00:00:00 -> 2026-07-27 00:00:00
2026-07-28 02:12:08,253 - yfinance - DEBUG - [history.py:359] - history() - BTC-USD: OHLC after cleaning: 2026-07-25 00:00:00+00:00 -> 2026-07-27 00:00:00+00:00
2026-07-28 02:12:08,260 - yfinance - DEBUG - [history.py:454] - history() - BTC-USD: OHLC after combining events: 2026-07-25 00:00:00+00:00 -> 2026-07-27 00:00:00+00:00
2026-07-28 02:12:08,274 - yfinance - DEBUG - [history.py:541] - history() - BTC-USD: yfinance returning OHLC: 2026-07-25 00:00:00+00:00 -> 2026-07-27 00:00:00+00:00
2026-07-28 02:12:08,275 - yfinance - DEBUG - [utils.py:126] - wrapper() -  Exiting history()
2026-07-28 02:12:08,275 - yfinance - DEBUG - [utils.py:126] - wrapper() - Exiting history()
2026-07-28 02:12:09,280 - yfinance - DEBUG - [utils.py:121] - wrapper() - Entering history()
2026-07-28 02:12:09,281 - peewee - DEBUG - [peewee.py:3775] - execute_sql() - ('SELECT "t1"."key", "t1"."value" FROM "_tz_kv" AS "t1" WHERE ("t1"."key" = ?) LIMIT ? OFFSET ?', ['BTC-USD', 1, 0])
2026-07-28 02:12:09,287 - yfinance - DEBUG - [utils.py:121] - wrapper() -  Entering history()
2026-07-28 02:12:09,288 - yfinance - DEBUG - [history.py:205] - history() - BTC-USD: Yahoo GET parameters: {'period1': '2026-07-25 00:00:00+00:00', 'period2': '2026-07-27 20:42:09+00:00', 'interval': '1d', 'includePrePost': False, 'events': 'div,splits,capitalGains'}
2026-07-28 02:12:09,289 - yfinance - DEBUG - [utils.py:121] - wrapper() -   Entering get()
2026-07-28 02:12:09,289 - yfinance - DEBUG - [utils.py:121] - wrapper() -    Entering _make_request()
2026-07-28 02:12:09,289 - yfinance - DEBUG - [data.py:445] - _make_request() - url=https://query2.finance.yahoo.com/v8/finance/chart/BTC-USD
2026-07-28 02:12:09,289 - yfinance - DEBUG - [data.py:446] - _make_request() - params={'period1': 1784937600, 'period2': 1785184929, 'interval': '1d', 'includePrePost': False, 'events': 'div,splits,capitalGains'}
2026-07-28 02:12:09,290 - yfinance - DEBUG - [utils.py:121] - wrapper() -     Entering _get_cookie_and_crumb()
2026-07-28 02:12:09,290 - yfinance - DEBUG - [data.py:401] - _get_cookie_and_crumb() - cookie_mode = 'basic'
2026-07-28 02:12:09,290 - yfinance - DEBUG - [utils.py:121] - wrapper() -      Entering _get_cookie_and_crumb_basic()
2026-07-28 02:12:09,290 - yfinance - DEBUG - [utils.py:121] - wrapper() -       Entering _get_cookie_basic()
2026-07-28 02:12:09,291 - yfinance - DEBUG - [data.py:237] - _get_cookie_basic() - reusing cookie
2026-07-28 02:12:09,291 - yfinance - DEBUG - [utils.py:126] - wrapper() -       Exiting _get_cookie_basic()
2026-07-28 02:12:09,292 - yfinance - DEBUG - [utils.py:121] - wrapper() -       Entering _get_crumb_basic()
2026-07-28 02:12:09,292 - yfinance - DEBUG - [data.py:261] - _get_crumb_basic() - reusing crumb
2026-07-28 02:12:09,293 - yfinance - DEBUG - [utils.py:126] - wrapper() -       Exiting _get_crumb_basic()
2026-07-28 02:12:09,293 - yfinance - DEBUG - [utils.py:126] - wrapper() -      Exiting _get_cookie_and_crumb_basic()
2026-07-28 02:12:09,294 - yfinance - DEBUG - [utils.py:126] - wrapper() -     Exiting _get_cookie_and_crumb()
2026-07-28 02:12:09,461 - yfinance - DEBUG - [data.py:484] - _make_request() - response code=200
2026-07-28 02:12:09,461 - yfinance - DEBUG - [utils.py:126] - wrapper() -    Exiting _make_request()
2026-07-28 02:12:09,461 - yfinance - DEBUG - [utils.py:126] - wrapper() -   Exiting get()
2026-07-28 02:12:09,464 - yfinance - DEBUG - [history.py:327] - history() - BTC-USD: yfinance received OHLC data: 2026-07-25 00:00:00 -> 2026-07-27 00:00:00
2026-07-28 02:12:09,466 - yfinance - DEBUG - [history.py:359] - history() - BTC-USD: OHLC after cleaning: 2026-07-25 00:00:00+00:00 -> 2026-07-27 00:00:00+00:00
2026-07-28 02:12:09,475 - yfinance - DEBUG - [history.py:454] - history() - BTC-USD: OHLC after combining events: 2026-07-25 00:00:00+00:00 -> 2026-07-27 00:00:00+00:00
2026-07-28 02:12:09,491 - yfinance - DEBUG - [history.py:541] - history() - BTC-USD: yfinance returning OHLC: 2026-07-25 00:00:00+00:00 -> 2026-07-27 00:00:00+00:00
2026-07-28 02:12:09,493 - yfinance - DEBUG - [utils.py:126] - wrapper() -  Exiting history()
2026-07-28 02:12:09,493 - yfinance - DEBUG - [utils.py:126] - wrapper() - Exiting history()
2026-07-28 02:12:50,656 - git.cmd - DEBUG - [cmd.py:1394] - execute() - Popen(['git', 'version'], cwd=D:\DEV\PY\TRADING_APP, stdin=None, shell=False, universal_newlines=False)
2026-07-28 02:12:50,994 - git.cmd - DEBUG - [cmd.py:1394] - execute() - Popen(['git', 'version'], cwd=D:\DEV\PY\TRADING_APP, stdin=None, shell=False, universal_newlines=False)
2026-07-28 02:12:51,273 - git.util - DEBUG - [util.py:494] - is_cygwin_git() - sys.platform='win32', git_executable='git'
2026-07-28 02:12:51,279 - git.cmd - DEBUG - [cmd.py:1394] - execute() - Popen(['git', 'version'], cwd=D:\DEV\PY\TRADING_APP, stdin=None, shell=False, universal_newlines=False)
2026-07-28 02:12:51,594 - git.cmd - DEBUG - [cmd.py:1394] - execute() - Popen(['git', 'rev-parse', '--show-toplevel'], cwd=D:\DEV\PY\TRADING_APP, stdin=None, shell=False, universal_newlines=False)
2026-07-28 02:12:51,955 - git.cmd - DEBUG - [cmd.py:1394] - execute() - Popen(['git', 'remote', 'get-url', '--all', 'origin'], cwd=D:\DEV\PY\TRADING_APP, stdin=None, shell=False, universal_newlines=False)
2026-07-28 02:12:52,282 - git.cmd - DEBUG - [cmd.py:1394] - execute() - Popen(['git', 'status', '--porcelain', '--untracked-files'], cwd=D:\DEV\PY\TRADING_APP, stdin=None, shell=False, universal_newlines=False)
2026-07-28 02:12:52,645 - git.cmd - DEBUG - [cmd.py:1394] - execute() - Popen(['git', 'diff', '--abbrev=40', '--full-index', '-M', '--raw', '-z', '--no-color'], cwd=D:\DEV\PY\TRADING_APP, stdin=None, shell=False, universal_newlines=False)
2026-07-28 02:12:52,999 - git.cmd - DEBUG - [cmd.py:1394] - execute() - Popen(['git', 'cat-file', '--batch-check'], cwd=D:\DEV\PY\TRADING_APP, stdin=<valid stream>, shell=False, universal_newlines=False)
2026-07-28 02:12:53,376 - git.cmd - DEBUG - [cmd.py:1394] - execute() - Popen(['git', 'rev-list', 'origin/Phase2..Phase2', '--'], cwd=D:\DEV\PY\TRADING_APP, stdin=None, shell=False, universal_newlines=False)
2026-07-28 02:14:54,678 - yfinance - DEBUG - [utils.py:121] - wrapper() - Entering history()
2026-07-28 02:14:54,679 - peewee - DEBUG - [peewee.py:3775] - execute_sql() - ('SELECT "t1"."key", "t1"."value" FROM "_tz_kv" AS "t1" WHERE ("t1"."key" = ?) LIMIT ? OFFSET ?', ['BTC-USD', 1, 0])
2026-07-28 02:14:54,687 - yfinance - DEBUG - [utils.py:121] - wrapper() -  Entering history()
2026-07-28 02:14:54,689 - yfinance - DEBUG - [history.py:205] - history() - BTC-USD: Yahoo GET parameters: {'period1': '2026-07-25 00:00:00+00:00', 'period2': '2026-07-27 20:44:54+00:00', 'interval': '1d', 'includePrePost': False, 'events': 'div,splits,capitalGains'}
2026-07-28 02:14:54,689 - yfinance - DEBUG - [utils.py:121] - wrapper() -   Entering get()
2026-07-28 02:14:54,690 - yfinance - DEBUG - [utils.py:121] - wrapper() -    Entering _make_request()
2026-07-28 02:14:54,690 - yfinance - DEBUG - [data.py:445] - _make_request() - url=https://query2.finance.yahoo.com/v8/finance/chart/BTC-USD
2026-07-28 02:14:54,690 - yfinance - DEBUG - [data.py:446] - _make_request() - params={'period1': 1784937600, 'period2': 1785185094, 'interval': '1d', 'includePrePost': False, 'events': 'div,splits,capitalGains'}
2026-07-28 02:14:54,691 - yfinance - DEBUG - [utils.py:121] - wrapper() -     Entering _get_cookie_and_crumb()
2026-07-28 02:14:54,691 - yfinance - DEBUG - [data.py:401] - _get_cookie_and_crumb() - cookie_mode = 'basic'
2026-07-28 02:14:54,692 - yfinance - DEBUG - [utils.py:121] - wrapper() -      Entering _get_cookie_and_crumb_basic()
2026-07-28 02:14:54,693 - yfinance - DEBUG - [utils.py:121] - wrapper() -       Entering _get_cookie_basic()
2026-07-28 02:14:54,693 - yfinance - DEBUG - [data.py:237] - _get_cookie_basic() - reusing cookie
2026-07-28 02:14:54,694 - yfinance - DEBUG - [utils.py:126] - wrapper() -       Exiting _get_cookie_basic()
2026-07-28 02:14:54,694 - yfinance - DEBUG - [utils.py:121] - wrapper() -       Entering _get_crumb_basic()
2026-07-28 02:14:54,694 - yfinance - DEBUG - [data.py:261] - _get_crumb_basic() - reusing crumb
2026-07-28 02:14:54,694 - yfinance - DEBUG - [utils.py:126] - wrapper() -       Exiting _get_crumb_basic()
2026-07-28 02:14:54,694 - yfinance - DEBUG - [utils.py:126] - wrapper() -      Exiting _get_cookie_and_crumb_basic()
2026-07-28 02:14:54,695 - yfinance - DEBUG - [utils.py:126] - wrapper() -     Exiting _get_cookie_and_crumb()
2026-07-28 02:14:54,942 - yfinance - DEBUG - [data.py:484] - _make_request() - response code=200
2026-07-28 02:14:54,942 - yfinance - DEBUG - [utils.py:126] - wrapper() -    Exiting _make_request()
2026-07-28 02:14:54,943 - yfinance - DEBUG - [utils.py:126] - wrapper() -   Exiting get()
2026-07-28 02:14:54,947 - yfinance - DEBUG - [history.py:327] - history() - BTC-USD: yfinance received OHLC data: 2026-07-25 00:00:00 -> 2026-07-27 00:00:00
2026-07-28 02:14:54,949 - yfinance - DEBUG - [history.py:359] - history() - BTC-USD: OHLC after cleaning: 2026-07-25 00:00:00+00:00 -> 2026-07-27 00:00:00+00:00
2026-07-28 02:14:54,956 - yfinance - DEBUG - [history.py:454] - history() - BTC-USD: OHLC after combining events: 2026-07-25 00:00:00+00:00 -> 2026-07-27 00:00:00+00:00
2026-07-28 02:14:54,968 - yfinance - DEBUG - [history.py:541] - history() - BTC-USD: yfinance returning OHLC: 2026-07-25 00:00:00+00:00 -> 2026-07-27 00:00:00+00:00
2026-07-28 02:14:54,969 - yfinance - DEBUG - [utils.py:126] - wrapper() -  Exiting history()
2026-07-28 02:14:54,969 - yfinance - DEBUG - [utils.py:126] - wrapper() - Exiting history()
2026-07-28 02:14:59,960 - yfinance - DEBUG - [utils.py:121] - wrapper() - Entering history()
2026-07-28 02:14:59,962 - peewee - DEBUG - [peewee.py:3775] - execute_sql() - ('SELECT "t1"."key", "t1"."value" FROM "_tz_kv" AS "t1" WHERE ("t1"."key" = ?) LIMIT ? OFFSET ?', ['BTC-USD', 1, 0])
2026-07-28 02:14:59,970 - yfinance - DEBUG - [utils.py:121] - wrapper() -  Entering history()
2026-07-28 02:14:59,970 - yfinance - DEBUG - [history.py:205] - history() - BTC-USD: Yahoo GET parameters: {'period1': '2026-07-25 00:00:00+00:00', 'period2': '2026-07-27 20:44:59+00:00', 'interval': '1d', 'includePrePost': False, 'events': 'div,splits,capitalGains'}
2026-07-28 02:14:59,971 - yfinance - DEBUG - [utils.py:121] - wrapper() -   Entering get()
2026-07-28 02:14:59,971 - yfinance - DEBUG - [utils.py:121] - wrapper() -    Entering _make_request()
2026-07-28 02:14:59,971 - yfinance - DEBUG - [data.py:445] - _make_request() - url=https://query2.finance.yahoo.com/v8/finance/chart/BTC-USD
2026-07-28 02:14:59,971 - yfinance - DEBUG - [data.py:446] - _make_request() - params={'period1': 1784937600, 'period2': 1785185099, 'interval': '1d', 'includePrePost': False, 'events': 'div,splits,capitalGains'}
2026-07-28 02:14:59,971 - yfinance - DEBUG - [utils.py:121] - wrapper() -     Entering _get_cookie_and_crumb()
2026-07-28 02:14:59,971 - yfinance - DEBUG - [data.py:401] - _get_cookie_and_crumb() - cookie_mode = 'basic'
2026-07-28 02:14:59,971 - yfinance - DEBUG - [utils.py:121] - wrapper() -      Entering _get_cookie_and_crumb_basic()
2026-07-28 02:14:59,971 - yfinance - DEBUG - [utils.py:121] - wrapper() -       Entering _get_cookie_basic()
2026-07-28 02:14:59,971 - yfinance - DEBUG - [data.py:237] - _get_cookie_basic() - reusing cookie
2026-07-28 02:14:59,972 - yfinance - DEBUG - [utils.py:126] - wrapper() -       Exiting _get_cookie_basic()
2026-07-28 02:14:59,972 - yfinance - DEBUG - [utils.py:121] - wrapper() -       Entering _get_crumb_basic()
2026-07-28 02:14:59,972 - yfinance - DEBUG - [data.py:261] - _get_crumb_basic() - reusing crumb
2026-07-28 02:14:59,972 - yfinance - DEBUG - [utils.py:126] - wrapper() -       Exiting _get_crumb_basic()
2026-07-28 02:14:59,972 - yfinance - DEBUG - [utils.py:126] - wrapper() -      Exiting _get_cookie_and_crumb_basic()
2026-07-28 02:14:59,972 - yfinance - DEBUG - [utils.py:126] - wrapper() -     Exiting _get_cookie_and_crumb()
2026-07-28 02:15:00,210 - yfinance - DEBUG - [data.py:484] - _make_request() - response code=200
2026-07-28 02:15:00,210 - yfinance - DEBUG - [utils.py:126] - wrapper() -    Exiting _make_request()
2026-07-28 02:15:00,211 - yfinance - DEBUG - [utils.py:126] - wrapper() -   Exiting get()
2026-07-28 02:15:00,214 - yfinance - DEBUG - [history.py:327] - history() - BTC-USD: yfinance received OHLC data: 2026-07-25 00:00:00 -> 2026-07-27 00:00:00
2026-07-28 02:15:00,217 - yfinance - DEBUG - [history.py:359] - history() - BTC-USD: OHLC after cleaning: 2026-07-25 00:00:00+00:00 -> 2026-07-27 00:00:00+00:00
2026-07-28 02:15:00,225 - yfinance - DEBUG - [history.py:454] - history() - BTC-USD: OHLC after combining events: 2026-07-25 00:00:00+00:00 -> 2026-07-27 00:00:00+00:00
2026-07-28 02:15:00,236 - yfinance - DEBUG - [history.py:541] - history() - BTC-USD: yfinance returning OHLC: 2026-07-25 00:00:00+00:00 -> 2026-07-27 00:00:00+00:00
2026-07-28 02:15:00,237 - yfinance - DEBUG - [utils.py:126] - wrapper() -  Exiting history()
2026-07-28 02:15:00,237 - yfinance - DEBUG - [utils.py:126] - wrapper() - Exiting history()
2026-07-28 02:15:02,536 - yfinance - DEBUG - [utils.py:121] - wrapper() - Entering history()
2026-07-28 02:15:02,537 - peewee - DEBUG - [peewee.py:3775] - execute_sql() - ('SELECT "t1"."key", "t1"."value" FROM "_tz_kv" AS "t1" WHERE ("t1"."key" = ?) LIMIT ? OFFSET ?', ['BTC-USD', 1, 0])
2026-07-28 02:15:02,541 - yfinance - DEBUG - [utils.py:121] - wrapper() -  Entering history()
2026-07-28 02:15:02,542 - yfinance - DEBUG - [history.py:205] - history() - BTC-USD: Yahoo GET parameters: {'period1': '2026-07-25 00:00:00+00:00', 'period2': '2026-07-27 20:45:02+00:00', 'interval': '1d', 'includePrePost': False, 'events': 'div,splits,capitalGains'}
2026-07-28 02:15:02,542 - yfinance - DEBUG - [utils.py:121] - wrapper() -   Entering get()
2026-07-28 02:15:02,542 - yfinance - DEBUG - [utils.py:121] - wrapper() -    Entering _make_request()
2026-07-28 02:15:02,543 - yfinance - DEBUG - [data.py:445] - _make_request() - url=https://query2.finance.yahoo.com/v8/finance/chart/BTC-USD
2026-07-28 02:15:02,543 - yfinance - DEBUG - [data.py:446] - _make_request() - params={'period1': 1784937600, 'period2': 1785185102, 'interval': '1d', 'includePrePost': False, 'events': 'div,splits,capitalGains'}
2026-07-28 02:15:02,543 - yfinance - DEBUG - [utils.py:121] - wrapper() -     Entering _get_cookie_and_crumb()
2026-07-28 02:15:02,543 - yfinance - DEBUG - [data.py:401] - _get_cookie_and_crumb() - cookie_mode = 'basic'
2026-07-28 02:15:02,543 - yfinance - DEBUG - [utils.py:121] - wrapper() -      Entering _get_cookie_and_crumb_basic()
2026-07-28 02:15:02,543 - yfinance - DEBUG - [utils.py:121] - wrapper() -       Entering _get_cookie_basic()
2026-07-28 02:15:02,543 - yfinance - DEBUG - [data.py:237] - _get_cookie_basic() - reusing cookie
2026-07-28 02:15:02,543 - yfinance - DEBUG - [utils.py:126] - wrapper() -       Exiting _get_cookie_basic()
2026-07-28 02:15:02,543 - yfinance - DEBUG - [utils.py:121] - wrapper() -       Entering _get_crumb_basic()
2026-07-28 02:15:02,544 - yfinance - DEBUG - [data.py:261] - _get_crumb_basic() - reusing crumb
2026-07-28 02:15:02,544 - yfinance - DEBUG - [utils.py:126] - wrapper() -       Exiting _get_crumb_basic()
2026-07-28 02:15:02,544 - yfinance - DEBUG - [utils.py:126] - wrapper() -      Exiting _get_cookie_and_crumb_basic()
2026-07-28 02:15:02,544 - yfinance - DEBUG - [utils.py:126] - wrapper() -     Exiting _get_cookie_and_crumb()
2026-07-28 02:15:02,773 - yfinance - DEBUG - [data.py:484] - _make_request() - response code=200
2026-07-28 02:15:02,774 - yfinance - DEBUG - [utils.py:126] - wrapper() -    Exiting _make_request()
2026-07-28 02:15:02,774 - yfinance - DEBUG - [utils.py:126] - wrapper() -   Exiting get()
2026-07-28 02:15:02,778 - yfinance - DEBUG - [history.py:327] - history() - BTC-USD: yfinance received OHLC data: 2026-07-25 00:00:00 -> 2026-07-27 00:00:00
2026-07-28 02:15:02,781 - yfinance - DEBUG - [history.py:359] - history() - BTC-USD: OHLC after cleaning: 2026-07-25 00:00:00+00:00 -> 2026-07-27 00:00:00+00:00
2026-07-28 02:15:02,790 - yfinance - DEBUG - [history.py:454] - history() - BTC-USD: OHLC after combining events: 2026-07-25 00:00:00+00:00 -> 2026-07-27 00:00:00+00:00
2026-07-28 02:15:02,803 - yfinance - DEBUG - [history.py:541] - history() - BTC-USD: yfinance returning OHLC: 2026-07-25 00:00:00+00:00 -> 2026-07-27 00:00:00+00:00
2026-07-28 02:15:02,804 - yfinance - DEBUG - [utils.py:126] - wrapper() -  Exiting history()
2026-07-28 02:15:02,805 - yfinance - DEBUG - [utils.py:126] - wrapper() - Exiting history()
2026-10-04 01:50:49,549 - utils.logging_setup - INFO - [logging_setup.py:15] - setup_logging() - Logging initialized successfully
2026-10-04 01:51:08,341 - yfinance - DEBUG - [utils.py:121] - wrapper() - Entering history()
2026-10-04 01:51:08,341 - peewee - DEBUG - [peewee.py:3904] - _log_query() - ('SELECT "t1"."key", "t1"."value" FROM "_tz_kv" AS "t1" WHERE ("t1"."key" = ?) LIMIT ? OFFSET ?', ['BTC-USD', 1, 0])
2026-10-04 01:51:08,341 - yfinance - DEBUG - [utils.py:121] - wrapper() -  Entering history()
2026-10-04 01:51:08,342 - yfinance - DEBUG - [history.py:273] - history() - BTC-USD: Yahoo GET parameters: {'period1': '2026-09-24 00:00:00+00:00', 'period2': '2026-10-03 20:21:08+00:00', 'interval': '1m', 'includePrePost': False, 'events': 'div,splits,capitalGains'}
2026-10-04 01:51:08,342 - yfinance - DEBUG - [utils.py:121] - wrapper() -   Entering get()
2026-10-04 01:51:08,342 - yfinance - DEBUG - [utils.py:121] - wrapper() -    Entering _make_request()
2026-10-04 01:51:08,342 - yfinance - DEBUG - [data.py:427] - _make_request() - url=https://query2.finance.yahoo.com/v8/finance/chart/BTC-USD
2026-10-04 01:51:08,342 - yfinance - DEBUG - [data.py:428] - _make_request() - params={'period1': 1790208000, 'period2': 1791058868, 'interval': '1m', 'includePrePost': False, 'events': 'div,splits,capitalGains'}
2026-10-04 01:51:08,342 - yfinance - DEBUG - [utils.py:121] - wrapper() -     Entering _get_cookie_and_crumb()
2026-10-04 01:51:08,342 - yfinance - DEBUG - [data.py:383] - _get_cookie_and_crumb() - cookie_mode = 'basic'
2026-10-04 01:51:08,342 - yfinance - DEBUG - [utils.py:121] - wrapper() -      Entering _get_cookie_and_crumb_basic()
2026-10-04 01:51:08,342 - yfinance - DEBUG - [utils.py:121] - wrapper() -       Entering _get_cookie_basic()
2026-10-04 01:51:08,342 - yfinance - DEBUG - [data.py:228] - _get_cookie_basic() - reusing cookie
2026-10-04 01:51:08,342 - yfinance - DEBUG - [utils.py:126] - wrapper() -       Exiting _get_cookie_basic()
2026-10-04 01:51:08,342 - yfinance - DEBUG - [utils.py:121] - wrapper() -       Entering _get_crumb_basic()
2026-10-04 01:51:08,342 - yfinance - DEBUG - [data.py:261] - _get_crumb_basic() - reusing crumb
2026-10-04 01:51:08,342 - yfinance - DEBUG - [utils.py:126] - wrapper() -       Exiting _get_crumb_basic()
2026-10-04 01:51:08,342 - yfinance - DEBUG - [utils.py:126] - wrapper() -      Exiting _get_cookie_and_crumb_basic()
2026-10-04 01:51:08,342 - yfinance - DEBUG - [utils.py:126] - wrapper() -     Exiting _get_cookie_and_crumb()
2026-10-04 01:51:09,295 - yfinance - DEBUG - [data.py:482] - _make_request() - response code=422
2026-10-04 01:51:09,295 - yfinance - DEBUG - [data.py:170] - _set_cookie_strategy() - toggling cookie strategy basic -> csrf
2026-10-04 01:51:09,295 - yfinance - DEBUG - [utils.py:121] - wrapper() -     Entering _get_cookie_and_crumb()
2026-10-04 01:51:09,295 - yfinance - DEBUG - [data.py:383] - _get_cookie_and_crumb() - cookie_mode = 'csrf'
2026-10-04 01:51:09,295 - yfinance - DEBUG - [utils.py:121] - wrapper() -      Entering _get_crumb_csrf()
2026-10-04 01:51:09,295 - yfinance - DEBUG - [utils.py:121] - wrapper() -       Entering _get_cookie_csrf()
2026-10-04 01:51:09,295 - yfinance - DEBUG - [utils.py:121] - wrapper() -        Entering _load_cookie_curlCffi()
2026-10-04 01:51:09,296 - peewee - DEBUG - [peewee.py:3904] - _log_query() - ('SELECT "t1"."strategy", "t1"."fetch_date", "t1"."cookie_bytes" FROM "_cookieschema" AS "t1" WHERE ("t1"."strategy" = ?) LIMIT ? OFFSET ?', ['curlCffi', 1, 0])
2026-10-04 01:51:09,298 - yfinance - DEBUG - [utils.py:126] - wrapper() -        Exiting _load_cookie_curlCffi()
2026-10-04 01:51:09,298 - yfinance - DEBUG - [data.py:298] - _get_cookie_csrf() - reusing persistent cookie
2026-10-04 01:51:09,298 - yfinance - DEBUG - [utils.py:126] - wrapper() -       Exiting _get_cookie_csrf()
2026-10-04 01:51:09,591 - yfinance - DEBUG - [data.py:376] - _get_crumb_csrf() - crumb = '2PoyIcSAJRM'
2026-10-04 01:51:09,592 - yfinance - DEBUG - [utils.py:126] - wrapper() -      Exiting _get_crumb_csrf()
2026-10-04 01:51:09,592 - yfinance - DEBUG - [utils.py:126] - wrapper() -     Exiting _get_cookie_and_crumb()
2026-10-04 01:51:09,914 - yfinance - DEBUG - [data.py:502] - _make_request() - response code=422
2026-10-04 01:51:09,914 - yfinance - DEBUG - [utils.py:126] - wrapper() -    Exiting _make_request()
2026-10-04 01:51:09,914 - yfinance - DEBUG - [utils.py:126] - wrapper() -   Exiting get()
2026-10-04 01:51:09,914 - yfinance - ERROR - [history.py:372] - history() - $BTC-USD: 1m data not available for startTime=1790208000 and endTime=1791058868. Only 8 days worth of 1m granularity data are allowed to be fetched per request.
2026-10-04 01:51:09,918 - yfinance - DEBUG - [utils.py:126] - wrapper() -  Exiting history()
2026-10-04 01:51:09,918 - yfinance - DEBUG - [utils.py:126] - wrapper() - Exiting history()
2026-10-04 01:51:09,918 - yfinance - DEBUG - [utils.py:121] - wrapper() - Entering history()
2026-10-04 01:51:09,918 - yfinance - DEBUG - [utils.py:121] - wrapper() -  Entering history()
2026-10-04 01:51:09,918 - yfinance - DEBUG - [history.py:273] - history() - BTC-USD: Yahoo GET parameters: {'range': '5d', 'interval': '1m', 'includePrePost': False, 'events': 'div,splits,capitalGains'}
2026-10-04 01:51:09,918 - yfinance - DEBUG - [utils.py:121] - wrapper() -   Entering get()
2026-10-04 01:51:09,918 - yfinance - DEBUG - [utils.py:121] - wrapper() -    Entering _make_request()
2026-10-04 01:51:09,918 - yfinance - DEBUG - [data.py:427] - _make_request() - url=https://query2.finance.yahoo.com/v8/finance/chart/BTC-USD
2026-10-04 01:51:09,918 - yfinance - DEBUG - [data.py:428] - _make_request() - params={'range': '5d', 'interval': '1m', 'includePrePost': False, 'events': 'div,splits,capitalGains'}
2026-10-04 01:51:09,919 - yfinance - DEBUG - [utils.py:121] - wrapper() -     Entering _get_cookie_and_crumb()
2026-10-04 01:51:09,919 - yfinance - DEBUG - [data.py:383] - _get_cookie_and_crumb() - cookie_mode = 'csrf'
2026-10-04 01:51:09,919 - yfinance - DEBUG - [utils.py:121] - wrapper() -      Entering _get_crumb_csrf()
2026-10-04 01:51:09,919 - yfinance - DEBUG - [data.py:355] - _get_crumb_csrf() - reusing crumb
2026-10-04 01:51:09,919 - yfinance - DEBUG - [utils.py:126] - wrapper() -      Exiting _get_crumb_csrf()
2026-10-04 01:51:09,919 - yfinance - DEBUG - [utils.py:126] - wrapper() -     Exiting _get_cookie_and_crumb()
2026-10-04 01:51:11,307 - yfinance - DEBUG - [data.py:482] - _make_request() - response code=200
2026-10-04 01:51:11,308 - yfinance - DEBUG - [utils.py:126] - wrapper() -    Exiting _make_request()
2026-10-04 01:51:11,308 - yfinance - DEBUG - [utils.py:126] - wrapper() -   Exiting get()
2026-10-04 01:51:11,324 - yfinance - DEBUG - [history.py:403] - history() - BTC-USD: yfinance received OHLC data: 2026-09-29 00:00:00 -> 2026-10-03 20:21:06
2026-10-04 01:51:11,333 - yfinance - DEBUG - [history.py:435] - history() - BTC-USD: OHLC after cleaning: 2026-09-29 00:00:00+00:00 -> 2026-10-03 20:21:06+00:00
2026-10-04 01:51:11,335 - yfinance - DEBUG - [history.py:530] - history() - BTC-USD: OHLC after combining events: 2026-09-29 00:00:00+00:00 -> 2026-10-03 20:21:06+00:00
2026-10-04 01:51:11,342 - yfinance - DEBUG - [history.py:636] - history() - BTC-USD: yfinance returning OHLC: 2026-09-29 00:00:00+00:00 -> 2026-10-03 20:21:00+00:00
2026-10-04 01:51:11,342 - yfinance - DEBUG - [utils.py:126] - wrapper() -  Exiting history()
2026-10-04 01:51:11,342 - yfinance - DEBUG - [utils.py:126] - wrapper() - Exiting history()
2026-10-04 01:52:03,763 - yfinance - DEBUG - [utils.py:121] - wrapper() - Entering history()
2026-10-04 01:52:03,763 - peewee - DEBUG - [peewee.py:3904] - _log_query() - ('SELECT "t1"."key", "t1"."value" FROM "_tz_kv" AS "t1" WHERE ("t1"."key" = ?) LIMIT ? OFFSET ?', ['BTC-USD', 1, 0])
2026-10-04 01:52:03,764 - yfinance - DEBUG - [utils.py:121] - wrapper() -  Entering history()
2026-10-04 01:52:03,764 - yfinance - DEBUG - [history.py:273] - history() - BTC-USD: Yahoo GET parameters: {'period1': '2026-10-01 00:00:00+00:00', 'period2': '2026-10-03 20:22:03+00:00', 'interval': '5m', 'includePrePost': False, 'events': 'div,splits,capitalGains'}
2026-10-04 01:52:03,764 - yfinance - DEBUG - [utils.py:121] - wrapper() -   Entering get()
2026-10-04 01:52:03,764 - yfinance - DEBUG - [utils.py:121] - wrapper() -    Entering _make_request()
2026-10-04 01:52:03,764 - yfinance - DEBUG - [data.py:427] - _make_request() - url=https://query2.finance.yahoo.com/v8/finance/chart/BTC-USD
2026-10-04 01:52:03,764 - yfinance - DEBUG - [data.py:428] - _make_request() - params={'period1': 1790812800, 'period2': 1791058923, 'interval': '5m', 'includePrePost': False, 'events': 'div,splits,capitalGains'}
2026-10-04 01:52:03,764 - yfinance - DEBUG - [utils.py:121] - wrapper() -     Entering _get_cookie_and_crumb()
2026-10-04 01:52:03,764 - yfinance - DEBUG - [data.py:383] - _get_cookie_and_crumb() - cookie_mode = 'csrf'
2026-10-04 01:52:03,764 - yfinance - DEBUG - [utils.py:121] - wrapper() -      Entering _get_crumb_csrf()
2026-10-04 01:52:03,764 - yfinance - DEBUG - [data.py:355] - _get_crumb_csrf() - reusing crumb
2026-10-04 01:52:03,764 - yfinance - DEBUG - [utils.py:126] - wrapper() -      Exiting _get_crumb_csrf()
2026-10-04 01:52:03,764 - yfinance - DEBUG - [utils.py:126] - wrapper() -     Exiting _get_cookie_and_crumb()
2026-10-04 01:52:04,906 - yfinance - DEBUG - [data.py:482] - _make_request() - response code=200
2026-10-04 01:52:04,907 - yfinance - DEBUG - [utils.py:126] - wrapper() -    Exiting _make_request()
2026-10-04 01:52:04,907 - yfinance - DEBUG - [utils.py:126] - wrapper() -   Exiting get()
2026-10-04 01:52:04,910 - yfinance - DEBUG - [history.py:403] - history() - BTC-USD: yfinance received OHLC data: 2026-10-01 00:00:00 -> 2026-10-03 20:22:01
2026-10-04 01:52:04,918 - yfinance - DEBUG - [history.py:435] - history() - BTC-USD: OHLC after cleaning: 2026-10-01 00:00:00+00:00 -> 2026-10-03 20:22:01+00:00
2026-10-04 01:52:04,920 - yfinance - DEBUG - [history.py:530] - history() - BTC-USD: OHLC after combining events: 2026-10-01 00:00:00+00:00 -> 2026-10-03 20:22:01+00:00
2026-10-04 01:52:04,927 - yfinance - DEBUG - [history.py:636] - history() - BTC-USD: yfinance returning OHLC: 2026-10-01 00:00:00+00:00 -> 2026-10-03 20:20:00+00:00
2026-10-04 01:52:04,927 - yfinance - DEBUG - [utils.py:126] - wrapper() -  Exiting history()
2026-10-04 01:52:04,927 - yfinance - DEBUG - [utils.py:126] - wrapper() - Exiting history()
2026-10-04 02:31:15,086 - utils.logging_setup - INFO - [logging_setup.py:15] - setup_logging() - Logging initialized successfully
2026-10-04 02:31:15,184 - yfinance - DEBUG - [utils.py:121] - wrapper() - Entering history()
2026-10-04 02:31:15,186 - peewee - DEBUG - [peewee.py:3904] - _log_query() - ('CREATE TABLE IF NOT EXISTS "_tz_kv" ("key" VARCHAR(255) NOT NULL PRIMARY KEY, "value" VARCHAR(255)) WITHOUT ROWID', [])
2026-10-04 02:31:15,187 - peewee - DEBUG - [peewee.py:3904] - _log_query() - ('SELECT "t1"."key", "t1"."value" FROM "_tz_kv" AS "t1" WHERE ("t1"."key" = ?) LIMIT ? OFFSET ?', ['BTC-USD', 1, 0])
2026-10-04 02:31:15,187 - yfinance - DEBUG - [utils.py:121] - wrapper() -  Entering history()
2026-10-04 02:31:15,187 - yfinance - DEBUG - [history.py:273] - history() - BTC-USD: Yahoo GET parameters: {'period1': '2026-10-01 00:00:00+00:00', 'period2': '2026-10-03 21:01:15+00:00', 'interval': '1d', 'includePrePost': False, 'events': 'div,splits,capitalGains'}
2026-10-04 02:31:15,187 - yfinance - DEBUG - [utils.py:121] - wrapper() -   Entering get()
2026-10-04 02:31:15,187 - yfinance - DEBUG - [utils.py:121] - wrapper() -    Entering _make_request()
2026-10-04 02:31:15,187 - yfinance - DEBUG - [data.py:427] - _make_request() - url=https://query2.finance.yahoo.com/v8/finance/chart/BTC-USD
2026-10-04 02:31:15,187 - yfinance - DEBUG - [data.py:428] - _make_request() - params={'period1': 1790812800, 'period2': 1791061275, 'interval': '1d', 'includePrePost': False, 'events': 'div,splits,capitalGains'}
2026-10-04 02:31:15,187 - yfinance - DEBUG - [utils.py:121] - wrapper() -     Entering _get_cookie_and_crumb()
2026-10-04 02:31:15,187 - yfinance - DEBUG - [data.py:383] - _get_cookie_and_crumb() - cookie_mode = 'basic'
2026-10-04 02:31:15,187 - yfinance - DEBUG - [utils.py:121] - wrapper() -      Entering _get_cookie_and_crumb_basic()
2026-10-04 02:31:15,187 - yfinance - DEBUG - [utils.py:121] - wrapper() -       Entering _get_cookie_basic()
2026-10-04 02:31:15,187 - yfinance - DEBUG - [utils.py:121] - wrapper() -        Entering _load_cookie_curlCffi()
2026-10-04 02:31:15,188 - peewee - DEBUG - [peewee.py:3904] - _log_query() - ('CREATE TABLE IF NOT EXISTS "_cookieschema" ("strategy" VARCHAR(255) NOT NULL PRIMARY KEY, "fetch_date" DATETIME NOT NULL, "cookie_bytes" BLOB NOT NULL) WITHOUT ROWID', [])
2026-10-04 02:31:15,188 - peewee - DEBUG - [peewee.py:3904] - _log_query() - ('SELECT "t1"."strategy", "t1"."fetch_date", "t1"."cookie_bytes" FROM "_cookieschema" AS "t1" WHERE ("t1"."strategy" = ?) LIMIT ? OFFSET ?', ['curlCffi', 1, 0])
2026-10-04 02:31:15,188 - yfinance - DEBUG - [utils.py:126] - wrapper() -        Exiting _load_cookie_curlCffi()
2026-10-04 02:31:15,188 - yfinance - DEBUG - [data.py:231] - _get_cookie_basic() - reusing persistent cookie
2026-10-04 02:31:15,188 - yfinance - DEBUG - [utils.py:126] - wrapper() -       Exiting _get_cookie_basic()
2026-10-04 02:31:15,188 - yfinance - DEBUG - [utils.py:121] - wrapper() -       Entering _get_crumb_basic()
2026-10-04 02:31:15,188 - yfinance - DEBUG - [utils.py:121] - wrapper() -        Entering _get_cookie_basic()
2026-10-04 02:31:15,188 - yfinance - DEBUG - [data.py:228] - _get_cookie_basic() - reusing cookie
2026-10-04 02:31:15,188 - yfinance - DEBUG - [utils.py:126] - wrapper() -        Exiting _get_cookie_basic()
2026-10-04 02:31:15,431 - yfinance - DEBUG - [data.py:282] - _get_crumb_basic() - crumb = '2PoyIcSAJRM'
2026-10-04 02:31:15,431 - yfinance - DEBUG - [utils.py:126] - wrapper() -       Exiting _get_crumb_basic()
2026-10-04 02:31:15,431 - yfinance - DEBUG - [utils.py:126] - wrapper() -      Exiting _get_cookie_and_crumb_basic()
2026-10-04 02:31:15,431 - yfinance - DEBUG - [utils.py:126] - wrapper() -     Exiting _get_cookie_and_crumb()
2026-10-04 02:31:16,263 - yfinance - DEBUG - [data.py:482] - _make_request() - response code=200
2026-10-04 02:31:16,263 - yfinance - DEBUG - [utils.py:126] - wrapper() -    Exiting _make_request()
2026-10-04 02:31:16,263 - yfinance - DEBUG - [utils.py:126] - wrapper() -   Exiting get()
2026-10-04 02:31:16,268 - yfinance - DEBUG - [history.py:403] - history() - BTC-USD: yfinance received OHLC data: 2026-10-01 00:00:00 -> 2026-10-03 00:00:00
2026-10-04 02:31:16,273 - yfinance - DEBUG - [history.py:435] - history() - BTC-USD: OHLC after cleaning: 2026-10-01 00:00:00+00:00 -> 2026-10-03 00:00:00+00:00
2026-10-04 02:31:16,280 - yfinance - DEBUG - [history.py:530] - history() - BTC-USD: OHLC after combining events: 2026-10-01 00:00:00+00:00 -> 2026-10-03 00:00:00+00:00
2026-10-04 02:31:16,290 - yfinance - DEBUG - [history.py:636] - history() - BTC-USD: yfinance returning OHLC: 2026-10-01 00:00:00+00:00 -> 2026-10-03 00:00:00+00:00
2026-10-04 02:31:16,290 - yfinance - DEBUG - [utils.py:126] - wrapper() -  Exiting history()
2026-10-04 02:31:16,290 - yfinance - DEBUG - [utils.py:126] - wrapper() - Exiting history()
2026-10-04 02:31:26,301 - yfinance - DEBUG - [utils.py:121] - wrapper() - Entering history()
2026-10-04 02:31:26,301 - peewee - DEBUG - [peewee.py:3904] - _log_query() - ('SELECT "t1"."key", "t1"."value" FROM "_tz_kv" AS "t1" WHERE ("t1"."key" = ?) LIMIT ? OFFSET ?', ['BTC-USD', 1, 0])
2026-10-04 02:31:26,302 - yfinance - DEBUG - [utils.py:121] - wrapper() -  Entering history()
2026-10-04 02:31:26,302 - yfinance - DEBUG - [history.py:273] - history() - BTC-USD: Yahoo GET parameters: {'period1': '2026-10-01 00:00:00+00:00', 'period2': '2026-10-03 21:01:26+00:00', 'interval': '5m', 'includePrePost': False, 'events': 'div,splits,capitalGains'}
2026-10-04 02:31:26,302 - yfinance - DEBUG - [utils.py:121] - wrapper() -   Entering get()
2026-10-04 02:31:26,302 - yfinance - DEBUG - [utils.py:121] - wrapper() -    Entering _make_request()
2026-10-04 02:31:26,302 - yfinance - DEBUG - [data.py:427] - _make_request() - url=https://query2.finance.yahoo.com/v8/finance/chart/BTC-USD
2026-10-04 02:31:26,302 - yfinance - DEBUG - [data.py:428] - _make_request() - params={'period1': 1790812800, 'period2': 1791061286, 'interval': '5m', 'includePrePost': False, 'events': 'div,splits,capitalGains'}
2026-10-04 02:31:26,302 - yfinance - DEBUG - [utils.py:121] - wrapper() -     Entering _get_cookie_and_crumb()
2026-10-04 02:31:26,302 - yfinance - DEBUG - [data.py:383] - _get_cookie_and_crumb() - cookie_mode = 'basic'
2026-10-04 02:31:26,302 - yfinance - DEBUG - [utils.py:121] - wrapper() -      Entering _get_cookie_and_crumb_basic()
2026-10-04 02:31:26,302 - yfinance - DEBUG - [utils.py:121] - wrapper() -       Entering _get_cookie_basic()
2026-10-04 02:31:26,302 - yfinance - DEBUG - [data.py:228] - _get_cookie_basic() - reusing cookie
2026-10-04 02:31:26,302 - yfinance - DEBUG - [utils.py:126] - wrapper() -       Exiting _get_cookie_basic()
2026-10-04 02:31:26,302 - yfinance - DEBUG - [utils.py:121] - wrapper() -       Entering _get_crumb_basic()
2026-10-04 02:31:26,302 - yfinance - DEBUG - [data.py:261] - _get_crumb_basic() - reusing crumb
2026-10-04 02:31:26,302 - yfinance - DEBUG - [utils.py:126] - wrapper() -       Exiting _get_crumb_basic()
2026-10-04 02:31:26,302 - yfinance - DEBUG - [utils.py:126] - wrapper() -      Exiting _get_cookie_and_crumb_basic()
2026-10-04 02:31:26,302 - yfinance - DEBUG - [utils.py:126] - wrapper() -     Exiting _get_cookie_and_crumb()
2026-10-04 02:31:27,388 - yfinance - DEBUG - [data.py:482] - _make_request() - response code=200
2026-10-04 02:31:27,388 - yfinance - DEBUG - [utils.py:126] - wrapper() -    Exiting _make_request()
2026-10-04 02:31:27,388 - yfinance - DEBUG - [utils.py:126] - wrapper() -   Exiting get()
2026-10-04 02:31:27,393 - yfinance - DEBUG - [history.py:403] - history() - BTC-USD: yfinance received OHLC data: 2026-10-01 00:00:00 -> 2026-10-03 21:01:20
2026-10-04 02:31:27,406 - yfinance - DEBUG - [history.py:435] - history() - BTC-USD: OHLC after cleaning: 2026-10-01 00:00:00+00:00 -> 2026-10-03 21:01:20+00:00
2026-10-04 02:31:27,408 - yfinance - DEBUG - [history.py:530] - history() - BTC-USD: OHLC after combining events: 2026-10-01 00:00:00+00:00 -> 2026-10-03 21:01:20+00:00
2026-10-04 02:31:27,414 - yfinance - DEBUG - [history.py:636] - history() - BTC-USD: yfinance returning OHLC: 2026-10-01 00:00:00+00:00 -> 2026-10-03 21:00:00+00:00
2026-10-04 02:31:27,414 - yfinance - DEBUG - [utils.py:126] - wrapper() -  Exiting history()
2026-10-04 02:31:27,414 - yfinance - DEBUG - [utils.py:126] - wrapper() - Exiting history()
2026-10-04 02:32:42,177 - yfinance - DEBUG - [utils.py:121] - wrapper() - Entering history()
2026-10-04 02:32:42,177 - peewee - DEBUG - [peewee.py:3904] - _log_query() - ('SELECT "t1"."key", "t1"."value" FROM "_tz_kv" AS "t1" WHERE ("t1"."key" = ?) LIMIT ? OFFSET ?', ['BTC-USD', 1, 0])
2026-10-04 02:32:42,178 - yfinance - DEBUG - [utils.py:121] - wrapper() -  Entering history()
2026-10-04 02:32:42,178 - yfinance - DEBUG - [history.py:273] - history() - BTC-USD: Yahoo GET parameters: {'period1': '2026-10-01 00:00:00+00:00', 'period2': '2026-10-03 21:02:42+00:00', 'interval': '5m', 'includePrePost': False, 'events': 'div,splits,capitalGains'}
2026-10-04 02:32:42,178 - yfinance - DEBUG - [utils.py:121] - wrapper() -   Entering get()
2026-10-04 02:32:42,178 - yfinance - DEBUG - [utils.py:121] - wrapper() -    Entering _make_request()
2026-10-04 02:32:42,178 - yfinance - DEBUG - [data.py:427] - _make_request() - url=https://query2.finance.yahoo.com/v8/finance/chart/BTC-USD
2026-10-04 02:32:42,178 - yfinance - DEBUG - [data.py:428] - _make_request() - params={'period1': 1790812800, 'period2': 1791061362, 'interval': '5m', 'includePrePost': False, 'events': 'div,splits,capitalGains'}
2026-10-04 02:32:42,178 - yfinance - DEBUG - [utils.py:121] - wrapper() -     Entering _get_cookie_and_crumb()
2026-10-04 02:32:42,179 - yfinance - DEBUG - [data.py:383] - _get_cookie_and_crumb() - cookie_mode = 'basic'
2026-10-04 02:32:42,179 - yfinance - DEBUG - [utils.py:121] - wrapper() -      Entering _get_cookie_and_crumb_basic()
2026-10-04 02:32:42,179 - yfinance - DEBUG - [utils.py:121] - wrapper() -       Entering _get_cookie_basic()
2026-10-04 02:32:42,179 - yfinance - DEBUG - [data.py:228] - _get_cookie_basic() - reusing cookie
2026-10-04 02:32:42,179 - yfinance - DEBUG - [utils.py:126] - wrapper() -       Exiting _get_cookie_basic()
2026-10-04 02:32:42,179 - yfinance - DEBUG - [utils.py:121] - wrapper() -       Entering _get_crumb_basic()
2026-10-04 02:32:42,179 - yfinance - DEBUG - [data.py:261] - _get_crumb_basic() - reusing crumb
2026-10-04 02:32:42,179 - yfinance - DEBUG - [utils.py:126] - wrapper() -       Exiting _get_crumb_basic()
2026-10-04 02:32:42,179 - yfinance - DEBUG - [utils.py:126] - wrapper() -      Exiting _get_cookie_and_crumb_basic()
2026-10-04 02:32:42,179 - yfinance - DEBUG - [utils.py:126] - wrapper() -     Exiting _get_cookie_and_crumb()
2026-10-04 02:32:42,474 - yfinance - DEBUG - [data.py:482] - _make_request() - response code=200
2026-10-04 02:32:42,475 - yfinance - DEBUG - [utils.py:126] - wrapper() -    Exiting _make_request()
2026-10-04 02:32:42,475 - yfinance - DEBUG - [utils.py:126] - wrapper() -   Exiting get()
2026-10-04 02:32:42,479 - yfinance - DEBUG - [history.py:403] - history() - BTC-USD: yfinance received OHLC data: 2026-10-01 00:00:00 -> 2026-10-03 21:02:37
2026-10-04 02:32:42,487 - yfinance - DEBUG - [history.py:435] - history() - BTC-USD: OHLC after cleaning: 2026-10-01 00:00:00+00:00 -> 2026-10-03 21:02:37+00:00
2026-10-04 02:32:42,489 - yfinance - DEBUG - [history.py:530] - history() - BTC-USD: OHLC after combining events: 2026-10-01 00:00:00+00:00 -> 2026-10-03 21:02:37+00:00
2026-10-04 02:32:42,496 - yfinance - DEBUG - [history.py:636] - history() - BTC-USD: yfinance returning OHLC: 2026-10-01 00:00:00+00:00 -> 2026-10-03 21:00:00+00:00
2026-10-04 02:32:42,497 - yfinance - DEBUG - [utils.py:126] - wrapper() -  Exiting history()
2026-10-04 02:32:42,497 - yfinance - DEBUG - [utils.py:126] - wrapper() - Exiting history()
2026-10-04 02:32:46,807 - yfinance - DEBUG - [utils.py:121] - wrapper() - Entering history()
2026-10-04 02:32:46,808 - peewee - DEBUG - [peewee.py:3904] - _log_query() - ('SELECT "t1"."key", "t1"."value" FROM "_tz_kv" AS "t1" WHERE ("t1"."key" = ?) LIMIT ? OFFSET ?', ['BTC-USD', 1, 0])
2026-10-04 02:32:46,808 - yfinance - DEBUG - [utils.py:121] - wrapper() -  Entering history()
2026-10-04 02:32:46,809 - yfinance - DEBUG - [history.py:273] - history() - BTC-USD: Yahoo GET parameters: {'period1': '2026-10-01 00:00:00+00:00', 'period2': '2026-10-03 21:02:46+00:00', 'interval': '5m', 'includePrePost': False, 'events': 'div,splits,capitalGains'}
2026-10-04 02:32:46,809 - yfinance - DEBUG - [utils.py:121] - wrapper() -   Entering get()
2026-10-04 02:32:46,809 - yfinance - DEBUG - [utils.py:121] - wrapper() -    Entering _make_request()
2026-10-04 02:32:46,809 - yfinance - DEBUG - [data.py:427] - _make_request() - url=https://query2.finance.yahoo.com/v8/finance/chart/BTC-USD
2026-10-04 02:32:46,809 - yfinance - DEBUG - [data.py:428] - _make_request() - params={'period1': 1790812800, 'period2': 1791061366, 'interval': '5m', 'includePrePost': False, 'events': 'div,splits,capitalGains'}
2026-10-04 02:32:46,809 - yfinance - DEBUG - [utils.py:121] - wrapper() -     Entering _get_cookie_and_crumb()
2026-10-04 02:32:46,809 - yfinance - DEBUG - [data.py:383] - _get_cookie_and_crumb() - cookie_mode = 'basic'
2026-10-04 02:32:46,809 - yfinance - DEBUG - [utils.py:121] - wrapper() -      Entering _get_cookie_and_crumb_basic()
2026-10-04 02:32:46,809 - yfinance - DEBUG - [utils.py:121] - wrapper() -       Entering _get_cookie_basic()
2026-10-04 02:32:46,809 - yfinance - DEBUG - [data.py:228] - _get_cookie_basic() - reusing cookie
2026-10-04 02:32:46,809 - yfinance - DEBUG - [utils.py:126] - wrapper() -       Exiting _get_cookie_basic()
2026-10-04 02:32:46,809 - yfinance - DEBUG - [utils.py:121] - wrapper() -       Entering _get_crumb_basic()
2026-10-04 02:32:46,809 - yfinance - DEBUG - [data.py:261] - _get_crumb_basic() - reusing crumb
2026-10-04 02:32:46,810 - yfinance - DEBUG - [utils.py:126] - wrapper() -       Exiting _get_crumb_basic()
2026-10-04 02:32:46,810 - yfinance - DEBUG - [utils.py:126] - wrapper() -      Exiting _get_cookie_and_crumb_basic()
2026-10-04 02:32:46,810 - yfinance - DEBUG - [utils.py:126] - wrapper() -     Exiting _get_cookie_and_crumb()
2026-10-04 02:32:47,034 - yfinance - DEBUG - [data.py:482] - _make_request() - response code=200
2026-10-04 02:32:47,034 - yfinance - DEBUG - [utils.py:126] - wrapper() -    Exiting _make_request()
2026-10-04 02:32:47,034 - yfinance - DEBUG - [utils.py:126] - wrapper() -   Exiting get()
2026-10-04 02:32:47,037 - yfinance - DEBUG - [history.py:403] - history() - BTC-USD: yfinance received OHLC data: 2026-10-01 00:00:00 -> 2026-10-03 21:02:43
2026-10-04 02:32:47,041 - yfinance - DEBUG - [history.py:435] - history() - BTC-USD: OHLC after cleaning: 2026-10-01 00:00:00+00:00 -> 2026-10-03 21:02:43+00:00
2026-10-04 02:32:47,043 - yfinance - DEBUG - [history.py:530] - history() - BTC-USD: OHLC after combining events: 2026-10-01 00:00:00+00:00 -> 2026-10-03 21:02:43+00:00
2026-10-04 02:32:47,050 - yfinance - DEBUG - [history.py:636] - history() - BTC-USD: yfinance returning OHLC: 2026-10-01 00:00:00+00:00 -> 2026-10-03 21:00:00+00:00
2026-10-04 02:32:47,050 - yfinance - DEBUG - [utils.py:126] - wrapper() -  Exiting history()
2026-10-04 02:32:47,050 - yfinance - DEBUG - [utils.py:126] - wrapper() - Exiting history()
2026-10-04 02:32:56,880 - yfinance - DEBUG - [utils.py:121] - wrapper() - Entering history()
2026-10-04 02:32:56,880 - peewee - DEBUG - [peewee.py:3904] - _log_query() - ('SELECT "t1"."key", "t1"."value" FROM "_tz_kv" AS "t1" WHERE ("t1"."key" = ?) LIMIT ? OFFSET ?', ['BTC-USD', 1, 0])
2026-10-04 02:32:56,881 - yfinance - DEBUG - [utils.py:121] - wrapper() -  Entering history()
2026-10-04 02:32:56,881 - yfinance - DEBUG - [history.py:273] - history() - BTC-USD: Yahoo GET parameters: {'period1': '2026-10-01 00:00:00+00:00', 'period2': '2026-10-03 21:02:56+00:00', 'interval': '5m', 'includePrePost': False, 'events': 'div,splits,capitalGains'}
2026-10-04 02:32:56,881 - yfinance - DEBUG - [utils.py:121] - wrapper() -   Entering get()
2026-10-04 02:32:56,881 - yfinance - DEBUG - [utils.py:121] - wrapper() -    Entering _make_request()
2026-10-04 02:32:56,881 - yfinance - DEBUG - [data.py:427] - _make_request() - url=https://query2.finance.yahoo.com/v8/finance/chart/BTC-USD
2026-10-04 02:32:56,881 - yfinance - DEBUG - [data.py:428] - _make_request() - params={'period1': 1790812800, 'period2': 1791061376, 'interval': '5m', 'includePrePost': False, 'events': 'div,splits,capitalGains'}
2026-10-04 02:32:56,881 - yfinance - DEBUG - [utils.py:121] - wrapper() -     Entering _get_cookie_and_crumb()
2026-10-04 02:32:56,881 - yfinance - DEBUG - [data.py:383] - _get_cookie_and_crumb() - cookie_mode = 'basic'
2026-10-04 02:32:56,881 - yfinance - DEBUG - [utils.py:121] - wrapper() -      Entering _get_cookie_and_crumb_basic()
2026-10-04 02:32:56,881 - yfinance - DEBUG - [utils.py:121] - wrapper() -       Entering _get_cookie_basic()
2026-10-04 02:32:56,881 - yfinance - DEBUG - [data.py:228] - _get_cookie_basic() - reusing cookie
2026-10-04 02:32:56,882 - yfinance - DEBUG - [utils.py:126] - wrapper() -       Exiting _get_cookie_basic()
2026-10-04 02:32:56,882 - yfinance - DEBUG - [utils.py:121] - wrapper() -       Entering _get_crumb_basic()
2026-10-04 02:32:56,882 - yfinance - DEBUG - [data.py:261] - _get_crumb_basic() - reusing crumb
2026-10-04 02:32:56,882 - yfinance - DEBUG - [utils.py:126] - wrapper() -       Exiting _get_crumb_basic()
2026-10-04 02:32:56,882 - yfinance - DEBUG - [utils.py:126] - wrapper() -      Exiting _get_cookie_and_crumb_basic()
2026-10-04 02:32:56,882 - yfinance - DEBUG - [utils.py:126] - wrapper() -     Exiting _get_cookie_and_crumb()
2026-10-04 02:32:57,121 - yfinance - DEBUG - [data.py:482] - _make_request() - response code=200
2026-10-04 02:32:57,121 - yfinance - DEBUG - [utils.py:126] - wrapper() -    Exiting _make_request()
2026-10-04 02:32:57,121 - yfinance - DEBUG - [utils.py:126] - wrapper() -   Exiting get()
2026-10-04 02:32:57,125 - yfinance - DEBUG - [history.py:403] - history() - BTC-USD: yfinance received OHLC data: 2026-10-01 00:00:00 -> 2026-10-03 21:02:53
2026-10-04 02:32:57,134 - yfinance - DEBUG - [history.py:435] - history() - BTC-USD: OHLC after cleaning: 2026-10-01 00:00:00+00:00 -> 2026-10-03 21:02:53+00:00
2026-10-04 02:32:57,136 - yfinance - DEBUG - [history.py:530] - history() - BTC-USD: OHLC after combining events: 2026-10-01 00:00:00+00:00 -> 2026-10-03 21:02:53+00:00
2026-10-04 02:32:57,143 - yfinance - DEBUG - [history.py:636] - history() - BTC-USD: yfinance returning OHLC: 2026-10-01 00:00:00+00:00 -> 2026-10-03 21:00:00+00:00
2026-10-04 02:32:57,144 - yfinance - DEBUG - [utils.py:126] - wrapper() -  Exiting history()
2026-10-04 02:32:57,144 - yfinance - DEBUG - [utils.py:126] - wrapper() - Exiting history()
2026-10-04 02:33:06,877 - yfinance - DEBUG - [utils.py:121] - wrapper() - Entering history()
2026-10-04 02:33:06,878 - peewee - DEBUG - [peewee.py:3904] - _log_query() - ('SELECT "t1"."key", "t1"."value" FROM "_tz_kv" AS "t1" WHERE ("t1"."key" = ?) LIMIT ? OFFSET ?', ['BTC-USD', 1, 0])
2026-10-04 02:33:06,878 - yfinance - DEBUG - [utils.py:121] - wrapper() -  Entering history()
2026-10-04 02:33:06,878 - yfinance - DEBUG - [history.py:273] - history() - BTC-USD: Yahoo GET parameters: {'period1': '2026-10-01 00:00:00+00:00', 'period2': '2026-10-03 21:03:06+00:00', 'interval': '5m', 'includePrePost': False, 'events': 'div,splits,capitalGains'}
2026-10-04 02:33:06,878 - yfinance - DEBUG - [utils.py:121] - wrapper() -   Entering get()
2026-10-04 02:33:06,878 - yfinance - DEBUG - [utils.py:121] - wrapper() -    Entering _make_request()
2026-10-04 02:33:06,878 - yfinance - DEBUG - [data.py:427] - _make_request() - url=https://query2.finance.yahoo.com/v8/finance/chart/BTC-USD
2026-10-04 02:33:06,879 - yfinance - DEBUG - [data.py:428] - _make_request() - params={'period1': 1790812800, 'period2': 1791061386, 'interval': '5m', 'includePrePost': False, 'events': 'div,splits,capitalGains'}
2026-10-04 02:33:06,879 - yfinance - DEBUG - [utils.py:121] - wrapper() -     Entering _get_cookie_and_crumb()
2026-10-04 02:33:06,879 - yfinance - DEBUG - [data.py:383] - _get_cookie_and_crumb() - cookie_mode = 'basic'
2026-10-04 02:33:06,879 - yfinance - DEBUG - [utils.py:121] - wrapper() -      Entering _get_cookie_and_crumb_basic()
2026-10-04 02:33:06,879 - yfinance - DEBUG - [utils.py:121] - wrapper() -       Entering _get_cookie_basic()
2026-10-04 02:33:06,879 - yfinance - DEBUG - [data.py:228] - _get_cookie_basic() - reusing cookie
2026-10-04 02:33:06,879 - yfinance - DEBUG - [utils.py:126] - wrapper() -       Exiting _get_cookie_basic()
2026-10-04 02:33:06,879 - yfinance - DEBUG - [utils.py:121] - wrapper() -       Entering _get_crumb_basic()
2026-10-04 02:33:06,879 - yfinance - DEBUG - [data.py:261] - _get_crumb_basic() - reusing crumb
2026-10-04 02:33:06,879 - yfinance - DEBUG - [utils.py:126] - wrapper() -       Exiting _get_crumb_basic()
2026-10-04 02:33:06,879 - yfinance - DEBUG - [utils.py:126] - wrapper() -      Exiting _get_cookie_and_crumb_basic()
2026-10-04 02:33:06,879 - yfinance - DEBUG - [utils.py:126] - wrapper() -     Exiting _get_cookie_and_crumb()
2026-10-04 02:33:08,097 - yfinance - DEBUG - [data.py:482] - _make_request() - response code=200
2026-10-04 02:33:08,097 - yfinance - DEBUG - [utils.py:126] - wrapper() -    Exiting _make_request()
2026-10-04 02:33:08,097 - yfinance - DEBUG - [utils.py:126] - wrapper() -   Exiting get()
2026-10-04 02:33:08,100 - yfinance - DEBUG - [history.py:403] - history() - BTC-USD: yfinance received OHLC data: 2026-10-01 00:00:00 -> 2026-10-03 21:03:01
2026-10-04 02:33:08,105 - yfinance - DEBUG - [history.py:435] - history() - BTC-USD: OHLC after cleaning: 2026-10-01 00:00:00+00:00 -> 2026-10-03 21:03:01+00:00
2026-10-04 02:33:08,107 - yfinance - DEBUG - [history.py:530] - history() - BTC-USD: OHLC after combining events: 2026-10-01 00:00:00+00:00 -> 2026-10-03 21:03:01+00:00
2026-10-04 02:33:08,113 - yfinance - DEBUG - [history.py:636] - history() - BTC-USD: yfinance returning OHLC: 2026-10-01 00:00:00+00:00 -> 2026-10-03 21:00:00+00:00
2026-10-04 02:33:08,113 - yfinance - DEBUG - [utils.py:126] - wrapper() -  Exiting history()
2026-10-04 02:33:08,114 - yfinance - DEBUG - [utils.py:126] - wrapper() - Exiting history()
2026-10-04 02:33:16,877 - yfinance - DEBUG - [utils.py:121] - wrapper() - Entering history()
2026-10-04 02:33:16,878 - peewee - DEBUG - [peewee.py:3904] - _log_query() - ('SELECT "t1"."key", "t1"."value" FROM "_tz_kv" AS "t1" WHERE ("t1"."key" = ?) LIMIT ? OFFSET ?', ['BTC-USD', 1, 0])
2026-10-04 02:33:16,878 - yfinance - DEBUG - [utils.py:121] - wrapper() -  Entering history()
2026-10-04 02:33:16,878 - yfinance - DEBUG - [history.py:273] - history() - BTC-USD: Yahoo GET parameters: {'period1': '2026-10-01 00:00:00+00:00', 'period2': '2026-10-03 21:03:16+00:00', 'interval': '5m', 'includePrePost': False, 'events': 'div,splits,capitalGains'}
2026-10-04 02:33:16,879 - yfinance - DEBUG - [utils.py:121] - wrapper() -   Entering get()
2026-10-04 02:33:16,879 - yfinance - DEBUG - [utils.py:121] - wrapper() -    Entering _make_request()
2026-10-04 02:33:16,879 - yfinance - DEBUG - [data.py:427] - _make_request() - url=https://query2.finance.yahoo.com/v8/finance/chart/BTC-USD
2026-10-04 02:33:16,879 - yfinance - DEBUG - [data.py:428] - _make_request() - params={'period1': 1790812800, 'period2': 1791061396, 'interval': '5m', 'includePrePost': False, 'events': 'div,splits,capitalGains'}
2026-10-04 02:33:16,879 - yfinance - DEBUG - [utils.py:121] - wrapper() -     Entering _get_cookie_and_crumb()
2026-10-04 02:33:16,879 - yfinance - DEBUG - [data.py:383] - _get_cookie_and_crumb() - cookie_mode = 'basic'
2026-10-04 02:33:16,879 - yfinance - DEBUG - [utils.py:121] - wrapper() -      Entering _get_cookie_and_crumb_basic()
2026-10-04 02:33:16,879 - yfinance - DEBUG - [utils.py:121] - wrapper() -       Entering _get_cookie_basic()
2026-10-04 02:33:16,879 - yfinance - DEBUG - [data.py:228] - _get_cookie_basic() - reusing cookie
2026-10-04 02:33:16,879 - yfinance - DEBUG - [utils.py:126] - wrapper() -       Exiting _get_cookie_basic()
2026-10-04 02:33:16,879 - yfinance - DEBUG - [utils.py:121] - wrapper() -       Entering _get_crumb_basic()
2026-10-04 02:33:16,879 - yfinance - DEBUG - [data.py:261] - _get_crumb_basic() - reusing crumb
2026-10-04 02:33:16,879 - yfinance - DEBUG - [utils.py:126] - wrapper() -       Exiting _get_crumb_basic()
2026-10-04 02:33:16,879 - yfinance - DEBUG - [utils.py:126] - wrapper() -      Exiting _get_cookie_and_crumb_basic()
2026-10-04 02:33:16,879 - yfinance - DEBUG - [utils.py:126] - wrapper() -     Exiting _get_cookie_and_crumb()
2026-10-04 02:33:17,896 - yfinance - DEBUG - [data.py:482] - _make_request() - response code=200
2026-10-04 02:33:17,897 - yfinance - DEBUG - [utils.py:126] - wrapper() -    Exiting _make_request()
2026-10-04 02:33:17,897 - yfinance - DEBUG - [utils.py:126] - wrapper() -   Exiting get()
2026-10-04 02:33:17,901 - yfinance - DEBUG - [history.py:403] - history() - BTC-USD: yfinance received OHLC data: 2026-10-01 00:00:00 -> 2026-10-03 21:03:11
2026-10-04 02:33:17,907 - yfinance - DEBUG - [history.py:435] - history() - BTC-USD: OHLC after cleaning: 2026-10-01 00:00:00+00:00 -> 2026-10-03 21:03:11+00:00
2026-10-04 02:33:17,909 - yfinance - DEBUG - [history.py:530] - history() - BTC-USD: OHLC after combining events: 2026-10-01 00:00:00+00:00 -> 2026-10-03 21:03:11+00:00
2026-10-04 02:33:17,913 - yfinance - DEBUG - [history.py:636] - history() - BTC-USD: yfinance returning OHLC: 2026-10-01 00:00:00+00:00 -> 2026-10-03 21:00:00+00:00
2026-10-04 02:33:17,913 - yfinance - DEBUG - [utils.py:126] - wrapper() -  Exiting history()
2026-10-04 02:33:17,913 - yfinance - DEBUG - [utils.py:126] - wrapper() - Exiting history()
2026-10-04 03:14:11,188 - utils.logging_setup - INFO - [logging_setup.py:15] - setup_logging() - Logging initialized successfully
2026-10-04 03:14:11,482 - yfinance - DEBUG - [utils.py:121] - wrapper() - Entering history()
2026-10-04 03:14:11,489 - peewee - DEBUG - [peewee.py:3904] - _log_query() - ('CREATE TABLE IF NOT EXISTS "_tz_kv" ("key" VARCHAR(255) NOT NULL PRIMARY KEY, "value" VARCHAR(255)) WITHOUT ROWID', [])
2026-10-04 03:14:11,489 - peewee - DEBUG - [peewee.py:3904] - _log_query() - ('SELECT "t1"."key", "t1"."value" FROM "_tz_kv" AS "t1" WHERE ("t1"."key" = ?) LIMIT ? OFFSET ?', ['BTC-USD', 1, 0])
2026-10-04 03:14:11,489 - yfinance - DEBUG - [utils.py:121] - wrapper() -  Entering history()
2026-10-04 03:14:11,490 - yfinance - DEBUG - [history.py:273] - history() - BTC-USD: Yahoo GET parameters: {'period1': '2026-10-01 00:00:00+00:00', 'period2': '2026-10-03 21:44:11+00:00', 'interval': '1d', 'includePrePost': False, 'events': 'div,splits,capitalGains'}
2026-10-04 03:14:11,490 - yfinance - DEBUG - [utils.py:121] - wrapper() -   Entering get()
2026-10-04 03:14:11,490 - yfinance - DEBUG - [utils.py:121] - wrapper() -    Entering _make_request()
2026-10-04 03:14:11,490 - yfinance - DEBUG - [data.py:427] - _make_request() - url=https://query2.finance.yahoo.com/v8/finance/chart/BTC-USD
2026-10-04 03:14:11,490 - yfinance - DEBUG - [data.py:428] - _make_request() - params={'period1': 1790812800, 'period2': 1791063851, 'interval': '1d', 'includePrePost': False, 'events': 'div,splits,capitalGains'}
2026-10-04 03:14:11,490 - yfinance - DEBUG - [utils.py:121] - wrapper() -     Entering _get_cookie_and_crumb()
2026-10-04 03:14:11,490 - yfinance - DEBUG - [data.py:383] - _get_cookie_and_crumb() - cookie_mode = 'basic'
2026-10-04 03:14:11,490 - yfinance - DEBUG - [utils.py:121] - wrapper() -      Entering _get_cookie_and_crumb_basic()
2026-10-04 03:14:11,490 - yfinance - DEBUG - [utils.py:121] - wrapper() -       Entering _get_cookie_basic()
2026-10-04 03:14:11,490 - yfinance - DEBUG - [utils.py:121] - wrapper() -        Entering _load_cookie_curlCffi()
2026-10-04 03:14:11,491 - peewee - DEBUG - [peewee.py:3904] - _log_query() - ('CREATE TABLE IF NOT EXISTS "_cookieschema" ("strategy" VARCHAR(255) NOT NULL PRIMARY KEY, "fetch_date" DATETIME NOT NULL, "cookie_bytes" BLOB NOT NULL) WITHOUT ROWID', [])
2026-10-04 03:14:11,491 - peewee - DEBUG - [peewee.py:3904] - _log_query() - ('SELECT "t1"."strategy", "t1"."fetch_date", "t1"."cookie_bytes" FROM "_cookieschema" AS "t1" WHERE ("t1"."strategy" = ?) LIMIT ? OFFSET ?', ['curlCffi', 1, 0])
2026-10-04 03:14:11,491 - yfinance - DEBUG - [utils.py:126] - wrapper() -        Exiting _load_cookie_curlCffi()
2026-10-04 03:14:11,491 - yfinance - DEBUG - [data.py:231] - _get_cookie_basic() - reusing persistent cookie
2026-10-04 03:14:11,491 - yfinance - DEBUG - [utils.py:126] - wrapper() -       Exiting _get_cookie_basic()
2026-10-04 03:14:11,491 - yfinance - DEBUG - [utils.py:121] - wrapper() -       Entering _get_crumb_basic()
2026-10-04 03:14:11,491 - yfinance - DEBUG - [utils.py:121] - wrapper() -        Entering _get_cookie_basic()
2026-10-04 03:14:11,491 - yfinance - DEBUG - [data.py:228] - _get_cookie_basic() - reusing cookie
2026-10-04 03:14:11,491 - yfinance - DEBUG - [utils.py:126] - wrapper() -        Exiting _get_cookie_basic()
2026-10-04 03:14:12,432 - yfinance - DEBUG - [data.py:282] - _get_crumb_basic() - crumb = '2PoyIcSAJRM'
2026-10-04 03:14:12,432 - yfinance - DEBUG - [utils.py:126] - wrapper() -       Exiting _get_crumb_basic()
2026-10-04 03:14:12,432 - yfinance - DEBUG - [utils.py:126] - wrapper() -      Exiting _get_cookie_and_crumb_basic()
2026-10-04 03:14:12,432 - yfinance - DEBUG - [utils.py:126] - wrapper() -     Exiting _get_cookie_and_crumb()
2026-10-04 03:14:13,348 - yfinance - DEBUG - [data.py:482] - _make_request() - response code=200
2026-10-04 03:14:13,348 - yfinance - DEBUG - [utils.py:126] - wrapper() -    Exiting _make_request()
2026-10-04 03:14:13,348 - yfinance - DEBUG - [utils.py:126] - wrapper() -   Exiting get()
2026-10-04 03:14:13,353 - yfinance - DEBUG - [history.py:403] - history() - BTC-USD: yfinance received OHLC data: 2026-10-01 00:00:00 -> 2026-10-03 00:00:00
2026-10-04 03:14:13,358 - yfinance - DEBUG - [history.py:435] - history() - BTC-USD: OHLC after cleaning: 2026-10-01 00:00:00+00:00 -> 2026-10-03 00:00:00+00:00
2026-10-04 03:14:13,367 - yfinance - DEBUG - [history.py:530] - history() - BTC-USD: OHLC after combining events: 2026-10-01 00:00:00+00:00 -> 2026-10-03 00:00:00+00:00
2026-10-04 03:14:13,379 - yfinance - DEBUG - [history.py:636] - history() - BTC-USD: yfinance returning OHLC: 2026-10-01 00:00:00+00:00 -> 2026-10-03 00:00:00+00:00
2026-10-04 03:14:13,379 - yfinance - DEBUG - [utils.py:126] - wrapper() -  Exiting history()
2026-10-04 03:14:13,379 - yfinance - DEBUG - [utils.py:126] - wrapper() - Exiting history()
2026-10-04 03:14:20,700 - yfinance - DEBUG - [utils.py:121] - wrapper() - Entering history()
2026-10-04 03:14:20,700 - peewee - DEBUG - [peewee.py:3904] - _log_query() - ('SELECT "t1"."key", "t1"."value" FROM "_tz_kv" AS "t1" WHERE ("t1"."key" = ?) LIMIT ? OFFSET ?', ['BTC-USD', 1, 0])
2026-10-04 03:14:20,701 - yfinance - DEBUG - [utils.py:121] - wrapper() -  Entering history()
2026-10-04 03:14:20,701 - yfinance - DEBUG - [history.py:273] - history() - BTC-USD: Yahoo GET parameters: {'period1': '2026-10-01 00:00:00+00:00', 'period2': '2026-10-03 21:44:20+00:00', 'interval': '5m', 'includePrePost': False, 'events': 'div,splits,capitalGains'}
2026-10-04 03:14:20,701 - yfinance - DEBUG - [utils.py:121] - wrapper() -   Entering get()
2026-10-04 03:14:20,701 - yfinance - DEBUG - [utils.py:121] - wrapper() -    Entering _make_request()
2026-10-04 03:14:20,701 - yfinance - DEBUG - [data.py:427] - _make_request() - url=https://query2.finance.yahoo.com/v8/finance/chart/BTC-USD
2026-10-04 03:14:20,701 - yfinance - DEBUG - [data.py:428] - _make_request() - params={'period1': 1790812800, 'period2': 1791063860, 'interval': '5m', 'includePrePost': False, 'events': 'div,splits,capitalGains'}
2026-10-04 03:14:20,701 - yfinance - DEBUG - [utils.py:121] - wrapper() -     Entering _get_cookie_and_crumb()
2026-10-04 03:14:20,702 - yfinance - DEBUG - [data.py:383] - _get_cookie_and_crumb() - cookie_mode = 'basic'
2026-10-04 03:14:20,702 - yfinance - DEBUG - [utils.py:121] - wrapper() -      Entering _get_cookie_and_crumb_basic()
2026-10-04 03:14:20,702 - yfinance - DEBUG - [utils.py:121] - wrapper() -       Entering _get_cookie_basic()
2026-10-04 03:14:20,702 - yfinance - DEBUG - [data.py:228] - _get_cookie_basic() - reusing cookie
2026-10-04 03:14:20,702 - yfinance - DEBUG - [utils.py:126] - wrapper() -       Exiting _get_cookie_basic()
2026-10-04 03:14:20,702 - yfinance - DEBUG - [utils.py:121] - wrapper() -       Entering _get_crumb_basic()
2026-10-04 03:14:20,702 - yfinance - DEBUG - [data.py:261] - _get_crumb_basic() - reusing crumb
2026-10-04 03:14:20,702 - yfinance - DEBUG - [utils.py:126] - wrapper() -       Exiting _get_crumb_basic()
2026-10-04 03:14:20,702 - yfinance - DEBUG - [utils.py:126] - wrapper() -      Exiting _get_cookie_and_crumb_basic()
2026-10-04 03:14:20,702 - yfinance - DEBUG - [utils.py:126] - wrapper() -     Exiting _get_cookie_and_crumb()
2026-10-04 03:14:21,853 - yfinance - DEBUG - [data.py:482] - _make_request() - response code=200
2026-10-04 03:14:21,853 - yfinance - DEBUG - [utils.py:126] - wrapper() -    Exiting _make_request()
2026-10-04 03:14:21,853 - yfinance - DEBUG - [utils.py:126] - wrapper() -   Exiting get()
2026-10-04 03:14:21,857 - yfinance - DEBUG - [history.py:403] - history() - BTC-USD: yfinance received OHLC data: 2026-10-01 00:00:00 -> 2026-10-03 21:44:16
2026-10-04 03:14:21,867 - yfinance - DEBUG - [history.py:435] - history() - BTC-USD: OHLC after cleaning: 2026-10-01 00:00:00+00:00 -> 2026-10-03 21:44:16+00:00
2026-10-04 03:14:21,869 - yfinance - DEBUG - [history.py:530] - history() - BTC-USD: OHLC after combining events: 2026-10-01 00:00:00+00:00 -> 2026-10-03 21:44:16+00:00
2026-10-04 03:14:21,876 - yfinance - DEBUG - [history.py:636] - history() - BTC-USD: yfinance returning OHLC: 2026-10-01 00:00:00+00:00 -> 2026-10-03 21:40:00+00:00
2026-10-04 03:14:21,876 - yfinance - DEBUG - [utils.py:126] - wrapper() -  Exiting history()
2026-10-04 03:14:21,876 - yfinance - DEBUG - [utils.py:126] - wrapper() - Exiting history()
2026-10-04 03:14:51,388 - yfinance - DEBUG - [utils.py:121] - wrapper() - Entering history()
2026-10-04 03:14:51,388 - peewee - DEBUG - [peewee.py:3904] - _log_query() - ('SELECT "t1"."key", "t1"."value" FROM "_tz_kv" AS "t1" WHERE ("t1"."key" = ?) LIMIT ? OFFSET ?', ['BTC-USD', 1, 0])
2026-10-04 03:14:51,389 - yfinance - DEBUG - [utils.py:121] - wrapper() -  Entering history()
2026-10-04 03:14:51,389 - yfinance - DEBUG - [history.py:273] - history() - BTC-USD: Yahoo GET parameters: {'period1': '2026-10-01 00:00:00+00:00', 'period2': '2026-10-03 21:44:51+00:00', 'interval': '5m', 'includePrePost': False, 'events': 'div,splits,capitalGains'}
2026-10-04 03:14:51,389 - yfinance - DEBUG - [utils.py:121] - wrapper() -   Entering get()
2026-10-04 03:14:51,389 - yfinance - DEBUG - [utils.py:121] - wrapper() -    Entering _make_request()
2026-10-04 03:14:51,389 - yfinance - DEBUG - [data.py:427] - _make_request() - url=https://query2.finance.yahoo.com/v8/finance/chart/BTC-USD
2026-10-04 03:14:51,389 - yfinance - DEBUG - [data.py:428] - _make_request() - params={'period1': 1790812800, 'period2': 1791063891, 'interval': '5m', 'includePrePost': False, 'events': 'div,splits,capitalGains'}
2026-10-04 03:14:51,389 - yfinance - DEBUG - [utils.py:121] - wrapper() -     Entering _get_cookie_and_crumb()
2026-10-04 03:14:51,389 - yfinance - DEBUG - [data.py:383] - _get_cookie_and_crumb() - cookie_mode = 'basic'
2026-10-04 03:14:51,389 - yfinance - DEBUG - [utils.py:121] - wrapper() -      Entering _get_cookie_and_crumb_basic()
2026-10-04 03:14:51,389 - yfinance - DEBUG - [utils.py:121] - wrapper() -       Entering _get_cookie_basic()
2026-10-04 03:14:51,389 - yfinance - DEBUG - [data.py:228] - _get_cookie_basic() - reusing cookie
2026-10-04 03:14:51,389 - yfinance - DEBUG - [utils.py:126] - wrapper() -       Exiting _get_cookie_basic()
2026-10-04 03:14:51,389 - yfinance - DEBUG - [utils.py:121] - wrapper() -       Entering _get_crumb_basic()
2026-10-04 03:14:51,390 - yfinance - DEBUG - [data.py:261] - _get_crumb_basic() - reusing crumb
2026-10-04 03:14:51,390 - yfinance - DEBUG - [utils.py:126] - wrapper() -       Exiting _get_crumb_basic()
2026-10-04 03:14:51,390 - yfinance - DEBUG - [utils.py:126] - wrapper() -      Exiting _get_cookie_and_crumb_basic()
2026-10-04 03:14:51,390 - yfinance - DEBUG - [utils.py:126] - wrapper() -     Exiting _get_cookie_and_crumb()
2026-10-04 03:14:51,651 - yfinance - DEBUG - [data.py:482] - _make_request() - response code=200
2026-10-04 03:14:51,651 - yfinance - DEBUG - [utils.py:126] - wrapper() -    Exiting _make_request()
2026-10-04 03:14:51,651 - yfinance - DEBUG - [utils.py:126] - wrapper() -   Exiting get()
2026-10-04 03:14:51,655 - yfinance - DEBUG - [history.py:403] - history() - BTC-USD: yfinance received OHLC data: 2026-10-01 00:00:00 -> 2026-10-03 21:44:38
2026-10-04 03:14:51,665 - yfinance - DEBUG - [history.py:435] - history() - BTC-USD: OHLC after cleaning: 2026-10-01 00:00:00+00:00 -> 2026-10-03 21:44:38+00:00
2026-10-04 03:14:51,668 - yfinance - DEBUG - [history.py:530] - history() - BTC-USD: OHLC after combining events: 2026-10-01 00:00:00+00:00 -> 2026-10-03 21:44:38+00:00
2026-10-04 03:14:51,674 - yfinance - DEBUG - [history.py:636] - history() - BTC-USD: yfinance returning OHLC: 2026-10-01 00:00:00+00:00 -> 2026-10-03 21:40:00+00:00
2026-10-04 03:14:51,675 - yfinance - DEBUG - [utils.py:126] - wrapper() -  Exiting history()
2026-10-04 03:14:51,675 - yfinance - DEBUG - [utils.py:126] - wrapper() - Exiting history()
2026-10-04 03:15:02,140 - yfinance - DEBUG - [utils.py:121] - wrapper() - Entering history()
2026-10-04 03:15:02,140 - peewee - DEBUG - [peewee.py:3904] - _log_query() - ('SELECT "t1"."key", "t1"."value" FROM "_tz_kv" AS "t1" WHERE ("t1"."key" = ?) LIMIT ? OFFSET ?', ['BTC-USD', 1, 0])
2026-10-04 03:15:02,141 - yfinance - DEBUG - [utils.py:121] - wrapper() -  Entering history()
2026-10-04 03:15:02,141 - yfinance - DEBUG - [history.py:273] - history() - BTC-USD: Yahoo GET parameters: {'period1': '2026-10-01 00:00:00+00:00', 'period2': '2026-10-03 21:45:02+00:00', 'interval': '5m', 'includePrePost': False, 'events': 'div,splits,capitalGains'}
2026-10-04 03:15:02,141 - yfinance - DEBUG - [utils.py:121] - wrapper() -   Entering get()
2026-10-04 03:15:02,141 - yfinance - DEBUG - [utils.py:121] - wrapper() -    Entering _make_request()
2026-10-04 03:15:02,141 - yfinance - DEBUG - [data.py:427] - _make_request() - url=https://query2.finance.yahoo.com/v8/finance/chart/BTC-USD
2026-10-04 03:15:02,141 - yfinance - DEBUG - [data.py:428] - _make_request() - params={'period1': 1790812800, 'period2': 1791063902, 'interval': '5m', 'includePrePost': False, 'events': 'div,splits,capitalGains'}
2026-10-04 03:15:02,141 - yfinance - DEBUG - [utils.py:121] - wrapper() -     Entering _get_cookie_and_crumb()
2026-10-04 03:15:02,141 - yfinance - DEBUG - [data.py:383] - _get_cookie_and_crumb() - cookie_mode = 'basic'
2026-10-04 03:15:02,141 - yfinance - DEBUG - [utils.py:121] - wrapper() -      Entering _get_cookie_and_crumb_basic()
2026-10-04 03:15:02,142 - yfinance - DEBUG - [utils.py:121] - wrapper() -       Entering _get_cookie_basic()
2026-10-04 03:15:02,142 - yfinance - DEBUG - [data.py:228] - _get_cookie_basic() - reusing cookie
2026-10-04 03:15:02,142 - yfinance - DEBUG - [utils.py:126] - wrapper() -       Exiting _get_cookie_basic()
2026-10-04 03:15:02,142 - yfinance - DEBUG - [utils.py:121] - wrapper() -       Entering _get_crumb_basic()
2026-10-04 03:15:02,142 - yfinance - DEBUG - [data.py:261] - _get_crumb_basic() - reusing crumb
2026-10-04 03:15:02,142 - yfinance - DEBUG - [utils.py:126] - wrapper() -       Exiting _get_crumb_basic()
2026-10-04 03:15:02,142 - yfinance - DEBUG - [utils.py:126] - wrapper() -      Exiting _get_cookie_and_crumb_basic()
2026-10-04 03:15:02,142 - yfinance - DEBUG - [utils.py:126] - wrapper() -     Exiting _get_cookie_and_crumb()
2026-10-04 03:15:02,409 - yfinance - DEBUG - [data.py:482] - _make_request() - response code=200
2026-10-04 03:15:02,409 - yfinance - DEBUG - [utils.py:126] - wrapper() -    Exiting _make_request()
2026-10-04 03:15:02,409 - yfinance - DEBUG - [utils.py:126] - wrapper() -   Exiting get()
2026-10-04 03:15:02,413 - yfinance - DEBUG - [history.py:403] - history() - BTC-USD: yfinance received OHLC data: 2026-10-01 00:00:00 -> 2026-10-03 21:44:38
2026-10-04 03:15:02,422 - yfinance - DEBUG - [history.py:435] - history() - BTC-USD: OHLC after cleaning: 2026-10-01 00:00:00+00:00 -> 2026-10-03 21:44:38+00:00
2026-10-04 03:15:02,425 - yfinance - DEBUG - [history.py:530] - history() - BTC-USD: OHLC after combining events: 2026-10-01 00:00:00+00:00 -> 2026-10-03 21:44:38+00:00
2026-10-04 03:15:02,432 - yfinance - DEBUG - [history.py:636] - history() - BTC-USD: yfinance returning OHLC: 2026-10-01 00:00:00+00:00 -> 2026-10-03 21:40:00+00:00
2026-10-04 03:15:02,432 - yfinance - DEBUG - [utils.py:126] - wrapper() -  Exiting history()
2026-10-04 03:15:02,432 - yfinance - DEBUG - [utils.py:126] - wrapper() - Exiting history()
2026-10-04 03:15:12,178 - yfinance - DEBUG - [utils.py:121] - wrapper() - Entering history()
2026-10-04 03:15:12,179 - peewee - DEBUG - [peewee.py:3904] - _log_query() - ('SELECT "t1"."key", "t1"."value" FROM "_tz_kv" AS "t1" WHERE ("t1"."key" = ?) LIMIT ? OFFSET ?', ['BTC-USD', 1, 0])
2026-10-04 03:15:12,180 - yfinance - DEBUG - [utils.py:121] - wrapper() -  Entering history()
2026-10-04 03:15:12,180 - yfinance - DEBUG - [history.py:273] - history() - BTC-USD: Yahoo GET parameters: {'period1': '2026-10-01 00:00:00+00:00', 'period2': '2026-10-03 21:45:12+00:00', 'interval': '5m', 'includePrePost': False, 'events': 'div,splits,capitalGains'}
2026-10-04 03:15:12,180 - yfinance - DEBUG - [utils.py:121] - wrapper() -   Entering get()
2026-10-04 03:15:12,180 - yfinance - DEBUG - [utils.py:121] - wrapper() -    Entering _make_request()
2026-10-04 03:15:12,180 - yfinance - DEBUG - [data.py:427] - _make_request() - url=https://query2.finance.yahoo.com/v8/finance/chart/BTC-USD
2026-10-04 03:15:12,180 - yfinance - DEBUG - [data.py:428] - _make_request() - params={'period1': 1790812800, 'period2': 1791063912, 'interval': '5m', 'includePrePost': False, 'events': 'div,splits,capitalGains'}
2026-10-04 03:15:12,180 - yfinance - DEBUG - [utils.py:121] - wrapper() -     Entering _get_cookie_and_crumb()
2026-10-04 03:15:12,180 - yfinance - DEBUG - [data.py:383] - _get_cookie_and_crumb() - cookie_mode = 'basic'
2026-10-04 03:15:12,180 - yfinance - DEBUG - [utils.py:121] - wrapper() -      Entering _get_cookie_and_crumb_basic()
2026-10-04 03:15:12,180 - yfinance - DEBUG - [utils.py:121] - wrapper() -       Entering _get_cookie_basic()
2026-10-04 03:15:12,180 - yfinance - DEBUG - [data.py:228] - _get_cookie_basic() - reusing cookie
2026-10-04 03:15:12,180 - yfinance - DEBUG - [utils.py:126] - wrapper() -       Exiting _get_cookie_basic()
2026-10-04 03:15:12,180 - yfinance - DEBUG - [utils.py:121] - wrapper() -       Entering _get_crumb_basic()
2026-10-04 03:15:12,180 - yfinance - DEBUG - [data.py:261] - _get_crumb_basic() - reusing crumb
2026-10-04 03:15:12,180 - yfinance - DEBUG - [utils.py:126] - wrapper() -       Exiting _get_crumb_basic()
2026-10-04 03:15:12,180 - yfinance - DEBUG - [utils.py:126] - wrapper() -      Exiting _get_cookie_and_crumb_basic()
2026-10-04 03:15:12,180 - yfinance - DEBUG - [utils.py:126] - wrapper() -     Exiting _get_cookie_and_crumb()
2026-10-04 03:15:12,446 - yfinance - DEBUG - [data.py:482] - _make_request() - response code=200
2026-10-04 03:15:12,446 - yfinance - DEBUG - [utils.py:126] - wrapper() -    Exiting _make_request()
2026-10-04 03:15:12,447 - yfinance - DEBUG - [utils.py:126] - wrapper() -   Exiting get()
2026-10-04 03:15:12,451 - yfinance - DEBUG - [history.py:403] - history() - BTC-USD: yfinance received OHLC data: 2026-10-01 00:00:00 -> 2026-10-03 21:44:38
2026-10-04 03:15:12,459 - yfinance - DEBUG - [history.py:435] - history() - BTC-USD: OHLC after cleaning: 2026-10-01 00:00:00+00:00 -> 2026-10-03 21:44:38+00:00
2026-10-04 03:15:12,461 - yfinance - DEBUG - [history.py:530] - history() - BTC-USD: OHLC after combining events: 2026-10-01 00:00:00+00:00 -> 2026-10-03 21:44:38+00:00
2026-10-04 03:15:12,468 - yfinance - DEBUG - [history.py:636] - history() - BTC-USD: yfinance returning OHLC: 2026-10-01 00:00:00+00:00 -> 2026-10-03 21:40:00+00:00
2026-10-04 03:15:12,468 - yfinance - DEBUG - [utils.py:126] - wrapper() -  Exiting history()
2026-10-04 03:15:12,468 - yfinance - DEBUG - [utils.py:126] - wrapper() - Exiting history()
2026-10-04 03:15:22,179 - yfinance - DEBUG - [utils.py:121] - wrapper() - Entering history()
2026-10-04 03:15:22,180 - peewee - DEBUG - [peewee.py:3904] - _log_query() - ('SELECT "t1"."key", "t1"."value" FROM "_tz_kv" AS "t1" WHERE ("t1"."key" = ?) LIMIT ? OFFSET ?', ['BTC-USD', 1, 0])
2026-10-04 03:15:22,180 - yfinance - DEBUG - [utils.py:121] - wrapper() -  Entering history()
2026-10-04 03:15:22,181 - yfinance - DEBUG - [history.py:273] - history() - BTC-USD: Yahoo GET parameters: {'period1': '2026-10-01 00:00:00+00:00', 'period2': '2026-10-03 21:45:22+00:00', 'interval': '5m', 'includePrePost': False, 'events': 'div,splits,capitalGains'}
2026-10-04 03:15:22,181 - yfinance - DEBUG - [utils.py:121] - wrapper() -   Entering get()
2026-10-04 03:15:22,181 - yfinance - DEBUG - [utils.py:121] - wrapper() -    Entering _make_request()
2026-10-04 03:15:22,181 - yfinance - DEBUG - [data.py:427] - _make_request() - url=https://query2.finance.yahoo.com/v8/finance/chart/BTC-USD
2026-10-04 03:15:22,181 - yfinance - DEBUG - [data.py:428] - _make_request() - params={'period1': 1790812800, 'period2': 1791063922, 'interval': '5m', 'includePrePost': False, 'events': 'div,splits,capitalGains'}
2026-10-04 03:15:22,181 - yfinance - DEBUG - [utils.py:121] - wrapper() -     Entering _get_cookie_and_crumb()
2026-10-04 03:15:22,181 - yfinance - DEBUG - [data.py:383] - _get_cookie_and_crumb() - cookie_mode = 'basic'
2026-10-04 03:15:22,181 - yfinance - DEBUG - [utils.py:121] - wrapper() -      Entering _get_cookie_and_crumb_basic()
2026-10-04 03:15:22,181 - yfinance - DEBUG - [utils.py:121] - wrapper() -       Entering _get_cookie_basic()
2026-10-04 03:15:22,181 - yfinance - DEBUG - [data.py:228] - _get_cookie_basic() - reusing cookie
2026-10-04 03:15:22,181 - yfinance - DEBUG - [utils.py:126] - wrapper() -       Exiting _get_cookie_basic()
2026-10-04 03:15:22,181 - yfinance - DEBUG - [utils.py:121] - wrapper() -       Entering _get_crumb_basic()
2026-10-04 03:15:22,181 - yfinance - DEBUG - [data.py:261] - _get_crumb_basic() - reusing crumb
2026-10-04 03:15:22,181 - yfinance - DEBUG - [utils.py:126] - wrapper() -       Exiting _get_crumb_basic()
2026-10-04 03:15:22,181 - yfinance - DEBUG - [utils.py:126] - wrapper() -      Exiting _get_cookie_and_crumb_basic()
2026-10-04 03:15:22,181 - yfinance - DEBUG - [utils.py:126] - wrapper() -     Exiting _get_cookie_and_crumb()
2026-10-04 03:15:22,412 - yfinance - DEBUG - [data.py:482] - _make_request() - response code=200
2026-10-04 03:15:22,412 - yfinance - DEBUG - [utils.py:126] - wrapper() -    Exiting _make_request()
2026-10-04 03:15:22,412 - yfinance - DEBUG - [utils.py:126] - wrapper() -   Exiting get()
2026-10-04 03:15:22,415 - yfinance - DEBUG - [history.py:403] - history() - BTC-USD: yfinance received OHLC data: 2026-10-01 00:00:00 -> 2026-10-03 21:44:38
2026-10-04 03:15:22,422 - yfinance - DEBUG - [history.py:435] - history() - BTC-USD: OHLC after cleaning: 2026-10-01 00:00:00+00:00 -> 2026-10-03 21:44:38+00:00
2026-10-04 03:15:22,425 - yfinance - DEBUG - [history.py:530] - history() - BTC-USD: OHLC after combining events: 2026-10-01 00:00:00+00:00 -> 2026-10-03 21:44:38+00:00
2026-10-04 03:15:22,432 - yfinance - DEBUG - [history.py:636] - history() - BTC-USD: yfinance returning OHLC: 2026-10-01 00:00:00+00:00 -> 2026-10-03 21:40:00+00:00
2026-10-04 03:15:22,432 - yfinance - DEBUG - [utils.py:126] - wrapper() -  Exiting history()
2026-10-04 03:15:22,432 - yfinance - DEBUG - [utils.py:126] - wrapper() - Exiting history()
2026-10-04 04:01:31,185 - utils.logging_setup - INFO - [logging_setup.py:15] - setup_logging() - Logging initialized successfully
2026-10-04 04:01:31,233 - yfinance - DEBUG - [utils.py:121] - wrapper() - Entering history()
2026-10-04 04:01:31,236 - peewee - DEBUG - [peewee.py:3904] - _log_query() - ('CREATE TABLE IF NOT EXISTS "_tz_kv" ("key" VARCHAR(255) NOT NULL PRIMARY KEY, "value" VARCHAR(255)) WITHOUT ROWID', [])
2026-10-04 04:01:31,236 - peewee - DEBUG - [peewee.py:3904] - _log_query() - ('SELECT "t1"."key", "t1"."value" FROM "_tz_kv" AS "t1" WHERE ("t1"."key" = ?) LIMIT ? OFFSET ?', ['BTC-USD', 1, 0])
2026-10-04 04:01:31,236 - yfinance - DEBUG - [utils.py:121] - wrapper() -  Entering history()
2026-10-04 04:01:31,236 - yfinance - DEBUG - [history.py:273] - history() - BTC-USD: Yahoo GET parameters: {'period1': '2026-10-01 00:00:00+00:00', 'period2': '2026-10-03 22:31:31+00:00', 'interval': '1d', 'includePrePost': False, 'events': 'div,splits,capitalGains'}
2026-10-04 04:01:31,236 - yfinance - DEBUG - [utils.py:121] - wrapper() -   Entering get()
2026-10-04 04:01:31,236 - yfinance - DEBUG - [utils.py:121] - wrapper() -    Entering _make_request()
2026-10-04 04:01:31,236 - yfinance - DEBUG - [data.py:427] - _make_request() - url=https://query2.finance.yahoo.com/v8/finance/chart/BTC-USD
2026-10-04 04:01:31,236 - yfinance - DEBUG - [data.py:428] - _make_request() - params={'period1': 1790812800, 'period2': 1791066691, 'interval': '1d', 'includePrePost': False, 'events': 'div,splits,capitalGains'}
2026-10-04 04:01:31,236 - yfinance - DEBUG - [utils.py:121] - wrapper() -     Entering _get_cookie_and_crumb()
2026-10-04 04:01:31,236 - yfinance - DEBUG - [data.py:383] - _get_cookie_and_crumb() - cookie_mode = 'basic'
2026-10-04 04:01:31,236 - yfinance - DEBUG - [utils.py:121] - wrapper() -      Entering _get_cookie_and_crumb_basic()
2026-10-04 04:01:31,236 - yfinance - DEBUG - [utils.py:121] - wrapper() -       Entering _get_cookie_basic()
2026-10-04 04:01:31,236 - yfinance - DEBUG - [utils.py:121] - wrapper() -        Entering _load_cookie_curlCffi()
2026-10-04 04:01:31,237 - peewee - DEBUG - [peewee.py:3904] - _log_query() - ('CREATE TABLE IF NOT EXISTS "_cookieschema" ("strategy" VARCHAR(255) NOT NULL PRIMARY KEY, "fetch_date" DATETIME NOT NULL, "cookie_bytes" BLOB NOT NULL) WITHOUT ROWID', [])
2026-10-04 04:01:31,237 - peewee - DEBUG - [peewee.py:3904] - _log_query() - ('SELECT "t1"."strategy", "t1"."fetch_date", "t1"."cookie_bytes" FROM "_cookieschema" AS "t1" WHERE ("t1"."strategy" = ?) LIMIT ? OFFSET ?', ['curlCffi', 1, 0])
2026-10-04 04:01:31,237 - yfinance - DEBUG - [utils.py:126] - wrapper() -        Exiting _load_cookie_curlCffi()
2026-10-04 04:01:31,237 - yfinance - DEBUG - [data.py:231] - _get_cookie_basic() - reusing persistent cookie
2026-10-04 04:01:31,237 - yfinance - DEBUG - [utils.py:126] - wrapper() -       Exiting _get_cookie_basic()
2026-10-04 04:01:31,237 - yfinance - DEBUG - [utils.py:121] - wrapper() -       Entering _get_crumb_basic()
2026-10-04 04:01:31,237 - yfinance - DEBUG - [utils.py:121] - wrapper() -        Entering _get_cookie_basic()
2026-10-04 04:01:31,237 - yfinance - DEBUG - [data.py:228] - _get_cookie_basic() - reusing cookie
2026-10-04 04:01:31,237 - yfinance - DEBUG - [utils.py:126] - wrapper() -        Exiting _get_cookie_basic()
2026-10-04 04:01:31,513 - yfinance - DEBUG - [data.py:282] - _get_crumb_basic() - crumb = '2PoyIcSAJRM'
2026-10-04 04:01:31,513 - yfinance - DEBUG - [utils.py:126] - wrapper() -       Exiting _get_crumb_basic()
2026-10-04 04:01:31,513 - yfinance - DEBUG - [utils.py:126] - wrapper() -      Exiting _get_cookie_and_crumb_basic()
2026-10-04 04:01:31,513 - yfinance - DEBUG - [utils.py:126] - wrapper() -     Exiting _get_cookie_and_crumb()
2026-10-04 04:01:31,773 - yfinance - DEBUG - [data.py:482] - _make_request() - response code=200
2026-10-04 04:01:31,773 - yfinance - DEBUG - [utils.py:126] - wrapper() -    Exiting _make_request()
2026-10-04 04:01:31,773 - yfinance - DEBUG - [utils.py:126] - wrapper() -   Exiting get()
2026-10-04 04:01:31,777 - yfinance - DEBUG - [history.py:403] - history() - BTC-USD: yfinance received OHLC data: 2026-10-01 00:00:00 -> 2026-10-03 00:00:00
2026-10-04 04:01:31,779 - yfinance - DEBUG - [history.py:435] - history() - BTC-USD: OHLC after cleaning: 2026-10-01 00:00:00+00:00 -> 2026-10-03 00:00:00+00:00
2026-10-04 04:01:31,782 - yfinance - DEBUG - [history.py:530] - history() - BTC-USD: OHLC after combining events: 2026-10-01 00:00:00+00:00 -> 2026-10-03 00:00:00+00:00
2026-10-04 04:01:31,787 - yfinance - DEBUG - [history.py:636] - history() - BTC-USD: yfinance returning OHLC: 2026-10-01 00:00:00+00:00 -> 2026-10-03 00:00:00+00:00
2026-10-04 04:01:31,787 - yfinance - DEBUG - [utils.py:126] - wrapper() -  Exiting history()
2026-10-04 04:01:31,787 - yfinance - DEBUG - [utils.py:126] - wrapper() - Exiting history()
2026-10-04 04:02:04,806 - utils.logging_setup - INFO - [logging_setup.py:15] - setup_logging() - Logging initialized successfully
2026-10-04 04:02:04,868 - yfinance - DEBUG - [utils.py:121] - wrapper() - Entering history()
2026-10-04 04:02:04,870 - peewee - DEBUG - [peewee.py:3904] - _log_query() - ('CREATE TABLE IF NOT EXISTS "_tz_kv" ("key" VARCHAR(255) NOT NULL PRIMARY KEY, "value" VARCHAR(255)) WITHOUT ROWID', [])
2026-10-04 04:02:04,870 - peewee - DEBUG - [peewee.py:3904] - _log_query() - ('SELECT "t1"."key", "t1"."value" FROM "_tz_kv" AS "t1" WHERE ("t1"."key" = ?) LIMIT ? OFFSET ?', ['BTC-USD', 1, 0])
2026-10-04 04:02:04,870 - yfinance - DEBUG - [utils.py:121] - wrapper() -  Entering history()
2026-10-04 04:02:04,871 - yfinance - DEBUG - [history.py:273] - history() - BTC-USD: Yahoo GET parameters: {'period1': '2026-10-01 00:00:00+00:00', 'period2': '2026-10-03 22:32:04+00:00', 'interval': '1d', 'includePrePost': False, 'events': 'div,splits,capitalGains'}
2026-10-04 04:02:04,871 - yfinance - DEBUG - [utils.py:121] - wrapper() -   Entering get()
2026-10-04 04:02:04,871 - yfinance - DEBUG - [utils.py:121] - wrapper() -    Entering _make_request()
2026-10-04 04:02:04,871 - yfinance - DEBUG - [data.py:427] - _make_request() - url=https://query2.finance.yahoo.com/v8/finance/chart/BTC-USD
2026-10-04 04:02:04,871 - yfinance - DEBUG - [data.py:428] - _make_request() - params={'period1': 1790812800, 'period2': 1791066724, 'interval': '1d', 'includePrePost': False, 'events': 'div,splits,capitalGains'}
2026-10-04 04:02:04,871 - yfinance - DEBUG - [utils.py:121] - wrapper() -     Entering _get_cookie_and_crumb()
2026-10-04 04:02:04,871 - yfinance - DEBUG - [data.py:383] - _get_cookie_and_crumb() - cookie_mode = 'basic'
2026-10-04 04:02:04,871 - yfinance - DEBUG - [utils.py:121] - wrapper() -      Entering _get_cookie_and_crumb_basic()
2026-10-04 04:02:04,871 - yfinance - DEBUG - [utils.py:121] - wrapper() -       Entering _get_cookie_basic()
2026-10-04 04:02:04,871 - yfinance - DEBUG - [utils.py:121] - wrapper() -        Entering _load_cookie_curlCffi()
2026-10-04 04:02:04,871 - peewee - DEBUG - [peewee.py:3904] - _log_query() - ('CREATE TABLE IF NOT EXISTS "_cookieschema" ("strategy" VARCHAR(255) NOT NULL PRIMARY KEY, "fetch_date" DATETIME NOT NULL, "cookie_bytes" BLOB NOT NULL) WITHOUT ROWID', [])
2026-10-04 04:02:04,872 - peewee - DEBUG - [peewee.py:3904] - _log_query() - ('SELECT "t1"."strategy", "t1"."fetch_date", "t1"."cookie_bytes" FROM "_cookieschema" AS "t1" WHERE ("t1"."strategy" = ?) LIMIT ? OFFSET ?', ['curlCffi', 1, 0])
2026-10-04 04:02:04,872 - yfinance - DEBUG - [utils.py:126] - wrapper() -        Exiting _load_cookie_curlCffi()
2026-10-04 04:02:04,872 - yfinance - DEBUG - [data.py:231] - _get_cookie_basic() - reusing persistent cookie
2026-10-04 04:02:04,872 - yfinance - DEBUG - [utils.py:126] - wrapper() -       Exiting _get_cookie_basic()
2026-10-04 04:02:04,872 - yfinance - DEBUG - [utils.py:121] - wrapper() -       Entering _get_crumb_basic()
2026-10-04 04:02:04,872 - yfinance - DEBUG - [utils.py:121] - wrapper() -        Entering _get_cookie_basic()
2026-10-04 04:02:04,872 - yfinance - DEBUG - [data.py:228] - _get_cookie_basic() - reusing cookie
2026-10-04 04:02:04,872 - yfinance - DEBUG - [utils.py:126] - wrapper() -        Exiting _get_cookie_basic()
2026-10-04 04:02:05,050 - yfinance - DEBUG - [data.py:282] - _get_crumb_basic() - crumb = '2PoyIcSAJRM'
2026-10-04 04:02:05,051 - yfinance - DEBUG - [utils.py:126] - wrapper() -       Exiting _get_crumb_basic()
2026-10-04 04:02:05,051 - yfinance - DEBUG - [utils.py:126] - wrapper() -      Exiting _get_cookie_and_crumb_basic()
2026-10-04 04:02:05,051 - yfinance - DEBUG - [utils.py:126] - wrapper() -     Exiting _get_cookie_and_crumb()
2026-10-04 04:02:05,245 - yfinance - DEBUG - [data.py:482] - _make_request() - response code=200
2026-10-04 04:02:05,245 - yfinance - DEBUG - [utils.py:126] - wrapper() -    Exiting _make_request()
2026-10-04 04:02:05,246 - yfinance - DEBUG - [utils.py:126] - wrapper() -   Exiting get()
2026-10-04 04:02:05,248 - yfinance - DEBUG - [history.py:403] - history() - BTC-USD: yfinance received OHLC data: 2026-10-01 00:00:00 -> 2026-10-03 00:00:00
2026-10-04 04:02:05,250 - yfinance - DEBUG - [history.py:435] - history() - BTC-USD: OHLC after cleaning: 2026-10-01 00:00:00+00:00 -> 2026-10-03 00:00:00+00:00
2026-10-04 04:02:05,256 - yfinance - DEBUG - [history.py:530] - history() - BTC-USD: OHLC after combining events: 2026-10-01 00:00:00+00:00 -> 2026-10-03 00:00:00+00:00
2026-10-04 04:02:05,261 - yfinance - DEBUG - [history.py:636] - history() - BTC-USD: yfinance returning OHLC: 2026-10-01 00:00:00+00:00 -> 2026-10-03 00:00:00+00:00
2026-10-04 04:02:05,261 - yfinance - DEBUG - [utils.py:126] - wrapper() -  Exiting history()
2026-10-04 04:02:05,262 - yfinance - DEBUG - [utils.py:126] - wrapper() - Exiting history()
2026-10-04 04:02:35,063 - utils.logging_setup - INFO - [logging_setup.py:15] - setup_logging() - Logging initialized successfully
2026-10-04 04:02:36,524 - yfinance - DEBUG - [utils.py:121] - wrapper() - Entering history()
2026-10-04 04:02:36,524 - peewee - DEBUG - [peewee.py:3904] - _log_query() - ('SELECT "t1"."key", "t1"."value" FROM "_tz_kv" AS "t1" WHERE ("t1"."key" = ?) LIMIT ? OFFSET ?', ['BTC-USD', 1, 0])
2026-10-04 04:02:36,526 - yfinance - DEBUG - [utils.py:121] - wrapper() -  Entering history()
2026-10-04 04:02:36,526 - yfinance - DEBUG - [history.py:273] - history() - BTC-USD: Yahoo GET parameters: {'period1': '2026-10-01 00:00:00+00:00', 'period2': '2026-10-03 22:32:36+00:00', 'interval': '1d', 'includePrePost': False, 'events': 'div,splits,capitalGains'}
2026-10-04 04:02:36,526 - yfinance - DEBUG - [utils.py:121] - wrapper() -   Entering get()
2026-10-04 04:02:36,526 - yfinance - DEBUG - [utils.py:121] - wrapper() -    Entering _make_request()
2026-10-04 04:02:36,526 - yfinance - DEBUG - [data.py:427] - _make_request() - url=https://query2.finance.yahoo.com/v8/finance/chart/BTC-USD
2026-10-04 04:02:36,526 - yfinance - DEBUG - [data.py:428] - _make_request() - params={'period1': 1790812800, 'period2': 1791066756, 'interval': '1d', 'includePrePost': False, 'events': 'div,splits,capitalGains'}
2026-10-04 04:02:36,527 - yfinance - DEBUG - [utils.py:121] - wrapper() -     Entering _get_cookie_and_crumb()
2026-10-04 04:02:36,527 - yfinance - DEBUG - [data.py:383] - _get_cookie_and_crumb() - cookie_mode = 'basic'
2026-10-04 04:02:36,527 - yfinance - DEBUG - [utils.py:121] - wrapper() -      Entering _get_cookie_and_crumb_basic()
2026-10-04 04:02:36,527 - yfinance - DEBUG - [utils.py:121] - wrapper() -       Entering _get_cookie_basic()
2026-10-04 04:02:36,527 - yfinance - DEBUG - [data.py:228] - _get_cookie_basic() - reusing cookie
2026-10-04 04:02:36,527 - yfinance - DEBUG - [utils.py:126] - wrapper() -       Exiting _get_cookie_basic()
2026-10-04 04:02:36,527 - yfinance - DEBUG - [utils.py:121] - wrapper() -       Entering _get_crumb_basic()
2026-10-04 04:02:36,527 - yfinance - DEBUG - [data.py:261] - _get_crumb_basic() - reusing crumb
2026-10-04 04:02:36,527 - yfinance - DEBUG - [utils.py:126] - wrapper() -       Exiting _get_crumb_basic()
2026-10-04 04:02:36,527 - yfinance - DEBUG - [utils.py:126] - wrapper() -      Exiting _get_cookie_and_crumb_basic()
2026-10-04 04:02:36,527 - yfinance - DEBUG - [utils.py:126] - wrapper() -     Exiting _get_cookie_and_crumb()
2026-10-04 04:02:36,722 - yfinance - DEBUG - [data.py:482] - _make_request() - response code=200
2026-10-04 04:02:36,722 - yfinance - DEBUG - [utils.py:126] - wrapper() -    Exiting _make_request()
2026-10-04 04:02:36,722 - yfinance - DEBUG - [utils.py:126] - wrapper() -   Exiting get()
2026-10-04 04:02:36,724 - yfinance - DEBUG - [history.py:403] - history() - BTC-USD: yfinance received OHLC data: 2026-10-01 00:00:00 -> 2026-10-03 00:00:00
2026-10-04 04:02:36,726 - yfinance - DEBUG - [history.py:435] - history() - BTC-USD: OHLC after cleaning: 2026-10-01 00:00:00+00:00 -> 2026-10-03 00:00:00+00:00
2026-10-04 04:02:36,729 - yfinance - DEBUG - [history.py:530] - history() - BTC-USD: OHLC after combining events: 2026-10-01 00:00:00+00:00 -> 2026-10-03 00:00:00+00:00
2026-10-04 04:02:36,734 - yfinance - DEBUG - [history.py:636] - history() - BTC-USD: yfinance returning OHLC: 2026-10-01 00:00:00+00:00 -> 2026-10-03 00:00:00+00:00
2026-10-04 04:02:36,734 - yfinance - DEBUG - [utils.py:126] - wrapper() -  Exiting history()
2026-10-04 04:02:36,735 - yfinance - DEBUG - [utils.py:126] - wrapper() - Exiting history()
2026-10-04 04:02:38,637 - yfinance - DEBUG - [utils.py:121] - wrapper() - Entering history()
2026-10-04 04:02:38,637 - peewee - DEBUG - [peewee.py:3904] - _log_query() - ('SELECT "t1"."key", "t1"."value" FROM "_tz_kv" AS "t1" WHERE ("t1"."key" = ?) LIMIT ? OFFSET ?', ['BTC-USD', 1, 0])
2026-10-04 04:02:38,638 - yfinance - DEBUG - [utils.py:121] - wrapper() -  Entering history()
2026-10-04 04:02:38,638 - yfinance - DEBUG - [history.py:273] - history() - BTC-USD: Yahoo GET parameters: {'period1': '2026-10-01 00:00:00+00:00', 'period2': '2026-10-03 22:32:38+00:00', 'interval': '1d', 'includePrePost': False, 'events': 'div,splits,capitalGains'}
2026-10-04 04:02:38,638 - yfinance - DEBUG - [utils.py:121] - wrapper() -   Entering get()
2026-10-04 04:02:38,638 - yfinance - DEBUG - [utils.py:121] - wrapper() -    Entering _make_request()
2026-10-04 04:02:38,638 - yfinance - DEBUG - [data.py:427] - _make_request() - url=https://query2.finance.yahoo.com/v8/finance/chart/BTC-USD
2026-10-04 04:02:38,638 - yfinance - DEBUG - [data.py:428] - _make_request() - params={'period1': 1790812800, 'period2': 1791066758, 'interval': '1d', 'includePrePost': False, 'events': 'div,splits,capitalGains'}
2026-10-04 04:02:38,639 - yfinance - DEBUG - [utils.py:121] - wrapper() -     Entering _get_cookie_and_crumb()
2026-10-04 04:02:38,639 - yfinance - DEBUG - [data.py:383] - _get_cookie_and_crumb() - cookie_mode = 'basic'
2026-10-04 04:02:38,639 - yfinance - DEBUG - [utils.py:121] - wrapper() -      Entering _get_cookie_and_crumb_basic()
2026-10-04 04:02:38,639 - yfinance - DEBUG - [utils.py:121] - wrapper() -       Entering _get_cookie_basic()
2026-10-04 04:02:38,639 - yfinance - DEBUG - [data.py:228] - _get_cookie_basic() - reusing cookie
2026-10-04 04:02:38,639 - yfinance - DEBUG - [utils.py:126] - wrapper() -       Exiting _get_cookie_basic()
2026-10-04 04:02:38,639 - yfinance - DEBUG - [utils.py:121] - wrapper() -       Entering _get_crumb_basic()
2026-10-04 04:02:38,639 - yfinance - DEBUG - [data.py:261] - _get_crumb_basic() - reusing crumb
2026-10-04 04:02:38,639 - yfinance - DEBUG - [utils.py:126] - wrapper() -       Exiting _get_crumb_basic()
2026-10-04 04:02:38,639 - yfinance - DEBUG - [utils.py:126] - wrapper() -      Exiting _get_cookie_and_crumb_basic()
2026-10-04 04:02:38,639 - yfinance - DEBUG - [utils.py:126] - wrapper() -     Exiting _get_cookie_and_crumb()
2026-10-04 04:02:38,832 - yfinance - DEBUG - [data.py:482] - _make_request() - response code=200
2026-10-04 04:02:38,833 - yfinance - DEBUG - [utils.py:126] - wrapper() -    Exiting _make_request()
2026-10-04 04:02:38,833 - yfinance - DEBUG - [utils.py:126] - wrapper() -   Exiting get()
2026-10-04 04:02:38,835 - yfinance - DEBUG - [history.py:403] - history() - BTC-USD: yfinance received OHLC data: 2026-10-01 00:00:00 -> 2026-10-03 00:00:00
2026-10-04 04:02:38,837 - yfinance - DEBUG - [history.py:435] - history() - BTC-USD: OHLC after cleaning: 2026-10-01 00:00:00+00:00 -> 2026-10-03 00:00:00+00:00
2026-10-04 04:02:38,840 - yfinance - DEBUG - [history.py:530] - history() - BTC-USD: OHLC after combining events: 2026-10-01 00:00:00+00:00 -> 2026-10-03 00:00:00+00:00
2026-10-04 04:02:38,846 - yfinance - DEBUG - [history.py:636] - history() - BTC-USD: yfinance returning OHLC: 2026-10-01 00:00:00+00:00 -> 2026-10-03 00:00:00+00:00
2026-10-04 04:02:38,847 - yfinance - DEBUG - [utils.py:126] - wrapper() -  Exiting history()
2026-10-04 04:02:38,847 - yfinance - DEBUG - [utils.py:126] - wrapper() - Exiting history()
2026-10-04 04:02:46,080 - yfinance - DEBUG - [utils.py:121] - wrapper() - Entering history()
2026-10-04 04:02:46,081 - peewee - DEBUG - [peewee.py:3904] - _log_query() - ('SELECT "t1"."key", "t1"."value" FROM "_tz_kv" AS "t1" WHERE ("t1"."key" = ?) LIMIT ? OFFSET ?', ['BTC-USD', 1, 0])
2026-10-04 04:02:46,082 - yfinance - DEBUG - [utils.py:121] - wrapper() -  Entering history()
2026-10-04 04:02:46,082 - yfinance - DEBUG - [history.py:273] - history() - BTC-USD: Yahoo GET parameters: {'period1': '2026-10-01 00:00:00+00:00', 'period2': '2026-10-03 22:32:46+00:00', 'interval': '1m', 'includePrePost': False, 'events': 'div,splits,capitalGains'}
2026-10-04 04:02:46,082 - yfinance - DEBUG - [utils.py:121] - wrapper() -   Entering get()
2026-10-04 04:02:46,082 - yfinance - DEBUG - [utils.py:121] - wrapper() -    Entering _make_request()
2026-10-04 04:02:46,082 - yfinance - DEBUG - [data.py:427] - _make_request() - url=https://query2.finance.yahoo.com/v8/finance/chart/BTC-USD
2026-10-04 04:02:46,082 - yfinance - DEBUG - [data.py:428] - _make_request() - params={'period1': 1790812800, 'period2': 1791066766, 'interval': '1m', 'includePrePost': False, 'events': 'div,splits,capitalGains'}
2026-10-04 04:02:46,082 - yfinance - DEBUG - [utils.py:121] - wrapper() -     Entering _get_cookie_and_crumb()
2026-10-04 04:02:46,082 - yfinance - DEBUG - [data.py:383] - _get_cookie_and_crumb() - cookie_mode = 'basic'
2026-10-04 04:02:46,082 - yfinance - DEBUG - [utils.py:121] - wrapper() -      Entering _get_cookie_and_crumb_basic()
2026-10-04 04:02:46,082 - yfinance - DEBUG - [utils.py:121] - wrapper() -       Entering _get_cookie_basic()
2026-10-04 04:02:46,082 - yfinance - DEBUG - [data.py:228] - _get_cookie_basic() - reusing cookie
2026-10-04 04:02:46,083 - yfinance - DEBUG - [utils.py:126] - wrapper() -       Exiting _get_cookie_basic()
2026-10-04 04:02:46,083 - yfinance - DEBUG - [utils.py:121] - wrapper() -       Entering _get_crumb_basic()
2026-10-04 04:02:46,083 - yfinance - DEBUG - [data.py:261] - _get_crumb_basic() - reusing crumb
2026-10-04 04:02:46,083 - yfinance - DEBUG - [utils.py:126] - wrapper() -       Exiting _get_crumb_basic()
2026-10-04 04:02:46,083 - yfinance - DEBUG - [utils.py:126] - wrapper() -      Exiting _get_cookie_and_crumb_basic()
2026-10-04 04:02:46,083 - yfinance - DEBUG - [utils.py:126] - wrapper() -     Exiting _get_cookie_and_crumb()
2026-10-04 04:02:46,399 - yfinance - DEBUG - [data.py:482] - _make_request() - response code=200
2026-10-04 04:02:46,399 - yfinance - DEBUG - [utils.py:126] - wrapper() -    Exiting _make_request()
2026-10-04 04:02:46,399 - yfinance - DEBUG - [utils.py:126] - wrapper() -   Exiting get()
2026-10-04 04:02:46,408 - yfinance - DEBUG - [history.py:403] - history() - BTC-USD: yfinance received OHLC data: 2026-10-01 00:00:00 -> 2026-10-03 22:32:40
2026-10-04 04:02:46,419 - yfinance - DEBUG - [history.py:435] - history() - BTC-USD: OHLC after cleaning: 2026-10-01 00:00:00+00:00 -> 2026-10-03 22:32:40+00:00
2026-10-04 04:02:46,421 - yfinance - DEBUG - [history.py:530] - history() - BTC-USD: OHLC after combining events: 2026-10-01 00:00:00+00:00 -> 2026-10-03 22:32:40+00:00
2026-10-04 04:02:46,427 - yfinance - DEBUG - [history.py:636] - history() - BTC-USD: yfinance returning OHLC: 2026-10-01 00:00:00+00:00 -> 2026-10-03 22:32:00+00:00
2026-10-04 04:02:46,428 - yfinance - DEBUG - [utils.py:126] - wrapper() -  Exiting history()
2026-10-04 04:02:46,428 - yfinance - DEBUG - [utils.py:126] - wrapper() - Exiting history()
2026-10-04 04:02:46,500 - yfinance - DEBUG - [utils.py:121] - wrapper() - Entering history()
2026-10-04 04:02:46,500 - peewee - DEBUG - [peewee.py:3904] - _log_query() - ('SELECT "t1"."key", "t1"."value" FROM "_tz_kv" AS "t1" WHERE ("t1"."key" = ?) LIMIT ? OFFSET ?', ['BTC-USD', 1, 0])
2026-10-04 04:02:46,500 - yfinance - DEBUG - [utils.py:121] - wrapper() -  Entering history()
2026-10-04 04:02:46,500 - yfinance - DEBUG - [history.py:273] - history() - BTC-USD: Yahoo GET parameters: {'period1': '2026-10-01 00:00:00+00:00', 'period2': '2026-10-03 22:32:46+00:00', 'interval': '1m', 'includePrePost': False, 'events': 'div,splits,capitalGains'}
2026-10-04 04:02:46,501 - yfinance - DEBUG - [utils.py:121] - wrapper() -   Entering get()
2026-10-04 04:02:46,501 - yfinance - DEBUG - [utils.py:121] - wrapper() -    Entering _make_request()
2026-10-04 04:02:46,501 - yfinance - DEBUG - [data.py:427] - _make_request() - url=https://query2.finance.yahoo.com/v8/finance/chart/BTC-USD
2026-10-04 04:02:46,501 - yfinance - DEBUG - [data.py:428] - _make_request() - params={'period1': 1790812800, 'period2': 1791066766, 'interval': '1m', 'includePrePost': False, 'events': 'div,splits,capitalGains'}
2026-10-04 04:02:46,501 - yfinance - DEBUG - [utils.py:121] - wrapper() -     Entering _get_cookie_and_crumb()
2026-10-04 04:02:46,501 - yfinance - DEBUG - [data.py:383] - _get_cookie_and_crumb() - cookie_mode = 'basic'
2026-10-04 04:02:46,501 - yfinance - DEBUG - [utils.py:121] - wrapper() -      Entering _get_cookie_and_crumb_basic()
2026-10-04 04:02:46,501 - yfinance - DEBUG - [utils.py:121] - wrapper() -       Entering _get_cookie_basic()
2026-10-04 04:02:46,501 - yfinance - DEBUG - [data.py:228] - _get_cookie_basic() - reusing cookie
2026-10-04 04:02:46,501 - yfinance - DEBUG - [utils.py:126] - wrapper() -       Exiting _get_cookie_basic()
2026-10-04 04:02:46,501 - yfinance - DEBUG - [utils.py:121] - wrapper() -       Entering _get_crumb_basic()
2026-10-04 04:02:46,501 - yfinance - DEBUG - [data.py:261] - _get_crumb_basic() - reusing crumb
2026-10-04 04:02:46,501 - yfinance - DEBUG - [utils.py:126] - wrapper() -       Exiting _get_crumb_basic()
2026-10-04 04:02:46,501 - yfinance - DEBUG - [utils.py:126] - wrapper() -      Exiting _get_cookie_and_crumb_basic()
2026-10-04 04:02:46,501 - yfinance - DEBUG - [utils.py:126] - wrapper() -     Exiting _get_cookie_and_crumb()
2026-10-04 04:02:46,568 - yfinance - DEBUG - [data.py:482] - _make_request() - response code=200
2026-10-04 04:02:46,568 - yfinance - DEBUG - [utils.py:126] - wrapper() -    Exiting _make_request()
2026-10-04 04:02:46,568 - yfinance - DEBUG - [utils.py:126] - wrapper() -   Exiting get()
2026-10-04 04:02:46,572 - yfinance - DEBUG - [history.py:403] - history() - BTC-USD: yfinance received OHLC data: 2026-10-01 00:00:00 -> 2026-10-03 22:32:40
2026-10-04 04:02:46,576 - yfinance - DEBUG - [history.py:435] - history() - BTC-USD: OHLC after cleaning: 2026-10-01 00:00:00+00:00 -> 2026-10-03 22:32:40+00:00
2026-10-04 04:02:46,577 - yfinance - DEBUG - [history.py:530] - history() - BTC-USD: OHLC after combining events: 2026-10-01 00:00:00+00:00 -> 2026-10-03 22:32:40+00:00
2026-10-04 04:02:46,581 - yfinance - DEBUG - [history.py:636] - history() - BTC-USD: yfinance returning OHLC: 2026-10-01 00:00:00+00:00 -> 2026-10-03 22:32:00+00:00
2026-10-04 04:02:46,581 - yfinance - DEBUG - [utils.py:126] - wrapper() -  Exiting history()
2026-10-04 04:02:46,581 - yfinance - DEBUG - [utils.py:126] - wrapper() - Exiting history()
2026-10-04 04:02:56,516 - yfinance - DEBUG - [utils.py:121] - wrapper() - Entering history()
2026-10-04 04:02:56,516 - peewee - DEBUG - [peewee.py:3904] - _log_query() - ('SELECT "t1"."key", "t1"."value" FROM "_tz_kv" AS "t1" WHERE ("t1"."key" = ?) LIMIT ? OFFSET ?', ['BTC-USD', 1, 0])
2026-10-04 04:02:56,517 - yfinance - DEBUG - [utils.py:121] - wrapper() -  Entering history()
2026-10-04 04:02:56,517 - yfinance - DEBUG - [history.py:273] - history() - BTC-USD: Yahoo GET parameters: {'period1': '2026-10-01 00:00:00+00:00', 'period2': '2026-10-03 22:32:56+00:00', 'interval': '1m', 'includePrePost': False, 'events': 'div,splits,capitalGains'}
2026-10-04 04:02:56,517 - yfinance - DEBUG - [utils.py:121] - wrapper() -   Entering get()
2026-10-04 04:02:56,517 - yfinance - DEBUG - [utils.py:121] - wrapper() -    Entering _make_request()
2026-10-04 04:02:56,517 - yfinance - DEBUG - [data.py:427] - _make_request() - url=https://query2.finance.yahoo.com/v8/finance/chart/BTC-USD
2026-10-04 04:02:56,517 - yfinance - DEBUG - [data.py:428] - _make_request() - params={'period1': 1790812800, 'period2': 1791066776, 'interval': '1m', 'includePrePost': False, 'events': 'div,splits,capitalGains'}
2026-10-04 04:02:56,517 - yfinance - DEBUG - [utils.py:121] - wrapper() -     Entering _get_cookie_and_crumb()
2026-10-04 04:02:56,517 - yfinance - DEBUG - [data.py:383] - _get_cookie_and_crumb() - cookie_mode = 'basic'
2026-10-04 04:02:56,517 - yfinance - DEBUG - [utils.py:121] - wrapper() -      Entering _get_cookie_and_crumb_basic()
2026-10-04 04:02:56,517 - yfinance - DEBUG - [utils.py:121] - wrapper() -       Entering _get_cookie_basic()
2026-10-04 04:02:56,517 - yfinance - DEBUG - [data.py:228] - _get_cookie_basic() - reusing cookie
2026-10-04 04:02:56,517 - yfinance - DEBUG - [utils.py:126] - wrapper() -       Exiting _get_cookie_basic()
2026-10-04 04:02:56,517 - yfinance - DEBUG - [utils.py:121] - wrapper() -       Entering _get_crumb_basic()
2026-10-04 04:02:56,517 - yfinance - DEBUG - [data.py:261] - _get_crumb_basic() - reusing crumb
2026-10-04 04:02:56,517 - yfinance - DEBUG - [utils.py:126] - wrapper() -       Exiting _get_crumb_basic()
2026-10-04 04:02:56,517 - yfinance - DEBUG - [utils.py:126] - wrapper() -      Exiting _get_cookie_and_crumb_basic()
2026-10-04 04:02:56,517 - yfinance - DEBUG - [utils.py:126] - wrapper() -     Exiting _get_cookie_and_crumb()
2026-10-04 04:02:56,881 - yfinance - DEBUG - [data.py:482] - _make_request() - response code=200
2026-10-04 04:02:56,882 - yfinance - DEBUG - [utils.py:126] - wrapper() -    Exiting _make_request()
2026-10-04 04:02:56,882 - yfinance - DEBUG - [utils.py:126] - wrapper() -   Exiting get()
2026-10-04 04:02:56,888 - yfinance - DEBUG - [history.py:403] - history() - BTC-USD: yfinance received OHLC data: 2026-10-01 00:00:00 -> 2026-10-03 22:32:50
2026-10-04 04:02:56,897 - yfinance - DEBUG - [history.py:435] - history() - BTC-USD: OHLC after cleaning: 2026-10-01 00:00:00+00:00 -> 2026-10-03 22:32:50+00:00
2026-10-04 04:02:56,899 - yfinance - DEBUG - [history.py:530] - history() - BTC-USD: OHLC after combining events: 2026-10-01 00:00:00+00:00 -> 2026-10-03 22:32:50+00:00
2026-10-04 04:02:56,907 - yfinance - DEBUG - [history.py:636] - history() - BTC-USD: yfinance returning OHLC: 2026-10-01 00:00:00+00:00 -> 2026-10-03 22:32:00+00:00
2026-10-04 04:02:56,907 - yfinance - DEBUG - [utils.py:126] - wrapper() -  Exiting history()
2026-10-04 04:02:56,907 - yfinance - DEBUG - [utils.py:126] - wrapper() - Exiting history()
2026-10-04 04:03:06,513 - yfinance - DEBUG - [utils.py:121] - wrapper() - Entering history()
2026-10-04 04:03:06,513 - peewee - DEBUG - [peewee.py:3904] - _log_query() - ('SELECT "t1"."key", "t1"."value" FROM "_tz_kv" AS "t1" WHERE ("t1"."key" = ?) LIMIT ? OFFSET ?', ['BTC-USD', 1, 0])
2026-10-04 04:03:06,514 - yfinance - DEBUG - [utils.py:121] - wrapper() -  Entering history()
2026-10-04 04:03:06,514 - yfinance - DEBUG - [history.py:273] - history() - BTC-USD: Yahoo GET parameters: {'period1': '2026-10-01 00:00:00+00:00', 'period2': '2026-10-03 22:33:06+00:00', 'interval': '1m', 'includePrePost': False, 'events': 'div,splits,capitalGains'}
2026-10-04 04:03:06,514 - yfinance - DEBUG - [utils.py:121] - wrapper() -   Entering get()
2026-10-04 04:03:06,514 - yfinance - DEBUG - [utils.py:121] - wrapper() -    Entering _make_request()
2026-10-04 04:03:06,514 - yfinance - DEBUG - [data.py:427] - _make_request() - url=https://query2.finance.yahoo.com/v8/finance/chart/BTC-USD
2026-10-04 04:03:06,514 - yfinance - DEBUG - [data.py:428] - _make_request() - params={'period1': 1790812800, 'period2': 1791066786, 'interval': '1m', 'includePrePost': False, 'events': 'div,splits,capitalGains'}
2026-10-04 04:03:06,515 - yfinance - DEBUG - [utils.py:121] - wrapper() -     Entering _get_cookie_and_crumb()
2026-10-04 04:03:06,515 - yfinance - DEBUG - [data.py:383] - _get_cookie_and_crumb() - cookie_mode = 'basic'
2026-10-04 04:03:06,515 - yfinance - DEBUG - [utils.py:121] - wrapper() -      Entering _get_cookie_and_crumb_basic()
2026-10-04 04:03:06,515 - yfinance - DEBUG - [utils.py:121] - wrapper() -       Entering _get_cookie_basic()
2026-10-04 04:03:06,515 - yfinance - DEBUG - [data.py:228] - _get_cookie_basic() - reusing cookie
2026-10-04 04:03:06,515 - yfinance - DEBUG - [utils.py:126] - wrapper() -       Exiting _get_cookie_basic()
2026-10-04 04:03:06,515 - yfinance - DEBUG - [utils.py:121] - wrapper() -       Entering _get_crumb_basic()
2026-10-04 04:03:06,515 - yfinance - DEBUG - [data.py:261] - _get_crumb_basic() - reusing crumb
2026-10-04 04:03:06,515 - yfinance - DEBUG - [utils.py:126] - wrapper() -       Exiting _get_crumb_basic()
2026-10-04 04:03:06,515 - yfinance - DEBUG - [utils.py:126] - wrapper() -      Exiting _get_cookie_and_crumb_basic()
2026-10-04 04:03:06,515 - yfinance - DEBUG - [utils.py:126] - wrapper() -     Exiting _get_cookie_and_crumb()
2026-10-04 04:03:06,814 - yfinance - DEBUG - [data.py:482] - _make_request() - response code=200
2026-10-04 04:03:06,814 - yfinance - DEBUG - [utils.py:126] - wrapper() -    Exiting _make_request()
2026-10-04 04:03:06,814 - yfinance - DEBUG - [utils.py:126] - wrapper() -   Exiting get()
2026-10-04 04:03:06,822 - yfinance - DEBUG - [history.py:403] - history() - BTC-USD: yfinance received OHLC data: 2026-10-01 00:00:00 -> 2026-10-03 22:33:01
2026-10-04 04:03:06,831 - yfinance - DEBUG - [history.py:435] - history() - BTC-USD: OHLC after cleaning: 2026-10-01 00:00:00+00:00 -> 2026-10-03 22:33:01+00:00
2026-10-04 04:03:06,833 - yfinance - DEBUG - [history.py:530] - history() - BTC-USD: OHLC after combining events: 2026-10-01 00:00:00+00:00 -> 2026-10-03 22:33:01+00:00
2026-10-04 04:03:06,841 - yfinance - DEBUG - [history.py:636] - history() - BTC-USD: yfinance returning OHLC: 2026-10-01 00:00:00+00:00 -> 2026-10-03 22:33:00+00:00
2026-10-04 04:03:06,842 - yfinance - DEBUG - [utils.py:126] - wrapper() -  Exiting history()
2026-10-04 04:03:06,842 - yfinance - DEBUG - [utils.py:126] - wrapper() - Exiting history()
2026-10-04 04:03:16,779 - yfinance - DEBUG - [utils.py:121] - wrapper() - Entering history()
2026-10-04 04:03:16,780 - peewee - DEBUG - [peewee.py:3904] - _log_query() - ('SELECT "t1"."key", "t1"."value" FROM "_tz_kv" AS "t1" WHERE ("t1"."key" = ?) LIMIT ? OFFSET ?', ['BTC-USD', 1, 0])
2026-10-04 04:03:16,780 - yfinance - DEBUG - [utils.py:121] - wrapper() -  Entering history()
2026-10-04 04:03:16,781 - yfinance - DEBUG - [history.py:273] - history() - BTC-USD: Yahoo GET parameters: {'period1': '2026-10-01 00:00:00+00:00', 'period2': '2026-10-03 22:33:16+00:00', 'interval': '1m', 'includePrePost': False, 'events': 'div,splits,capitalGains'}
2026-10-04 04:03:16,781 - yfinance - DEBUG - [utils.py:121] - wrapper() -   Entering get()
2026-10-04 04:03:16,781 - yfinance - DEBUG - [utils.py:121] - wrapper() -    Entering _make_request()
2026-10-04 04:03:16,781 - yfinance - DEBUG - [data.py:427] - _make_request() - url=https://query2.finance.yahoo.com/v8/finance/chart/BTC-USD
2026-10-04 04:03:16,781 - yfinance - DEBUG - [data.py:428] - _make_request() - params={'period1': 1790812800, 'period2': 1791066796, 'interval': '1m', 'includePrePost': False, 'events': 'div,splits,capitalGains'}
2026-10-04 04:03:16,781 - yfinance - DEBUG - [utils.py:121] - wrapper() -     Entering _get_cookie_and_crumb()
2026-10-04 04:03:16,781 - yfinance - DEBUG - [data.py:383] - _get_cookie_and_crumb() - cookie_mode = 'basic'
2026-10-04 04:03:16,781 - yfinance - DEBUG - [utils.py:121] - wrapper() -      Entering _get_cookie_and_crumb_basic()
2026-10-04 04:03:16,781 - yfinance - DEBUG - [utils.py:121] - wrapper() -       Entering _get_cookie_basic()
2026-10-04 04:03:16,781 - yfinance - DEBUG - [data.py:228] - _get_cookie_basic() - reusing cookie
2026-10-04 04:03:16,781 - yfinance - DEBUG - [utils.py:126] - wrapper() -       Exiting _get_cookie_basic()
2026-10-04 04:03:16,781 - yfinance - DEBUG - [utils.py:121] - wrapper() -       Entering _get_crumb_basic()
2026-10-04 04:03:16,781 - yfinance - DEBUG - [data.py:261] - _get_crumb_basic() - reusing crumb
2026-10-04 04:03:16,781 - yfinance - DEBUG - [utils.py:126] - wrapper() -       Exiting _get_crumb_basic()
2026-10-04 04:03:16,781 - yfinance - DEBUG - [utils.py:126] - wrapper() -      Exiting _get_cookie_and_crumb_basic()
2026-10-04 04:03:16,781 - yfinance - DEBUG - [utils.py:126] - wrapper() -     Exiting _get_cookie_and_crumb()
2026-10-04 04:03:17,094 - yfinance - DEBUG - [data.py:482] - _make_request() - response code=200
2026-10-04 04:03:17,094 - yfinance - DEBUG - [utils.py:126] - wrapper() -    Exiting _make_request()
2026-10-04 04:03:17,094 - yfinance - DEBUG - [utils.py:126] - wrapper() -   Exiting get()
2026-10-04 04:03:17,104 - yfinance - DEBUG - [history.py:403] - history() - BTC-USD: yfinance received OHLC data: 2026-10-01 00:00:00 -> 2026-10-03 22:33:10
2026-10-04 04:03:17,114 - yfinance - DEBUG - [history.py:435] - history() - BTC-USD: OHLC after cleaning: 2026-10-01 00:00:00+00:00 -> 2026-10-03 22:33:10+00:00
2026-10-04 04:03:17,117 - yfinance - DEBUG - [history.py:530] - history() - BTC-USD: OHLC after combining events: 2026-10-01 00:00:00+00:00 -> 2026-10-03 22:33:10+00:00
2026-10-04 04:03:17,123 - yfinance - DEBUG - [history.py:636] - history() - BTC-USD: yfinance returning OHLC: 2026-10-01 00:00:00+00:00 -> 2026-10-03 22:33:00+00:00
2026-10-04 04:03:17,124 - yfinance - DEBUG - [utils.py:126] - wrapper() -  Exiting history()
2026-10-04 04:03:17,124 - yfinance - DEBUG - [utils.py:126] - wrapper() - Exiting history()
2026-10-04 04:03:26,783 - yfinance - DEBUG - [utils.py:121] - wrapper() - Entering history()
2026-10-04 04:03:26,783 - peewee - DEBUG - [peewee.py:3904] - _log_query() - ('SELECT "t1"."key", "t1"."value" FROM "_tz_kv" AS "t1" WHERE ("t1"."key" = ?) LIMIT ? OFFSET ?', ['BTC-USD', 1, 0])
2026-10-04 04:03:26,784 - yfinance - DEBUG - [utils.py:121] - wrapper() -  Entering history()
2026-10-04 04:03:26,784 - yfinance - DEBUG - [history.py:273] - history() - BTC-USD: Yahoo GET parameters: {'period1': '2026-10-01 00:00:00+00:00', 'period2': '2026-10-03 22:33:26+00:00', 'interval': '1m', 'includePrePost': False, 'events': 'div,splits,capitalGains'}
2026-10-04 04:03:26,784 - yfinance - DEBUG - [utils.py:121] - wrapper() -   Entering get()
2026-10-04 04:03:26,784 - yfinance - DEBUG - [utils.py:121] - wrapper() -    Entering _make_request()
2026-10-04 04:03:26,784 - yfinance - DEBUG - [data.py:427] - _make_request() - url=https://query2.finance.yahoo.com/v8/finance/chart/BTC-USD
2026-10-04 04:03:26,784 - yfinance - DEBUG - [data.py:428] - _make_request() - params={'period1': 1790812800, 'period2': 1791066806, 'interval': '1m', 'includePrePost': False, 'events': 'div,splits,capitalGains'}
2026-10-04 04:03:26,784 - yfinance - DEBUG - [utils.py:121] - wrapper() -     Entering _get_cookie_and_crumb()
2026-10-04 04:03:26,784 - yfinance - DEBUG - [data.py:383] - _get_cookie_and_crumb() - cookie_mode = 'basic'
2026-10-04 04:03:26,784 - yfinance - DEBUG - [utils.py:121] - wrapper() -      Entering _get_cookie_and_crumb_basic()
2026-10-04 04:03:26,784 - yfinance - DEBUG - [utils.py:121] - wrapper() -       Entering _get_cookie_basic()
2026-10-04 04:03:26,784 - yfinance - DEBUG - [data.py:228] - _get_cookie_basic() - reusing cookie
2026-10-04 04:03:26,784 - yfinance - DEBUG - [utils.py:126] - wrapper() -       Exiting _get_cookie_basic()
2026-10-04 04:03:26,784 - yfinance - DEBUG - [utils.py:121] - wrapper() -       Entering _get_crumb_basic()
2026-10-04 04:03:26,784 - yfinance - DEBUG - [data.py:261] - _get_crumb_basic() - reusing crumb
2026-10-04 04:03:26,784 - yfinance - DEBUG - [utils.py:126] - wrapper() -       Exiting _get_crumb_basic()
2026-10-04 04:03:26,784 - yfinance - DEBUG - [utils.py:126] - wrapper() -      Exiting _get_cookie_and_crumb_basic()
2026-10-04 04:03:26,784 - yfinance - DEBUG - [utils.py:126] - wrapper() -     Exiting _get_cookie_and_crumb()
2026-10-04 04:03:27,084 - yfinance - DEBUG - [data.py:482] - _make_request() - response code=200
2026-10-04 04:03:27,084 - yfinance - DEBUG - [utils.py:126] - wrapper() -    Exiting _make_request()
2026-10-04 04:03:27,084 - yfinance - DEBUG - [utils.py:126] - wrapper() -   Exiting get()
2026-10-04 04:03:27,096 - yfinance - DEBUG - [history.py:403] - history() - BTC-USD: yfinance received OHLC data: 2026-10-01 00:00:00 -> 2026-10-03 22:33:21
2026-10-04 04:03:27,106 - yfinance - DEBUG - [history.py:435] - history() - BTC-USD: OHLC after cleaning: 2026-10-01 00:00:00+00:00 -> 2026-10-03 22:33:21+00:00
2026-10-04 04:03:27,108 - yfinance - DEBUG - [history.py:530] - history() - BTC-USD: OHLC after combining events: 2026-10-01 00:00:00+00:00 -> 2026-10-03 22:33:21+00:00
2026-10-04 04:03:27,116 - yfinance - DEBUG - [history.py:636] - history() - BTC-USD: yfinance returning OHLC: 2026-10-01 00:00:00+00:00 -> 2026-10-03 22:33:00+00:00
2026-10-04 04:03:27,116 - yfinance - DEBUG - [utils.py:126] - wrapper() -  Exiting history()
2026-10-04 04:03:27,116 - yfinance - DEBUG - [utils.py:126] - wrapper() - Exiting history()
2026-10-04 04:03:36,781 - yfinance - DEBUG - [utils.py:121] - wrapper() - Entering history()
2026-10-04 04:03:36,782 - peewee - DEBUG - [peewee.py:3904] - _log_query() - ('SELECT "t1"."key", "t1"."value" FROM "_tz_kv" AS "t1" WHERE ("t1"."key" = ?) LIMIT ? OFFSET ?', ['BTC-USD', 1, 0])
2026-10-04 04:03:36,782 - yfinance - DEBUG - [utils.py:121] - wrapper() -  Entering history()
2026-10-04 04:03:36,783 - yfinance - DEBUG - [history.py:273] - history() - BTC-USD: Yahoo GET parameters: {'period1': '2026-10-01 00:00:00+00:00', 'period2': '2026-10-03 22:33:36+00:00', 'interval': '1m', 'includePrePost': False, 'events': 'div,splits,capitalGains'}
2026-10-04 04:03:36,783 - yfinance - DEBUG - [utils.py:121] - wrapper() -   Entering get()
2026-10-04 04:03:36,783 - yfinance - DEBUG - [utils.py:121] - wrapper() -    Entering _make_request()
2026-10-04 04:03:36,783 - yfinance - DEBUG - [data.py:427] - _make_request() - url=https://query2.finance.yahoo.com/v8/finance/chart/BTC-USD
2026-10-04 04:03:36,783 - yfinance - DEBUG - [data.py:428] - _make_request() - params={'period1': 1790812800, 'period2': 1791066816, 'interval': '1m', 'includePrePost': False, 'events': 'div,splits,capitalGains'}
2026-10-04 04:03:36,783 - yfinance - DEBUG - [utils.py:121] - wrapper() -     Entering _get_cookie_and_crumb()
2026-10-04 04:03:36,783 - yfinance - DEBUG - [data.py:383] - _get_cookie_and_crumb() - cookie_mode = 'basic'
2026-10-04 04:03:36,783 - yfinance - DEBUG - [utils.py:121] - wrapper() -      Entering _get_cookie_and_crumb_basic()
2026-10-04 04:03:36,786 - yfinance - DEBUG - [utils.py:121] - wrapper() -       Entering _get_cookie_basic()
2026-10-04 04:03:36,787 - yfinance - DEBUG - [data.py:228] - _get_cookie_basic() - reusing cookie
2026-10-04 04:03:36,787 - yfinance - DEBUG - [utils.py:126] - wrapper() -       Exiting _get_cookie_basic()
2026-10-04 04:03:36,787 - yfinance - DEBUG - [utils.py:121] - wrapper() -       Entering _get_crumb_basic()
2026-10-04 04:03:36,787 - yfinance - DEBUG - [data.py:261] - _get_crumb_basic() - reusing crumb
2026-10-04 04:03:36,787 - yfinance - DEBUG - [utils.py:126] - wrapper() -       Exiting _get_crumb_basic()
2026-10-04 04:03:36,787 - yfinance - DEBUG - [utils.py:126] - wrapper() -      Exiting _get_cookie_and_crumb_basic()
2026-10-04 04:03:36,787 - yfinance - DEBUG - [utils.py:126] - wrapper() -     Exiting _get_cookie_and_crumb()
2026-10-04 04:03:37,108 - yfinance - DEBUG - [data.py:482] - _make_request() - response code=200
2026-10-04 04:03:37,108 - yfinance - DEBUG - [utils.py:126] - wrapper() -    Exiting _make_request()
2026-10-04 04:03:37,108 - yfinance - DEBUG - [utils.py:126] - wrapper() -   Exiting get()
2026-10-04 04:03:37,116 - yfinance - DEBUG - [history.py:403] - history() - BTC-USD: yfinance received OHLC data: 2026-10-01 00:00:00 -> 2026-10-03 22:33:31
2026-10-04 04:03:37,124 - yfinance - DEBUG - [history.py:435] - history() - BTC-USD: OHLC after cleaning: 2026-10-01 00:00:00+00:00 -> 2026-10-03 22:33:31+00:00
2026-10-04 04:03:37,126 - yfinance - DEBUG - [history.py:530] - history() - BTC-USD: OHLC after combining events: 2026-10-01 00:00:00+00:00 -> 2026-10-03 22:33:31+00:00
2026-10-04 04:03:37,132 - yfinance - DEBUG - [history.py:636] - history() - BTC-USD: yfinance returning OHLC: 2026-10-01 00:00:00+00:00 -> 2026-10-03 22:33:00+00:00
2026-10-04 04:03:37,133 - yfinance - DEBUG - [utils.py:126] - wrapper() -  Exiting history()
2026-10-04 04:03:37,133 - yfinance - DEBUG - [utils.py:126] - wrapper() - Exiting history()
2026-10-04 04:03:46,779 - yfinance - DEBUG - [utils.py:121] - wrapper() - Entering history()
2026-10-04 04:03:46,780 - peewee - DEBUG - [peewee.py:3904] - _log_query() - ('SELECT "t1"."key", "t1"."value" FROM "_tz_kv" AS "t1" WHERE ("t1"."key" = ?) LIMIT ? OFFSET ?', ['BTC-USD', 1, 0])
2026-10-04 04:03:46,780 - yfinance - DEBUG - [utils.py:121] - wrapper() -  Entering history()
2026-10-04 04:03:46,780 - yfinance - DEBUG - [history.py:273] - history() - BTC-USD: Yahoo GET parameters: {'period1': '2026-10-01 00:00:00+00:00', 'period2': '2026-10-03 22:33:46+00:00', 'interval': '1m', 'includePrePost': False, 'events': 'div,splits,capitalGains'}
2026-10-04 04:03:46,780 - yfinance - DEBUG - [utils.py:121] - wrapper() -   Entering get()
2026-10-04 04:03:46,780 - yfinance - DEBUG - [utils.py:121] - wrapper() -    Entering _make_request()
2026-10-04 04:03:46,780 - yfinance - DEBUG - [data.py:427] - _make_request() - url=https://query2.finance.yahoo.com/v8/finance/chart/BTC-USD
2026-10-04 04:03:46,780 - yfinance - DEBUG - [data.py:428] - _make_request() - params={'period1': 1790812800, 'period2': 1791066826, 'interval': '1m', 'includePrePost': False, 'events': 'div,splits,capitalGains'}
2026-10-04 04:03:46,780 - yfinance - DEBUG - [utils.py:121] - wrapper() -     Entering _get_cookie_and_crumb()
2026-10-04 04:03:46,780 - yfinance - DEBUG - [data.py:383] - _get_cookie_and_crumb() - cookie_mode = 'basic'
2026-10-04 04:03:46,780 - yfinance - DEBUG - [utils.py:121] - wrapper() -      Entering _get_cookie_and_crumb_basic()
2026-10-04 04:03:46,780 - yfinance - DEBUG - [utils.py:121] - wrapper() -       Entering _get_cookie_basic()
2026-10-04 04:03:46,780 - yfinance - DEBUG - [data.py:228] - _get_cookie_basic() - reusing cookie
2026-10-04 04:03:46,780 - yfinance - DEBUG - [utils.py:126] - wrapper() -       Exiting _get_cookie_basic()
2026-10-04 04:03:46,780 - yfinance - DEBUG - [utils.py:121] - wrapper() -       Entering _get_crumb_basic()
2026-10-04 04:03:46,780 - yfinance - DEBUG - [data.py:261] - _get_crumb_basic() - reusing crumb
2026-10-04 04:03:46,780 - yfinance - DEBUG - [utils.py:126] - wrapper() -       Exiting _get_crumb_basic()
2026-10-04 04:03:46,780 - yfinance - DEBUG - [utils.py:126] - wrapper() -      Exiting _get_cookie_and_crumb_basic()
2026-10-04 04:03:46,780 - yfinance - DEBUG - [utils.py:126] - wrapper() -     Exiting _get_cookie_and_crumb()
2026-10-04 04:03:47,102 - yfinance - DEBUG - [data.py:482] - _make_request() - response code=200
2026-10-04 04:03:47,102 - yfinance - DEBUG - [utils.py:126] - wrapper() -    Exiting _make_request()
2026-10-04 04:03:47,102 - yfinance - DEBUG - [utils.py:126] - wrapper() -   Exiting get()
2026-10-04 04:03:47,106 - yfinance - DEBUG - [history.py:403] - history() - BTC-USD: yfinance received OHLC data: 2026-10-01 00:00:00 -> 2026-10-03 22:33:41
2026-10-04 04:03:47,109 - yfinance - DEBUG - [history.py:435] - history() - BTC-USD: OHLC after cleaning: 2026-10-01 00:00:00+00:00 -> 2026-10-03 22:33:41+00:00
2026-10-04 04:03:47,109 - yfinance - DEBUG - [history.py:530] - history() - BTC-USD: OHLC after combining events: 2026-10-01 00:00:00+00:00 -> 2026-10-03 22:33:41+00:00
2026-10-04 04:03:47,123 - yfinance - DEBUG - [history.py:636] - history() - BTC-USD: yfinance returning OHLC: 2026-10-01 00:00:00+00:00 -> 2026-10-03 22:33:00+00:00
2026-10-04 04:03:47,123 - yfinance - DEBUG - [utils.py:126] - wrapper() -  Exiting history()
2026-10-04 04:03:47,123 - yfinance - DEBUG - [utils.py:126] - wrapper() - Exiting history()
2026-10-04 04:03:56,874 - yfinance - DEBUG - [utils.py:121] - wrapper() - Entering history()
2026-10-04 04:03:56,874 - peewee - DEBUG - [peewee.py:3904] - _log_query() - ('SELECT "t1"."key", "t1"."value" FROM "_tz_kv" AS "t1" WHERE ("t1"."key" = ?) LIMIT ? OFFSET ?', ['BTC-USD', 1, 0])
2026-10-04 04:03:56,875 - yfinance - DEBUG - [utils.py:121] - wrapper() -  Entering history()
2026-10-04 04:03:56,875 - yfinance - DEBUG - [history.py:273] - history() - BTC-USD: Yahoo GET parameters: {'period1': '2026-10-01 00:00:00+00:00', 'period2': '2026-10-03 22:33:56+00:00', 'interval': '1m', 'includePrePost': False, 'events': 'div,splits,capitalGains'}
2026-10-04 04:03:56,876 - yfinance - DEBUG - [utils.py:121] - wrapper() -   Entering get()
2026-10-04 04:03:56,876 - yfinance - DEBUG - [utils.py:121] - wrapper() -    Entering _make_request()
2026-10-04 04:03:56,876 - yfinance - DEBUG - [data.py:427] - _make_request() - url=https://query2.finance.yahoo.com/v8/finance/chart/BTC-USD
2026-10-04 04:03:56,876 - yfinance - DEBUG - [data.py:428] - _make_request() - params={'period1': 1790812800, 'period2': 1791066836, 'interval': '1m', 'includePrePost': False, 'events': 'div,splits,capitalGains'}
2026-10-04 04:03:56,876 - yfinance - DEBUG - [utils.py:121] - wrapper() -     Entering _get_cookie_and_crumb()
2026-10-04 04:03:56,876 - yfinance - DEBUG - [data.py:383] - _get_cookie_and_crumb() - cookie_mode = 'basic'
2026-10-04 04:03:56,876 - yfinance - DEBUG - [utils.py:121] - wrapper() -      Entering _get_cookie_and_crumb_basic()
2026-10-04 04:03:56,876 - yfinance - DEBUG - [utils.py:121] - wrapper() -       Entering _get_cookie_basic()
2026-10-04 04:03:56,876 - yfinance - DEBUG - [data.py:228] - _get_cookie_basic() - reusing cookie
2026-10-04 04:03:56,876 - yfinance - DEBUG - [utils.py:126] - wrapper() -       Exiting _get_cookie_basic()
2026-10-04 04:03:56,876 - yfinance - DEBUG - [utils.py:121] - wrapper() -       Entering _get_crumb_basic()
2026-10-04 04:03:56,876 - yfinance - DEBUG - [data.py:261] - _get_crumb_basic() - reusing crumb
2026-10-04 04:03:56,876 - yfinance - DEBUG - [utils.py:126] - wrapper() -       Exiting _get_crumb_basic()
2026-10-04 04:03:56,876 - yfinance - DEBUG - [utils.py:126] - wrapper() -      Exiting _get_cookie_and_crumb_basic()
2026-10-04 04:03:56,876 - yfinance - DEBUG - [utils.py:126] - wrapper() -     Exiting _get_cookie_and_crumb()
2026-10-04 04:03:57,205 - yfinance - DEBUG - [data.py:482] - _make_request() - response code=200
2026-10-04 04:03:57,205 - yfinance - DEBUG - [utils.py:126] - wrapper() -    Exiting _make_request()
2026-10-04 04:03:57,205 - yfinance - DEBUG - [utils.py:126] - wrapper() -   Exiting get()
2026-10-04 04:03:57,218 - yfinance - DEBUG - [history.py:403] - history() - BTC-USD: yfinance received OHLC data: 2026-10-01 00:00:00 -> 2026-10-03 22:33:51
2026-10-04 04:03:57,227 - yfinance - DEBUG - [history.py:435] - history() - BTC-USD: OHLC after cleaning: 2026-10-01 00:00:00+00:00 -> 2026-10-03 22:33:51+00:00
2026-10-04 04:03:57,230 - yfinance - DEBUG - [history.py:530] - history() - BTC-USD: OHLC after combining events: 2026-10-01 00:00:00+00:00 -> 2026-10-03 22:33:51+00:00
2026-10-04 04:03:57,235 - yfinance - DEBUG - [history.py:636] - history() - BTC-USD: yfinance returning OHLC: 2026-10-01 00:00:00+00:00 -> 2026-10-03 22:33:00+00:00
2026-10-04 04:03:57,235 - yfinance - DEBUG - [utils.py:126] - wrapper() -  Exiting history()
2026-10-04 04:03:57,235 - yfinance - DEBUG - [utils.py:126] - wrapper() - Exiting history()
2026-10-04 04:04:18,447 - yfinance - DEBUG - [utils.py:121] - wrapper() - Entering history()
2026-10-04 04:04:18,448 - peewee - DEBUG - [peewee.py:3904] - _log_query() - ('SELECT "t1"."key", "t1"."value" FROM "_tz_kv" AS "t1" WHERE ("t1"."key" = ?) LIMIT ? OFFSET ?', ['BTC-USD', 1, 0])
2026-10-04 04:04:18,450 - yfinance - DEBUG - [utils.py:121] - wrapper() -  Entering history()
2026-10-04 04:04:18,450 - yfinance - DEBUG - [history.py:273] - history() - BTC-USD: Yahoo GET parameters: {'period1': '2026-10-01 00:00:00+00:00', 'period2': '2026-10-03 22:34:18+00:00', 'interval': '1m', 'includePrePost': False, 'events': 'div,splits,capitalGains'}
2026-10-04 04:04:18,450 - yfinance - DEBUG - [utils.py:121] - wrapper() -   Entering get()
2026-10-04 04:04:18,450 - yfinance - DEBUG - [utils.py:121] - wrapper() -    Entering _make_request()
2026-10-04 04:04:18,450 - yfinance - DEBUG - [data.py:427] - _make_request() - url=https://query2.finance.yahoo.com/v8/finance/chart/BTC-USD
2026-10-04 04:04:18,450 - yfinance - DEBUG - [data.py:428] - _make_request() - params={'period1': 1790812800, 'period2': 1791066858, 'interval': '1m', 'includePrePost': False, 'events': 'div,splits,capitalGains'}
2026-10-04 04:04:18,451 - yfinance - DEBUG - [utils.py:121] - wrapper() -     Entering _get_cookie_and_crumb()
2026-10-04 04:04:18,451 - yfinance - DEBUG - [data.py:383] - _get_cookie_and_crumb() - cookie_mode = 'basic'
2026-10-04 04:04:18,451 - yfinance - DEBUG - [utils.py:121] - wrapper() -      Entering _get_cookie_and_crumb_basic()
2026-10-04 04:04:18,451 - yfinance - DEBUG - [utils.py:121] - wrapper() -       Entering _get_cookie_basic()
2026-10-04 04:04:18,451 - yfinance - DEBUG - [data.py:228] - _get_cookie_basic() - reusing cookie
2026-10-04 04:04:18,451 - yfinance - DEBUG - [utils.py:126] - wrapper() -       Exiting _get_cookie_basic()
2026-10-04 04:04:18,451 - yfinance - DEBUG - [utils.py:121] - wrapper() -       Entering _get_crumb_basic()
2026-10-04 04:04:18,451 - yfinance - DEBUG - [data.py:261] - _get_crumb_basic() - reusing crumb
2026-10-04 04:04:18,451 - yfinance - DEBUG - [utils.py:126] - wrapper() -       Exiting _get_crumb_basic()
2026-10-04 04:04:18,451 - yfinance - DEBUG - [utils.py:126] - wrapper() -      Exiting _get_cookie_and_crumb_basic()
2026-10-04 04:04:18,451 - yfinance - DEBUG - [utils.py:126] - wrapper() -     Exiting _get_cookie_and_crumb()
2026-10-04 04:04:18,839 - yfinance - DEBUG - [data.py:482] - _make_request() - response code=200
2026-10-04 04:04:18,839 - yfinance - DEBUG - [utils.py:126] - wrapper() -    Exiting _make_request()
2026-10-04 04:04:18,839 - yfinance - DEBUG - [utils.py:126] - wrapper() -   Exiting get()
2026-10-04 04:04:18,849 - yfinance - DEBUG - [history.py:403] - history() - BTC-USD: yfinance received OHLC data: 2026-10-01 00:00:00 -> 2026-10-03 22:34:16
2026-10-04 04:04:18,860 - yfinance - DEBUG - [history.py:435] - history() - BTC-USD: OHLC after cleaning: 2026-10-01 00:00:00+00:00 -> 2026-10-03 22:34:16+00:00
2026-10-04 04:04:18,863 - yfinance - DEBUG - [history.py:530] - history() - BTC-USD: OHLC after combining events: 2026-10-01 00:00:00+00:00 -> 2026-10-03 22:34:16+00:00
2026-10-04 04:04:18,872 - yfinance - DEBUG - [history.py:636] - history() - BTC-USD: yfinance returning OHLC: 2026-10-01 00:00:00+00:00 -> 2026-10-03 22:34:00+00:00
2026-10-04 04:04:18,872 - yfinance - DEBUG - [utils.py:126] - wrapper() -  Exiting history()
2026-10-04 04:04:18,872 - yfinance - DEBUG - [utils.py:126] - wrapper() - Exiting history()
2026-10-04 04:04:28,651 - yfinance - DEBUG - [utils.py:121] - wrapper() - Entering history()
2026-10-04 04:04:28,652 - peewee - DEBUG - [peewee.py:3904] - _log_query() - ('SELECT "t1"."key", "t1"."value" FROM "_tz_kv" AS "t1" WHERE ("t1"."key" = ?) LIMIT ? OFFSET ?', ['BTC-USD', 1, 0])
2026-10-04 04:04:28,652 - yfinance - DEBUG - [utils.py:121] - wrapper() -  Entering history()
2026-10-04 04:04:28,653 - yfinance - DEBUG - [history.py:273] - history() - BTC-USD: Yahoo GET parameters: {'period1': '2026-10-01 00:00:00+00:00', 'period2': '2026-10-03 22:34:28+00:00', 'interval': '1m', 'includePrePost': False, 'events': 'div,splits,capitalGains'}
2026-10-04 04:04:28,653 - yfinance - DEBUG - [utils.py:121] - wrapper() -   Entering get()
2026-10-04 04:04:28,653 - yfinance - DEBUG - [utils.py:121] - wrapper() -    Entering _make_request()
2026-10-04 04:04:28,653 - yfinance - DEBUG - [data.py:427] - _make_request() - url=https://query2.finance.yahoo.com/v8/finance/chart/BTC-USD
2026-10-04 04:04:28,653 - yfinance - DEBUG - [data.py:428] - _make_request() - params={'period1': 1790812800, 'period2': 1791066868, 'interval': '1m', 'includePrePost': False, 'events': 'div,splits,capitalGains'}
2026-10-04 04:04:28,653 - yfinance - DEBUG - [utils.py:121] - wrapper() -     Entering _get_cookie_and_crumb()
2026-10-04 04:04:28,653 - yfinance - DEBUG - [data.py:383] - _get_cookie_and_crumb() - cookie_mode = 'basic'
2026-10-04 04:04:28,653 - yfinance - DEBUG - [utils.py:121] - wrapper() -      Entering _get_cookie_and_crumb_basic()
2026-10-04 04:04:28,653 - yfinance - DEBUG - [utils.py:121] - wrapper() -       Entering _get_cookie_basic()
2026-10-04 04:04:28,653 - yfinance - DEBUG - [data.py:228] - _get_cookie_basic() - reusing cookie
2026-10-04 04:04:28,653 - yfinance - DEBUG - [utils.py:126] - wrapper() -       Exiting _get_cookie_basic()
2026-10-04 04:04:28,653 - yfinance - DEBUG - [utils.py:121] - wrapper() -       Entering _get_crumb_basic()
2026-10-04 04:04:28,653 - yfinance - DEBUG - [data.py:261] - _get_crumb_basic() - reusing crumb
2026-10-04 04:04:28,653 - yfinance - DEBUG - [utils.py:126] - wrapper() -       Exiting _get_crumb_basic()
2026-10-04 04:04:28,653 - yfinance - DEBUG - [utils.py:126] - wrapper() -      Exiting _get_cookie_and_crumb_basic()
2026-10-04 04:04:28,653 - yfinance - DEBUG - [utils.py:126] - wrapper() -     Exiting _get_cookie_and_crumb()
2026-10-04 04:04:28,989 - yfinance - DEBUG - [data.py:482] - _make_request() - response code=200
2026-10-04 04:04:28,989 - yfinance - DEBUG - [utils.py:126] - wrapper() -    Exiting _make_request()
2026-10-04 04:04:28,990 - yfinance - DEBUG - [utils.py:126] - wrapper() -   Exiting get()
2026-10-04 04:04:29,000 - yfinance - DEBUG - [history.py:403] - history() - BTC-USD: yfinance received OHLC data: 2026-10-01 00:00:00 -> 2026-10-03 22:34:26
2026-10-04 04:04:29,009 - yfinance - DEBUG - [history.py:435] - history() - BTC-USD: OHLC after cleaning: 2026-10-01 00:00:00+00:00 -> 2026-10-03 22:34:26+00:00
2026-10-04 04:04:29,012 - yfinance - DEBUG - [history.py:530] - history() - BTC-USD: OHLC after combining events: 2026-10-01 00:00:00+00:00 -> 2026-10-03 22:34:26+00:00
2026-10-04 04:04:29,020 - yfinance - DEBUG - [history.py:636] - history() - BTC-USD: yfinance returning OHLC: 2026-10-01 00:00:00+00:00 -> 2026-10-03 22:34:00+00:00
2026-10-04 04:04:29,020 - yfinance - DEBUG - [utils.py:126] - wrapper() -  Exiting history()
2026-10-04 04:04:29,020 - yfinance - DEBUG - [utils.py:126] - wrapper() - Exiting history()
2026-10-04 04:04:38,664 - yfinance - DEBUG - [utils.py:121] - wrapper() - Entering history()
2026-10-04 04:04:38,664 - peewee - DEBUG - [peewee.py:3904] - _log_query() - ('SELECT "t1"."key", "t1"."value" FROM "_tz_kv" AS "t1" WHERE ("t1"."key" = ?) LIMIT ? OFFSET ?', ['BTC-USD', 1, 0])
2026-10-04 04:04:38,665 - yfinance - DEBUG - [utils.py:121] - wrapper() -  Entering history()
2026-10-04 04:04:38,665 - yfinance - DEBUG - [history.py:273] - history() - BTC-USD: Yahoo GET parameters: {'period1': '2026-10-01 00:00:00+00:00', 'period2': '2026-10-03 22:34:38+00:00', 'interval': '1m', 'includePrePost': False, 'events': 'div,splits,capitalGains'}
2026-10-04 04:04:38,666 - yfinance - DEBUG - [utils.py:121] - wrapper() -   Entering get()
2026-10-04 04:04:38,666 - yfinance - DEBUG - [utils.py:121] - wrapper() -    Entering _make_request()
2026-10-04 04:04:38,666 - yfinance - DEBUG - [data.py:427] - _make_request() - url=https://query2.finance.yahoo.com/v8/finance/chart/BTC-USD
2026-10-04 04:04:38,666 - yfinance - DEBUG - [data.py:428] - _make_request() - params={'period1': 1790812800, 'period2': 1791066878, 'interval': '1m', 'includePrePost': False, 'events': 'div,splits,capitalGains'}
2026-10-04 04:04:38,666 - yfinance - DEBUG - [utils.py:121] - wrapper() -     Entering _get_cookie_and_crumb()
2026-10-04 04:04:38,666 - yfinance - DEBUG - [data.py:383] - _get_cookie_and_crumb() - cookie_mode = 'basic'
2026-10-04 04:04:38,666 - yfinance - DEBUG - [utils.py:121] - wrapper() -      Entering _get_cookie_and_crumb_basic()
2026-10-04 04:04:38,666 - yfinance - DEBUG - [utils.py:121] - wrapper() -       Entering _get_cookie_basic()
2026-10-04 04:04:38,666 - yfinance - DEBUG - [data.py:228] - _get_cookie_basic() - reusing cookie
2026-10-04 04:04:38,666 - yfinance - DEBUG - [utils.py:126] - wrapper() -       Exiting _get_cookie_basic()
2026-10-04 04:04:38,666 - yfinance - DEBUG - [utils.py:121] - wrapper() -       Entering _get_crumb_basic()
2026-10-04 04:04:38,666 - yfinance - DEBUG - [data.py:261] - _get_crumb_basic() - reusing crumb
2026-10-04 04:04:38,666 - yfinance - DEBUG - [utils.py:126] - wrapper() -       Exiting _get_crumb_basic()
2026-10-04 04:04:38,666 - yfinance - DEBUG - [utils.py:126] - wrapper() -      Exiting _get_cookie_and_crumb_basic()
2026-10-04 04:04:38,666 - yfinance - DEBUG - [utils.py:126] - wrapper() -     Exiting _get_cookie_and_crumb()
2026-10-04 04:04:38,969 - yfinance - DEBUG - [data.py:482] - _make_request() - response code=200
2026-10-04 04:04:38,969 - yfinance - DEBUG - [utils.py:126] - wrapper() -    Exiting _make_request()
2026-10-04 04:04:38,969 - yfinance - DEBUG - [utils.py:126] - wrapper() -   Exiting get()
2026-10-04 04:04:38,980 - yfinance - DEBUG - [history.py:403] - history() - BTC-USD: yfinance received OHLC data: 2026-10-01 00:00:00 -> 2026-10-03 22:34:36
2026-10-04 04:04:38,989 - yfinance - DEBUG - [history.py:435] - history() - BTC-USD: OHLC after cleaning: 2026-10-01 00:00:00+00:00 -> 2026-10-03 22:34:36+00:00
2026-10-04 04:04:38,992 - yfinance - DEBUG - [history.py:530] - history() - BTC-USD: OHLC after combining events: 2026-10-01 00:00:00+00:00 -> 2026-10-03 22:34:36+00:00
2026-10-04 04:04:38,998 - yfinance - DEBUG - [history.py:636] - history() - BTC-USD: yfinance returning OHLC: 2026-10-01 00:00:00+00:00 -> 2026-10-03 22:34:00+00:00
2026-10-04 04:04:38,999 - yfinance - DEBUG - [utils.py:126] - wrapper() -  Exiting history()
2026-10-04 04:04:38,999 - yfinance - DEBUG - [utils.py:126] - wrapper() - Exiting history()
2026-10-04 04:04:48,674 - yfinance - DEBUG - [utils.py:121] - wrapper() - Entering history()
2026-10-04 04:04:48,674 - peewee - DEBUG - [peewee.py:3904] - _log_query() - ('SELECT "t1"."key", "t1"."value" FROM "_tz_kv" AS "t1" WHERE ("t1"."key" = ?) LIMIT ? OFFSET ?', ['BTC-USD', 1, 0])
2026-10-04 04:04:48,675 - yfinance - DEBUG - [utils.py:121] - wrapper() -  Entering history()
2026-10-04 04:04:48,676 - yfinance - DEBUG - [history.py:273] - history() - BTC-USD: Yahoo GET parameters: {'period1': '2026-10-01 00:00:00+00:00', 'period2': '2026-10-03 22:34:48+00:00', 'interval': '1m', 'includePrePost': False, 'events': 'div,splits,capitalGains'}
2026-10-04 04:04:48,676 - yfinance - DEBUG - [utils.py:121] - wrapper() -   Entering get()
2026-10-04 04:04:48,676 - yfinance - DEBUG - [utils.py:121] - wrapper() -    Entering _make_request()
2026-10-04 04:04:48,676 - yfinance - DEBUG - [data.py:427] - _make_request() - url=https://query2.finance.yahoo.com/v8/finance/chart/BTC-USD
2026-10-04 04:04:48,676 - yfinance - DEBUG - [data.py:428] - _make_request() - params={'period1': 1790812800, 'period2': 1791066888, 'interval': '1m', 'includePrePost': False, 'events': 'div,splits,capitalGains'}
2026-10-04 04:04:48,676 - yfinance - DEBUG - [utils.py:121] - wrapper() -     Entering _get_cookie_and_crumb()
2026-10-04 04:04:48,676 - yfinance - DEBUG - [data.py:383] - _get_cookie_and_crumb() - cookie_mode = 'basic'
2026-10-04 04:04:48,676 - yfinance - DEBUG - [utils.py:121] - wrapper() -      Entering _get_cookie_and_crumb_basic()
2026-10-04 04:04:48,676 - yfinance - DEBUG - [utils.py:121] - wrapper() -       Entering _get_cookie_basic()
2026-10-04 04:04:48,676 - yfinance - DEBUG - [data.py:228] - _get_cookie_basic() - reusing cookie
2026-10-04 04:04:48,676 - yfinance - DEBUG - [utils.py:126] - wrapper() -       Exiting _get_cookie_basic()
2026-10-04 04:04:48,676 - yfinance - DEBUG - [utils.py:121] - wrapper() -       Entering _get_crumb_basic()
2026-10-04 04:04:48,676 - yfinance - DEBUG - [data.py:261] - _get_crumb_basic() - reusing crumb
2026-10-04 04:04:48,676 - yfinance - DEBUG - [utils.py:126] - wrapper() -       Exiting _get_crumb_basic()
2026-10-04 04:04:48,676 - yfinance - DEBUG - [utils.py:126] - wrapper() -      Exiting _get_cookie_and_crumb_basic()
2026-10-04 04:04:48,676 - yfinance - DEBUG - [utils.py:126] - wrapper() -     Exiting _get_cookie_and_crumb()
2026-10-04 04:04:48,985 - yfinance - DEBUG - [data.py:482] - _make_request() - response code=200
2026-10-04 04:04:48,985 - yfinance - DEBUG - [utils.py:126] - wrapper() -    Exiting _make_request()
2026-10-04 04:04:48,986 - yfinance - DEBUG - [utils.py:126] - wrapper() -   Exiting get()
2026-10-04 04:04:48,995 - yfinance - DEBUG - [history.py:403] - history() - BTC-USD: yfinance received OHLC data: 2026-10-01 00:00:00 -> 2026-10-03 22:34:46
2026-10-04 04:04:49,004 - yfinance - DEBUG - [history.py:435] - history() - BTC-USD: OHLC after cleaning: 2026-10-01 00:00:00+00:00 -> 2026-10-03 22:34:46+00:00
2026-10-04 04:04:49,007 - yfinance - DEBUG - [history.py:530] - history() - BTC-USD: OHLC after combining events: 2026-10-01 00:00:00+00:00 -> 2026-10-03 22:34:46+00:00
2026-10-04 04:04:49,014 - yfinance - DEBUG - [history.py:636] - history() - BTC-USD: yfinance returning OHLC: 2026-10-01 00:00:00+00:00 -> 2026-10-03 22:34:00+00:00
2026-10-04 04:04:49,014 - yfinance - DEBUG - [utils.py:126] - wrapper() -  Exiting history()
2026-10-04 04:04:49,014 - yfinance - DEBUG - [utils.py:126] - wrapper() - Exiting history()
2026-10-04 04:04:58,678 - yfinance - DEBUG - [utils.py:121] - wrapper() - Entering history()
2026-10-04 04:04:58,678 - peewee - DEBUG - [peewee.py:3904] - _log_query() - ('SELECT "t1"."key", "t1"."value" FROM "_tz_kv" AS "t1" WHERE ("t1"."key" = ?) LIMIT ? OFFSET ?', ['BTC-USD', 1, 0])
2026-10-04 04:04:58,679 - yfinance - DEBUG - [utils.py:121] - wrapper() -  Entering history()
2026-10-04 04:04:58,679 - yfinance - DEBUG - [history.py:273] - history() - BTC-USD: Yahoo GET parameters: {'period1': '2026-10-01 00:00:00+00:00', 'period2': '2026-10-03 22:34:58+00:00', 'interval': '1m', 'includePrePost': False, 'events': 'div,splits,capitalGains'}
2026-10-04 04:04:58,679 - yfinance - DEBUG - [utils.py:121] - wrapper() -   Entering get()
2026-10-04 04:04:58,679 - yfinance - DEBUG - [utils.py:121] - wrapper() -    Entering _make_request()
2026-10-04 04:04:58,679 - yfinance - DEBUG - [data.py:427] - _make_request() - url=https://query2.finance.yahoo.com/v8/finance/chart/BTC-USD
2026-10-04 04:04:58,679 - yfinance - DEBUG - [data.py:428] - _make_request() - params={'period1': 1790812800, 'period2': 1791066898, 'interval': '1m', 'includePrePost': False, 'events': 'div,splits,capitalGains'}
2026-10-04 04:04:58,679 - yfinance - DEBUG - [utils.py:121] - wrapper() -     Entering _get_cookie_and_crumb()
2026-10-04 04:04:58,679 - yfinance - DEBUG - [data.py:383] - _get_cookie_and_crumb() - cookie_mode = 'basic'
2026-10-04 04:04:58,679 - yfinance - DEBUG - [utils.py:121] - wrapper() -      Entering _get_cookie_and_crumb_basic()
2026-10-04 04:04:58,679 - yfinance - DEBUG - [utils.py:121] - wrapper() -       Entering _get_cookie_basic()
2026-10-04 04:04:58,679 - yfinance - DEBUG - [data.py:228] - _get_cookie_basic() - reusing cookie
2026-10-04 04:04:58,679 - yfinance - DEBUG - [utils.py:126] - wrapper() -       Exiting _get_cookie_basic()
2026-10-04 04:04:58,679 - yfinance - DEBUG - [utils.py:121] - wrapper() -       Entering _get_crumb_basic()
2026-10-04 04:04:58,679 - yfinance - DEBUG - [data.py:261] - _get_crumb_basic() - reusing crumb
2026-10-04 04:04:58,680 - yfinance - DEBUG - [utils.py:126] - wrapper() -       Exiting _get_crumb_basic()
2026-10-04 04:04:58,680 - yfinance - DEBUG - [utils.py:126] - wrapper() -      Exiting _get_cookie_and_crumb_basic()
2026-10-04 04:04:58,680 - yfinance - DEBUG - [utils.py:126] - wrapper() -     Exiting _get_cookie_and_crumb()
2026-10-04 04:04:59,006 - yfinance - DEBUG - [data.py:482] - _make_request() - response code=200
2026-10-04 04:04:59,006 - yfinance - DEBUG - [utils.py:126] - wrapper() -    Exiting _make_request()
2026-10-04 04:04:59,006 - yfinance - DEBUG - [utils.py:126] - wrapper() -   Exiting get()
2026-10-04 04:04:59,012 - yfinance - DEBUG - [history.py:403] - history() - BTC-USD: yfinance received OHLC data: 2026-10-01 00:00:00 -> 2026-10-03 22:34:56
2026-10-04 04:04:59,019 - yfinance - DEBUG - [history.py:435] - history() - BTC-USD: OHLC after cleaning: 2026-10-01 00:00:00+00:00 -> 2026-10-03 22:34:56+00:00
2026-10-04 04:04:59,022 - yfinance - DEBUG - [history.py:530] - history() - BTC-USD: OHLC after combining events: 2026-10-01 00:00:00+00:00 -> 2026-10-03 22:34:56+00:00
2026-10-04 04:04:59,028 - yfinance - DEBUG - [history.py:636] - history() - BTC-USD: yfinance returning OHLC: 2026-10-01 00:00:00+00:00 -> 2026-10-03 22:34:00+00:00
2026-10-04 04:04:59,029 - yfinance - DEBUG - [utils.py:126] - wrapper() -  Exiting history()
2026-10-04 04:04:59,029 - yfinance - DEBUG - [utils.py:126] - wrapper() - Exiting history()
2026-10-04 04:05:08,683 - yfinance - DEBUG - [utils.py:121] - wrapper() - Entering history()
2026-10-04 04:05:08,683 - peewee - DEBUG - [peewee.py:3904] - _log_query() - ('SELECT "t1"."key", "t1"."value" FROM "_tz_kv" AS "t1" WHERE ("t1"."key" = ?) LIMIT ? OFFSET ?', ['BTC-USD', 1, 0])
2026-10-04 04:05:08,684 - yfinance - DEBUG - [utils.py:121] - wrapper() -  Entering history()
2026-10-04 04:05:08,684 - yfinance - DEBUG - [history.py:273] - history() - BTC-USD: Yahoo GET parameters: {'period1': '2026-10-01 00:00:00+00:00', 'period2': '2026-10-03 22:35:08+00:00', 'interval': '1m', 'includePrePost': False, 'events': 'div,splits,capitalGains'}
2026-10-04 04:05:08,684 - yfinance - DEBUG - [utils.py:121] - wrapper() -   Entering get()
2026-10-04 04:05:08,684 - yfinance - DEBUG - [utils.py:121] - wrapper() -    Entering _make_request()
2026-10-04 04:05:08,684 - yfinance - DEBUG - [data.py:427] - _make_request() - url=https://query2.finance.yahoo.com/v8/finance/chart/BTC-USD
2026-10-04 04:05:08,684 - yfinance - DEBUG - [data.py:428] - _make_request() - params={'period1': 1790812800, 'period2': 1791066908, 'interval': '1m', 'includePrePost': False, 'events': 'div,splits,capitalGains'}
2026-10-04 04:05:08,684 - yfinance - DEBUG - [utils.py:121] - wrapper() -     Entering _get_cookie_and_crumb()
2026-10-04 04:05:08,684 - yfinance - DEBUG - [data.py:383] - _get_cookie_and_crumb() - cookie_mode = 'basic'
2026-10-04 04:05:08,684 - yfinance - DEBUG - [utils.py:121] - wrapper() -      Entering _get_cookie_and_crumb_basic()
2026-10-04 04:05:08,684 - yfinance - DEBUG - [utils.py:121] - wrapper() -       Entering _get_cookie_basic()
2026-10-04 04:05:08,685 - yfinance - DEBUG - [data.py:228] - _get_cookie_basic() - reusing cookie
2026-10-04 04:05:08,685 - yfinance - DEBUG - [utils.py:126] - wrapper() -       Exiting _get_cookie_basic()
2026-10-04 04:05:08,685 - yfinance - DEBUG - [utils.py:121] - wrapper() -       Entering _get_crumb_basic()
2026-10-04 04:05:08,685 - yfinance - DEBUG - [data.py:261] - _get_crumb_basic() - reusing crumb
2026-10-04 04:05:08,685 - yfinance - DEBUG - [utils.py:126] - wrapper() -       Exiting _get_crumb_basic()
2026-10-04 04:05:08,685 - yfinance - DEBUG - [utils.py:126] - wrapper() -      Exiting _get_cookie_and_crumb_basic()
2026-10-04 04:05:08,685 - yfinance - DEBUG - [utils.py:126] - wrapper() -     Exiting _get_cookie_and_crumb()
2026-10-04 04:05:09,002 - yfinance - DEBUG - [data.py:482] - _make_request() - response code=200
2026-10-04 04:05:09,002 - yfinance - DEBUG - [utils.py:126] - wrapper() -    Exiting _make_request()
2026-10-04 04:05:09,002 - yfinance - DEBUG - [utils.py:126] - wrapper() -   Exiting get()
2026-10-04 04:05:09,012 - yfinance - DEBUG - [history.py:403] - history() - BTC-USD: yfinance received OHLC data: 2026-10-01 00:00:00 -> 2026-10-03 22:35:06
2026-10-04 04:05:09,021 - yfinance - DEBUG - [history.py:435] - history() - BTC-USD: OHLC after cleaning: 2026-10-01 00:00:00+00:00 -> 2026-10-03 22:35:06+00:00
2026-10-04 04:05:09,023 - yfinance - DEBUG - [history.py:530] - history() - BTC-USD: OHLC after combining events: 2026-10-01 00:00:00+00:00 -> 2026-10-03 22:35:06+00:00
2026-10-04 04:05:09,029 - yfinance - DEBUG - [history.py:636] - history() - BTC-USD: yfinance returning OHLC: 2026-10-01 00:00:00+00:00 -> 2026-10-03 22:35:00+00:00
2026-10-04 04:05:09,030 - yfinance - DEBUG - [utils.py:126] - wrapper() -  Exiting history()
2026-10-04 04:05:09,030 - yfinance - DEBUG - [utils.py:126] - wrapper() - Exiting history()
2026-10-04 04:05:18,688 - yfinance - DEBUG - [utils.py:121] - wrapper() - Entering history()
2026-10-04 04:05:18,688 - peewee - DEBUG - [peewee.py:3904] - _log_query() - ('SELECT "t1"."key", "t1"."value" FROM "_tz_kv" AS "t1" WHERE ("t1"."key" = ?) LIMIT ? OFFSET ?', ['BTC-USD', 1, 0])
2026-10-04 04:05:18,689 - yfinance - DEBUG - [utils.py:121] - wrapper() -  Entering history()
2026-10-04 04:05:18,689 - yfinance - DEBUG - [history.py:273] - history() - BTC-USD: Yahoo GET parameters: {'period1': '2026-10-01 00:00:00+00:00', 'period2': '2026-10-03 22:35:18+00:00', 'interval': '1m', 'includePrePost': False, 'events': 'div,splits,capitalGains'}
2026-10-04 04:05:18,689 - yfinance - DEBUG - [utils.py:121] - wrapper() -   Entering get()
2026-10-04 04:05:18,689 - yfinance - DEBUG - [utils.py:121] - wrapper() -    Entering _make_request()
2026-10-04 04:05:18,689 - yfinance - DEBUG - [data.py:427] - _make_request() - url=https://query2.finance.yahoo.com/v8/finance/chart/BTC-USD
2026-10-04 04:05:18,689 - yfinance - DEBUG - [data.py:428] - _make_request() - params={'period1': 1790812800, 'period2': 1791066918, 'interval': '1m', 'includePrePost': False, 'events': 'div,splits,capitalGains'}
2026-10-04 04:05:18,689 - yfinance - DEBUG - [utils.py:121] - wrapper() -     Entering _get_cookie_and_crumb()
2026-10-04 04:05:18,690 - yfinance - DEBUG - [data.py:383] - _get_cookie_and_crumb() - cookie_mode = 'basic'
2026-10-04 04:05:18,690 - yfinance - DEBUG - [utils.py:121] - wrapper() -      Entering _get_cookie_and_crumb_basic()
2026-10-04 04:05:18,690 - yfinance - DEBUG - [utils.py:121] - wrapper() -       Entering _get_cookie_basic()
2026-10-04 04:05:18,690 - yfinance - DEBUG - [data.py:228] - _get_cookie_basic() - reusing cookie
2026-10-04 04:05:18,690 - yfinance - DEBUG - [utils.py:126] - wrapper() -       Exiting _get_cookie_basic()
2026-10-04 04:05:18,690 - yfinance - DEBUG - [utils.py:121] - wrapper() -       Entering _get_crumb_basic()
2026-10-04 04:05:18,690 - yfinance - DEBUG - [data.py:261] - _get_crumb_basic() - reusing crumb
2026-10-04 04:05:18,690 - yfinance - DEBUG - [utils.py:126] - wrapper() -       Exiting _get_crumb_basic()
2026-10-04 04:05:18,690 - yfinance - DEBUG - [utils.py:126] - wrapper() -      Exiting _get_cookie_and_crumb_basic()
2026-10-04 04:05:18,690 - yfinance - DEBUG - [utils.py:126] - wrapper() -     Exiting _get_cookie_and_crumb()
2026-10-04 04:05:18,996 - yfinance - DEBUG - [data.py:482] - _make_request() - response code=200
2026-10-04 04:05:18,996 - yfinance - DEBUG - [utils.py:126] - wrapper() -    Exiting _make_request()
2026-10-04 04:05:18,996 - yfinance - DEBUG - [utils.py:126] - wrapper() -   Exiting get()
2026-10-04 04:05:19,007 - yfinance - DEBUG - [history.py:403] - history() - BTC-USD: yfinance received OHLC data: 2026-10-01 00:00:00 -> 2026-10-03 22:35:16
2026-10-04 04:05:19,017 - yfinance - DEBUG - [history.py:435] - history() - BTC-USD: OHLC after cleaning: 2026-10-01 00:00:00+00:00 -> 2026-10-03 22:35:16+00:00
2026-10-04 04:05:19,020 - yfinance - DEBUG - [history.py:530] - history() - BTC-USD: OHLC after combining events: 2026-10-01 00:00:00+00:00 -> 2026-10-03 22:35:16+00:00
2026-10-04 04:05:19,028 - yfinance - DEBUG - [history.py:636] - history() - BTC-USD: yfinance returning OHLC: 2026-10-01 00:00:00+00:00 -> 2026-10-03 22:35:00+00:00
2026-10-04 04:05:19,028 - yfinance - DEBUG - [utils.py:126] - wrapper() -  Exiting history()
2026-10-04 04:05:19,028 - yfinance - DEBUG - [utils.py:126] - wrapper() - Exiting history()
2026-10-04 04:05:28,700 - yfinance - DEBUG - [utils.py:121] - wrapper() - Entering history()
2026-10-04 04:05:28,701 - peewee - DEBUG - [peewee.py:3904] - _log_query() - ('SELECT "t1"."key", "t1"."value" FROM "_tz_kv" AS "t1" WHERE ("t1"."key" = ?) LIMIT ? OFFSET ?', ['BTC-USD', 1, 0])
2026-10-04 04:05:28,702 - yfinance - DEBUG - [utils.py:121] - wrapper() -  Entering history()
2026-10-04 04:05:28,702 - yfinance - DEBUG - [history.py:273] - history() - BTC-USD: Yahoo GET parameters: {'period1': '2026-10-01 00:00:00+00:00', 'period2': '2026-10-03 22:35:28+00:00', 'interval': '1m', 'includePrePost': False, 'events': 'div,splits,capitalGains'}
2026-10-04 04:05:28,702 - yfinance - DEBUG - [utils.py:121] - wrapper() -   Entering get()
2026-10-04 04:05:28,702 - yfinance - DEBUG - [utils.py:121] - wrapper() -    Entering _make_request()
2026-10-04 04:05:28,702 - yfinance - DEBUG - [data.py:427] - _make_request() - url=https://query2.finance.yahoo.com/v8/finance/chart/BTC-USD
2026-10-04 04:05:28,702 - yfinance - DEBUG - [data.py:428] - _make_request() - params={'period1': 1790812800, 'period2': 1791066928, 'interval': '1m', 'includePrePost': False, 'events': 'div,splits,capitalGains'}
2026-10-04 04:05:28,702 - yfinance - DEBUG - [utils.py:121] - wrapper() -     Entering _get_cookie_and_crumb()
2026-10-04 04:05:28,702 - yfinance - DEBUG - [data.py:383] - _get_cookie_and_crumb() - cookie_mode = 'basic'
2026-10-04 04:05:28,702 - yfinance - DEBUG - [utils.py:121] - wrapper() -      Entering _get_cookie_and_crumb_basic()
2026-10-04 04:05:28,702 - yfinance - DEBUG - [utils.py:121] - wrapper() -       Entering _get_cookie_basic()
2026-10-04 04:05:28,702 - yfinance - DEBUG - [data.py:228] - _get_cookie_basic() - reusing cookie
2026-10-04 04:05:28,702 - yfinance - DEBUG - [utils.py:126] - wrapper() -       Exiting _get_cookie_basic()
2026-10-04 04:05:28,702 - yfinance - DEBUG - [utils.py:121] - wrapper() -       Entering _get_crumb_basic()
2026-10-04 04:05:28,702 - yfinance - DEBUG - [data.py:261] - _get_crumb_basic() - reusing crumb
2026-10-04 04:05:28,702 - yfinance - DEBUG - [utils.py:126] - wrapper() -       Exiting _get_crumb_basic()
2026-10-04 04:05:28,702 - yfinance - DEBUG - [utils.py:126] - wrapper() -      Exiting _get_cookie_and_crumb_basic()
2026-10-04 04:05:28,702 - yfinance - DEBUG - [utils.py:126] - wrapper() -     Exiting _get_cookie_and_crumb()
2026-10-04 04:05:29,027 - yfinance - DEBUG - [data.py:482] - _make_request() - response code=200
2026-10-04 04:05:29,027 - yfinance - DEBUG - [utils.py:126] - wrapper() -    Exiting _make_request()
2026-10-04 04:05:29,027 - yfinance - DEBUG - [utils.py:126] - wrapper() -   Exiting get()
2026-10-04 04:05:29,036 - yfinance - DEBUG - [history.py:403] - history() - BTC-USD: yfinance received OHLC data: 2026-10-01 00:00:00 -> 2026-10-03 22:35:20
2026-10-04 04:05:29,044 - yfinance - DEBUG - [history.py:435] - history() - BTC-USD: OHLC after cleaning: 2026-10-01 00:00:00+00:00 -> 2026-10-03 22:35:20+00:00
2026-10-04 04:05:29,047 - yfinance - DEBUG - [history.py:530] - history() - BTC-USD: OHLC after combining events: 2026-10-01 00:00:00+00:00 -> 2026-10-03 22:35:20+00:00
2026-10-04 04:05:29,053 - yfinance - DEBUG - [history.py:636] - history() - BTC-USD: yfinance returning OHLC: 2026-10-01 00:00:00+00:00 -> 2026-10-03 22:35:00+00:00
2026-10-04 04:05:29,054 - yfinance - DEBUG - [utils.py:126] - wrapper() -  Exiting history()
2026-10-04 04:05:29,054 - yfinance - DEBUG - [utils.py:126] - wrapper() - Exiting history()
2026-10-04 04:05:38,728 - yfinance - DEBUG - [utils.py:121] - wrapper() - Entering history()
2026-10-04 04:05:38,728 - peewee - DEBUG - [peewee.py:3904] - _log_query() - ('SELECT "t1"."key", "t1"."value" FROM "_tz_kv" AS "t1" WHERE ("t1"."key" = ?) LIMIT ? OFFSET ?', ['BTC-USD', 1, 0])
2026-10-04 04:05:38,729 - yfinance - DEBUG - [utils.py:121] - wrapper() -  Entering history()
2026-10-04 04:05:38,729 - yfinance - DEBUG - [history.py:273] - history() - BTC-USD: Yahoo GET parameters: {'period1': '2026-10-01 00:00:00+00:00', 'period2': '2026-10-03 22:35:38+00:00', 'interval': '1m', 'includePrePost': False, 'events': 'div,splits,capitalGains'}
2026-10-04 04:05:38,729 - yfinance - DEBUG - [utils.py:121] - wrapper() -   Entering get()
2026-10-04 04:05:38,729 - yfinance - DEBUG - [utils.py:121] - wrapper() -    Entering _make_request()
2026-10-04 04:05:38,729 - yfinance - DEBUG - [data.py:427] - _make_request() - url=https://query2.finance.yahoo.com/v8/finance/chart/BTC-USD
2026-10-04 04:05:38,729 - yfinance - DEBUG - [data.py:428] - _make_request() - params={'period1': 1790812800, 'period2': 1791066938, 'interval': '1m', 'includePrePost': False, 'events': 'div,splits,capitalGains'}
2026-10-04 04:05:38,729 - yfinance - DEBUG - [utils.py:121] - wrapper() -     Entering _get_cookie_and_crumb()
2026-10-04 04:05:38,729 - yfinance - DEBUG - [data.py:383] - _get_cookie_and_crumb() - cookie_mode = 'basic'
2026-10-04 04:05:38,729 - yfinance - DEBUG - [utils.py:121] - wrapper() -      Entering _get_cookie_and_crumb_basic()
2026-10-04 04:05:38,729 - yfinance - DEBUG - [utils.py:121] - wrapper() -       Entering _get_cookie_basic()
2026-10-04 04:05:38,729 - yfinance - DEBUG - [data.py:228] - _get_cookie_basic() - reusing cookie
2026-10-04 04:05:38,729 - yfinance - DEBUG - [utils.py:126] - wrapper() -       Exiting _get_cookie_basic()
2026-10-04 04:05:38,729 - yfinance - DEBUG - [utils.py:121] - wrapper() -       Entering _get_crumb_basic()
2026-10-04 04:05:38,729 - yfinance - DEBUG - [data.py:261] - _get_crumb_basic() - reusing crumb
2026-10-04 04:05:38,729 - yfinance - DEBUG - [utils.py:126] - wrapper() -       Exiting _get_crumb_basic()
2026-10-04 04:05:38,729 - yfinance - DEBUG - [utils.py:126] - wrapper() -      Exiting _get_cookie_and_crumb_basic()
2026-10-04 04:05:38,729 - yfinance - DEBUG - [utils.py:126] - wrapper() -     Exiting _get_cookie_and_crumb()
2026-10-04 04:05:39,082 - yfinance - DEBUG - [data.py:482] - _make_request() - response code=200
2026-10-04 04:05:39,082 - yfinance - DEBUG - [utils.py:126] - wrapper() -    Exiting _make_request()
2026-10-04 04:05:39,082 - yfinance - DEBUG - [utils.py:126] - wrapper() -   Exiting get()
2026-10-04 04:05:39,092 - yfinance - DEBUG - [history.py:403] - history() - BTC-USD: yfinance received OHLC data: 2026-10-01 00:00:00 -> 2026-10-03 22:35:36
2026-10-04 04:05:39,102 - yfinance - DEBUG - [history.py:435] - history() - BTC-USD: OHLC after cleaning: 2026-10-01 00:00:00+00:00 -> 2026-10-03 22:35:36+00:00
2026-10-04 04:05:39,104 - yfinance - DEBUG - [history.py:530] - history() - BTC-USD: OHLC after combining events: 2026-10-01 00:00:00+00:00 -> 2026-10-03 22:35:36+00:00
2026-10-04 04:05:39,111 - yfinance - DEBUG - [history.py:636] - history() - BTC-USD: yfinance returning OHLC: 2026-10-01 00:00:00+00:00 -> 2026-10-03 22:35:00+00:00
2026-10-04 04:05:39,112 - yfinance - DEBUG - [utils.py:126] - wrapper() -  Exiting history()
2026-10-04 04:05:39,112 - yfinance - DEBUG - [utils.py:126] - wrapper() - Exiting history()
2026-10-04 04:05:48,699 - yfinance - DEBUG - [utils.py:121] - wrapper() - Entering history()
2026-10-04 04:05:48,699 - peewee - DEBUG - [peewee.py:3904] - _log_query() - ('SELECT "t1"."key", "t1"."value" FROM "_tz_kv" AS "t1" WHERE ("t1"."key" = ?) LIMIT ? OFFSET ?', ['BTC-USD', 1, 0])
2026-10-04 04:05:48,705 - yfinance - DEBUG - [utils.py:121] - wrapper() -  Entering history()
2026-10-04 04:05:48,706 - yfinance - DEBUG - [history.py:273] - history() - BTC-USD: Yahoo GET parameters: {'period1': '2026-10-01 00:00:00+00:00', 'period2': '2026-10-03 22:35:48+00:00', 'interval': '1m', 'includePrePost': False, 'events': 'div,splits,capitalGains'}
2026-10-04 04:05:48,706 - yfinance - DEBUG - [utils.py:121] - wrapper() -   Entering get()
2026-10-04 04:05:48,706 - yfinance - DEBUG - [utils.py:121] - wrapper() -    Entering _make_request()
2026-10-04 04:05:48,706 - yfinance - DEBUG - [data.py:427] - _make_request() - url=https://query2.finance.yahoo.com/v8/finance/chart/BTC-USD
2026-10-04 04:05:48,706 - yfinance - DEBUG - [data.py:428] - _make_request() - params={'period1': 1790812800, 'period2': 1791066948, 'interval': '1m', 'includePrePost': False, 'events': 'div,splits,capitalGains'}
2026-10-04 04:05:48,706 - yfinance - DEBUG - [utils.py:121] - wrapper() -     Entering _get_cookie_and_crumb()
2026-10-04 04:05:48,706 - yfinance - DEBUG - [data.py:383] - _get_cookie_and_crumb() - cookie_mode = 'basic'
2026-10-04 04:05:48,706 - yfinance - DEBUG - [utils.py:121] - wrapper() -      Entering _get_cookie_and_crumb_basic()
2026-10-04 04:05:48,706 - yfinance - DEBUG - [utils.py:121] - wrapper() -       Entering _get_cookie_basic()
2026-10-04 04:05:48,706 - yfinance - DEBUG - [data.py:228] - _get_cookie_basic() - reusing cookie
2026-10-04 04:05:48,706 - yfinance - DEBUG - [utils.py:126] - wrapper() -       Exiting _get_cookie_basic()
2026-10-04 04:05:48,706 - yfinance - DEBUG - [utils.py:121] - wrapper() -       Entering _get_crumb_basic()
2026-10-04 04:05:48,706 - yfinance - DEBUG - [data.py:261] - _get_crumb_basic() - reusing crumb
2026-10-04 04:05:48,706 - yfinance - DEBUG - [utils.py:126] - wrapper() -       Exiting _get_crumb_basic()
2026-10-04 04:05:48,706 - yfinance - DEBUG - [utils.py:126] - wrapper() -      Exiting _get_cookie_and_crumb_basic()
2026-10-04 04:05:48,706 - yfinance - DEBUG - [utils.py:126] - wrapper() -     Exiting _get_cookie_and_crumb()
2026-10-04 04:05:49,020 - yfinance - DEBUG - [data.py:482] - _make_request() - response code=200
2026-10-04 04:05:49,020 - yfinance - DEBUG - [utils.py:126] - wrapper() -    Exiting _make_request()
2026-10-04 04:05:49,021 - yfinance - DEBUG - [utils.py:126] - wrapper() -   Exiting get()
2026-10-04 04:05:49,030 - yfinance - DEBUG - [history.py:403] - history() - BTC-USD: yfinance received OHLC data: 2026-10-01 00:00:00 -> 2026-10-03 22:35:46
2026-10-04 04:05:49,038 - yfinance - DEBUG - [history.py:435] - history() - BTC-USD: OHLC after cleaning: 2026-10-01 00:00:00+00:00 -> 2026-10-03 22:35:46+00:00
2026-10-04 04:05:49,040 - yfinance - DEBUG - [history.py:530] - history() - BTC-USD: OHLC after combining events: 2026-10-01 00:00:00+00:00 -> 2026-10-03 22:35:46+00:00
2026-10-04 04:05:49,046 - yfinance - DEBUG - [history.py:636] - history() - BTC-USD: yfinance returning OHLC: 2026-10-01 00:00:00+00:00 -> 2026-10-03 22:35:00+00:00
2026-10-04 04:05:49,047 - yfinance - DEBUG - [utils.py:126] - wrapper() -  Exiting history()
2026-10-04 04:05:49,047 - yfinance - DEBUG - [utils.py:126] - wrapper() - Exiting history()
2026-10-04 04:05:58,705 - yfinance - DEBUG - [utils.py:121] - wrapper() - Entering history()
2026-10-04 04:05:58,705 - peewee - DEBUG - [peewee.py:3904] - _log_query() - ('SELECT "t1"."key", "t1"."value" FROM "_tz_kv" AS "t1" WHERE ("t1"."key" = ?) LIMIT ? OFFSET ?', ['BTC-USD', 1, 0])
2026-10-04 04:05:58,706 - yfinance - DEBUG - [utils.py:121] - wrapper() -  Entering history()
2026-10-04 04:05:58,706 - yfinance - DEBUG - [history.py:273] - history() - BTC-USD: Yahoo GET parameters: {'period1': '2026-10-01 00:00:00+00:00', 'period2': '2026-10-03 22:35:58+00:00', 'interval': '1m', 'includePrePost': False, 'events': 'div,splits,capitalGains'}
2026-10-04 04:05:58,706 - yfinance - DEBUG - [utils.py:121] - wrapper() -   Entering get()
2026-10-04 04:05:58,706 - yfinance - DEBUG - [utils.py:121] - wrapper() -    Entering _make_request()
2026-10-04 04:05:58,706 - yfinance - DEBUG - [data.py:427] - _make_request() - url=https://query2.finance.yahoo.com/v8/finance/chart/BTC-USD
2026-10-04 04:05:58,706 - yfinance - DEBUG - [data.py:428] - _make_request() - params={'period1': 1790812800, 'period2': 1791066958, 'interval': '1m', 'includePrePost': False, 'events': 'div,splits,capitalGains'}
2026-10-04 04:05:58,706 - yfinance - DEBUG - [utils.py:121] - wrapper() -     Entering _get_cookie_and_crumb()
2026-10-04 04:05:58,706 - yfinance - DEBUG - [data.py:383] - _get_cookie_and_crumb() - cookie_mode = 'basic'
2026-10-04 04:05:58,706 - yfinance - DEBUG - [utils.py:121] - wrapper() -      Entering _get_cookie_and_crumb_basic()
2026-10-04 04:05:58,706 - yfinance - DEBUG - [utils.py:121] - wrapper() -       Entering _get_cookie_basic()
2026-10-04 04:05:58,706 - yfinance - DEBUG - [data.py:228] - _get_cookie_basic() - reusing cookie
2026-10-04 04:05:58,706 - yfinance - DEBUG - [utils.py:126] - wrapper() -       Exiting _get_cookie_basic()
2026-10-04 04:05:58,706 - yfinance - DEBUG - [utils.py:121] - wrapper() -       Entering _get_crumb_basic()
2026-10-04 04:05:58,706 - yfinance - DEBUG - [data.py:261] - _get_crumb_basic() - reusing crumb
2026-10-04 04:05:58,706 - yfinance - DEBUG - [utils.py:126] - wrapper() -       Exiting _get_crumb_basic()
2026-10-04 04:05:58,707 - yfinance - DEBUG - [utils.py:126] - wrapper() -      Exiting _get_cookie_and_crumb_basic()
2026-10-04 04:05:58,707 - yfinance - DEBUG - [utils.py:126] - wrapper() -     Exiting _get_cookie_and_crumb()
2026-10-04 04:05:59,015 - yfinance - DEBUG - [data.py:482] - _make_request() - response code=200
2026-10-04 04:05:59,015 - yfinance - DEBUG - [utils.py:126] - wrapper() -    Exiting _make_request()
2026-10-04 04:05:59,015 - yfinance - DEBUG - [utils.py:126] - wrapper() -   Exiting get()
2026-10-04 04:05:59,023 - yfinance - DEBUG - [history.py:403] - history() - BTC-USD: yfinance received OHLC data: 2026-10-01 00:00:00 -> 2026-10-03 22:35:56
2026-10-04 04:05:59,032 - yfinance - DEBUG - [history.py:435] - history() - BTC-USD: OHLC after cleaning: 2026-10-01 00:00:00+00:00 -> 2026-10-03 22:35:56+00:00
2026-10-04 04:05:59,034 - yfinance - DEBUG - [history.py:530] - history() - BTC-USD: OHLC after combining events: 2026-10-01 00:00:00+00:00 -> 2026-10-03 22:35:56+00:00
2026-10-04 04:05:59,042 - yfinance - DEBUG - [history.py:636] - history() - BTC-USD: yfinance returning OHLC: 2026-10-01 00:00:00+00:00 -> 2026-10-03 22:35:00+00:00
2026-10-04 04:05:59,042 - yfinance - DEBUG - [utils.py:126] - wrapper() -  Exiting history()
2026-10-04 04:05:59,042 - yfinance - DEBUG - [utils.py:126] - wrapper() - Exiting history()
2026-10-04 04:06:08,703 - yfinance - DEBUG - [utils.py:121] - wrapper() - Entering history()
2026-10-04 04:06:08,704 - peewee - DEBUG - [peewee.py:3904] - _log_query() - ('SELECT "t1"."key", "t1"."value" FROM "_tz_kv" AS "t1" WHERE ("t1"."key" = ?) LIMIT ? OFFSET ?', ['BTC-USD', 1, 0])
2026-10-04 04:06:08,705 - yfinance - DEBUG - [utils.py:121] - wrapper() -  Entering history()
2026-10-04 04:06:08,705 - yfinance - DEBUG - [history.py:273] - history() - BTC-USD: Yahoo GET parameters: {'period1': '2026-10-01 00:00:00+00:00', 'period2': '2026-10-03 22:36:08+00:00', 'interval': '1m', 'includePrePost': False, 'events': 'div,splits,capitalGains'}
2026-10-04 04:06:08,705 - yfinance - DEBUG - [utils.py:121] - wrapper() -   Entering get()
2026-10-04 04:06:08,705 - yfinance - DEBUG - [utils.py:121] - wrapper() -    Entering _make_request()
2026-10-04 04:06:08,705 - yfinance - DEBUG - [data.py:427] - _make_request() - url=https://query2.finance.yahoo.com/v8/finance/chart/BTC-USD
2026-10-04 04:06:08,705 - yfinance - DEBUG - [data.py:428] - _make_request() - params={'period1': 1790812800, 'period2': 1791066968, 'interval': '1m', 'includePrePost': False, 'events': 'div,splits,capitalGains'}
2026-10-04 04:06:08,705 - yfinance - DEBUG - [utils.py:121] - wrapper() -     Entering _get_cookie_and_crumb()
2026-10-04 04:06:08,705 - yfinance - DEBUG - [data.py:383] - _get_cookie_and_crumb() - cookie_mode = 'basic'
2026-10-04 04:06:08,705 - yfinance - DEBUG - [utils.py:121] - wrapper() -      Entering _get_cookie_and_crumb_basic()
2026-10-04 04:06:08,705 - yfinance - DEBUG - [utils.py:121] - wrapper() -       Entering _get_cookie_basic()
2026-10-04 04:06:08,705 - yfinance - DEBUG - [data.py:228] - _get_cookie_basic() - reusing cookie
2026-10-04 04:06:08,705 - yfinance - DEBUG - [utils.py:126] - wrapper() -       Exiting _get_cookie_basic()
2026-10-04 04:06:08,705 - yfinance - DEBUG - [utils.py:121] - wrapper() -       Entering _get_crumb_basic()
2026-10-04 04:06:08,705 - yfinance - DEBUG - [data.py:261] - _get_crumb_basic() - reusing crumb
2026-10-04 04:06:08,705 - yfinance - DEBUG - [utils.py:126] - wrapper() -       Exiting _get_crumb_basic()
2026-10-04 04:06:08,706 - yfinance - DEBUG - [utils.py:126] - wrapper() -      Exiting _get_cookie_and_crumb_basic()
2026-10-04 04:06:08,706 - yfinance - DEBUG - [utils.py:126] - wrapper() -     Exiting _get_cookie_and_crumb()
2026-10-04 04:06:09,008 - yfinance - DEBUG - [data.py:482] - _make_request() - response code=200
2026-10-04 04:06:09,008 - yfinance - DEBUG - [utils.py:126] - wrapper() -    Exiting _make_request()
2026-10-04 04:06:09,008 - yfinance - DEBUG - [utils.py:126] - wrapper() -   Exiting get()
2026-10-04 04:06:09,017 - yfinance - DEBUG - [history.py:403] - history() - BTC-USD: yfinance received OHLC data: 2026-10-01 00:00:00 -> 2026-10-03 22:36:06
2026-10-04 04:06:09,025 - yfinance - DEBUG - [history.py:435] - history() - BTC-USD: OHLC after cleaning: 2026-10-01 00:00:00+00:00 -> 2026-10-03 22:36:06+00:00
2026-10-04 04:06:09,027 - yfinance - DEBUG - [history.py:530] - history() - BTC-USD: OHLC after combining events: 2026-10-01 00:00:00+00:00 -> 2026-10-03 22:36:06+00:00
2026-10-04 04:06:09,033 - yfinance - DEBUG - [history.py:636] - history() - BTC-USD: yfinance returning OHLC: 2026-10-01 00:00:00+00:00 -> 2026-10-03 22:36:00+00:00
2026-10-04 04:06:09,033 - yfinance - DEBUG - [utils.py:126] - wrapper() -  Exiting history()
2026-10-04 04:06:09,033 - yfinance - DEBUG - [utils.py:126] - wrapper() - Exiting history()
2026-10-04 04:06:15,054 - yfinance - DEBUG - [utils.py:121] - wrapper() - Entering history()
2026-10-04 04:06:15,055 - peewee - DEBUG - [peewee.py:3904] - _log_query() - ('SELECT "t1"."key", "t1"."value" FROM "_tz_kv" AS "t1" WHERE ("t1"."key" = ?) LIMIT ? OFFSET ?', ['BTC-USD', 1, 0])
2026-10-04 04:06:15,055 - yfinance - DEBUG - [utils.py:121] - wrapper() -  Entering history()
2026-10-04 04:06:15,056 - yfinance - DEBUG - [history.py:273] - history() - BTC-USD: Yahoo GET parameters: {'period1': '2026-10-01 00:00:00+00:00', 'period2': '2026-10-03 22:36:15+00:00', 'interval': '1m', 'includePrePost': False, 'events': 'div,splits,capitalGains'}
2026-10-04 04:06:15,056 - yfinance - DEBUG - [utils.py:121] - wrapper() -   Entering get()
2026-10-04 04:06:15,056 - yfinance - DEBUG - [utils.py:121] - wrapper() -    Entering _make_request()
2026-10-04 04:06:15,056 - yfinance - DEBUG - [data.py:427] - _make_request() - url=https://query2.finance.yahoo.com/v8/finance/chart/BTC-USD
2026-10-04 04:06:15,056 - yfinance - DEBUG - [data.py:428] - _make_request() - params={'period1': 1790812800, 'period2': 1791066975, 'interval': '1m', 'includePrePost': False, 'events': 'div,splits,capitalGains'}
2026-10-04 04:06:15,056 - yfinance - DEBUG - [utils.py:121] - wrapper() -     Entering _get_cookie_and_crumb()
2026-10-04 04:06:15,056 - yfinance - DEBUG - [data.py:383] - _get_cookie_and_crumb() - cookie_mode = 'basic'
2026-10-04 04:06:15,056 - yfinance - DEBUG - [utils.py:121] - wrapper() -      Entering _get_cookie_and_crumb_basic()
2026-10-04 04:06:15,056 - yfinance - DEBUG - [utils.py:121] - wrapper() -       Entering _get_cookie_basic()
2026-10-04 04:06:15,056 - yfinance - DEBUG - [data.py:228] - _get_cookie_basic() - reusing cookie
2026-10-04 04:06:15,056 - yfinance - DEBUG - [utils.py:126] - wrapper() -       Exiting _get_cookie_basic()
2026-10-04 04:06:15,056 - yfinance - DEBUG - [utils.py:121] - wrapper() -       Entering _get_crumb_basic()
2026-10-04 04:06:15,056 - yfinance - DEBUG - [data.py:261] - _get_crumb_basic() - reusing crumb
2026-10-04 04:06:15,057 - yfinance - DEBUG - [utils.py:126] - wrapper() -       Exiting _get_crumb_basic()
2026-10-04 04:06:15,057 - yfinance - DEBUG - [utils.py:126] - wrapper() -      Exiting _get_cookie_and_crumb_basic()
2026-10-04 04:06:15,057 - yfinance - DEBUG - [utils.py:126] - wrapper() -     Exiting _get_cookie_and_crumb()
2026-10-04 04:06:15,363 - yfinance - DEBUG - [data.py:482] - _make_request() - response code=200
2026-10-04 04:06:15,363 - yfinance - DEBUG - [utils.py:126] - wrapper() -    Exiting _make_request()
2026-10-04 04:06:15,363 - yfinance - DEBUG - [utils.py:126] - wrapper() -   Exiting get()
2026-10-04 04:06:15,375 - yfinance - DEBUG - [history.py:403] - history() - BTC-USD: yfinance received OHLC data: 2026-10-01 00:00:00 -> 2026-10-03 22:36:11
2026-10-04 04:06:15,385 - yfinance - DEBUG - [history.py:435] - history() - BTC-USD: OHLC after cleaning: 2026-10-01 00:00:00+00:00 -> 2026-10-03 22:36:11+00:00
2026-10-04 04:06:15,388 - yfinance - DEBUG - [history.py:530] - history() - BTC-USD: OHLC after combining events: 2026-10-01 00:00:00+00:00 -> 2026-10-03 22:36:11+00:00
2026-10-04 04:06:15,394 - yfinance - DEBUG - [history.py:636] - history() - BTC-USD: yfinance returning OHLC: 2026-10-01 00:00:00+00:00 -> 2026-10-03 22:36:00+00:00
2026-10-04 04:06:15,395 - yfinance - DEBUG - [utils.py:126] - wrapper() -  Exiting history()
2026-10-04 04:06:15,395 - yfinance - DEBUG - [utils.py:126] - wrapper() - Exiting history()
2026-10-04 04:06:25,868 - yfinance - DEBUG - [utils.py:121] - wrapper() - Entering history()
2026-10-04 04:06:25,870 - peewee - DEBUG - [peewee.py:3904] - _log_query() - ('SELECT "t1"."key", "t1"."value" FROM "_tz_kv" AS "t1" WHERE ("t1"."key" = ?) LIMIT ? OFFSET ?', ['BTC-USD', 1, 0])
2026-10-04 04:06:25,872 - yfinance - DEBUG - [utils.py:121] - wrapper() -  Entering history()
2026-10-04 04:06:25,872 - yfinance - DEBUG - [history.py:273] - history() - BTC-USD: Yahoo GET parameters: {'period1': '2026-10-01 00:00:00+00:00', 'period2': '2026-10-03 22:36:25+00:00', 'interval': '1m', 'includePrePost': False, 'events': 'div,splits,capitalGains'}
2026-10-04 04:06:25,872 - yfinance - DEBUG - [utils.py:121] - wrapper() -   Entering get()
2026-10-04 04:06:25,872 - yfinance - DEBUG - [utils.py:121] - wrapper() -    Entering _make_request()
2026-10-04 04:06:25,872 - yfinance - DEBUG - [data.py:427] - _make_request() - url=https://query2.finance.yahoo.com/v8/finance/chart/BTC-USD
2026-10-04 04:06:25,872 - yfinance - DEBUG - [data.py:428] - _make_request() - params={'period1': 1790812800, 'period2': 1791066985, 'interval': '1m', 'includePrePost': False, 'events': 'div,splits,capitalGains'}
2026-10-04 04:06:25,872 - yfinance - DEBUG - [utils.py:121] - wrapper() -     Entering _get_cookie_and_crumb()
2026-10-04 04:06:25,872 - yfinance - DEBUG - [data.py:383] - _get_cookie_and_crumb() - cookie_mode = 'basic'
2026-10-04 04:06:25,872 - yfinance - DEBUG - [utils.py:121] - wrapper() -      Entering _get_cookie_and_crumb_basic()
2026-10-04 04:06:25,872 - yfinance - DEBUG - [utils.py:121] - wrapper() -       Entering _get_cookie_basic()
2026-10-04 04:06:25,872 - yfinance - DEBUG - [data.py:228] - _get_cookie_basic() - reusing cookie
2026-10-04 04:06:25,872 - yfinance - DEBUG - [utils.py:126] - wrapper() -       Exiting _get_cookie_basic()
2026-10-04 04:06:25,872 - yfinance - DEBUG - [utils.py:121] - wrapper() -       Entering _get_crumb_basic()
2026-10-04 04:06:25,872 - yfinance - DEBUG - [data.py:261] - _get_crumb_basic() - reusing crumb
2026-10-04 04:06:25,873 - yfinance - DEBUG - [utils.py:126] - wrapper() -       Exiting _get_crumb_basic()
2026-10-04 04:06:25,873 - yfinance - DEBUG - [utils.py:126] - wrapper() -      Exiting _get_cookie_and_crumb_basic()
2026-10-04 04:06:25,873 - yfinance - DEBUG - [utils.py:126] - wrapper() -     Exiting _get_cookie_and_crumb()
2026-10-04 04:06:26,208 - yfinance - DEBUG - [data.py:482] - _make_request() - response code=200
2026-10-04 04:06:26,208 - yfinance - DEBUG - [utils.py:126] - wrapper() -    Exiting _make_request()
2026-10-04 04:06:26,209 - yfinance - DEBUG - [utils.py:126] - wrapper() -   Exiting get()
2026-10-04 04:06:26,215 - yfinance - DEBUG - [history.py:403] - history() - BTC-USD: yfinance received OHLC data: 2026-10-01 00:00:00 -> 2026-10-03 22:36:21
2026-10-04 04:06:26,223 - yfinance - DEBUG - [history.py:435] - history() - BTC-USD: OHLC after cleaning: 2026-10-01 00:00:00+00:00 -> 2026-10-03 22:36:21+00:00
2026-10-04 04:06:26,226 - yfinance - DEBUG - [history.py:530] - history() - BTC-USD: OHLC after combining events: 2026-10-01 00:00:00+00:00 -> 2026-10-03 22:36:21+00:00
2026-10-04 04:06:26,233 - yfinance - DEBUG - [history.py:636] - history() - BTC-USD: yfinance returning OHLC: 2026-10-01 00:00:00+00:00 -> 2026-10-03 22:36:00+00:00
2026-10-04 04:06:26,234 - yfinance - DEBUG - [utils.py:126] - wrapper() -  Exiting history()
2026-10-04 04:06:26,234 - yfinance - DEBUG - [utils.py:126] - wrapper() - Exiting history()
2026-10-04 04:06:26,828 - yfinance - DEBUG - [utils.py:121] - wrapper() - Entering history()
2026-10-04 04:06:26,828 - peewee - DEBUG - [peewee.py:3904] - _log_query() - ('SELECT "t1"."key", "t1"."value" FROM "_tz_kv" AS "t1" WHERE ("t1"."key" = ?) LIMIT ? OFFSET ?', ['BTC-USD', 1, 0])
2026-10-04 04:06:26,829 - yfinance - DEBUG - [utils.py:121] - wrapper() -  Entering history()
2026-10-04 04:06:26,830 - yfinance - DEBUG - [history.py:273] - history() - BTC-USD: Yahoo GET parameters: {'period1': '2026-10-01 00:00:00+00:00', 'period2': '2026-10-03 22:36:26+00:00', 'interval': '1m', 'includePrePost': False, 'events': 'div,splits,capitalGains'}
2026-10-04 04:06:26,830 - yfinance - DEBUG - [utils.py:121] - wrapper() -   Entering get()
2026-10-04 04:06:26,830 - yfinance - DEBUG - [utils.py:121] - wrapper() -    Entering _make_request()
2026-10-04 04:06:26,830 - yfinance - DEBUG - [data.py:427] - _make_request() - url=https://query2.finance.yahoo.com/v8/finance/chart/BTC-USD
2026-10-04 04:06:26,830 - yfinance - DEBUG - [data.py:428] - _make_request() - params={'period1': 1790812800, 'period2': 1791066986, 'interval': '1m', 'includePrePost': False, 'events': 'div,splits,capitalGains'}
2026-10-04 04:06:26,830 - yfinance - DEBUG - [utils.py:121] - wrapper() -     Entering _get_cookie_and_crumb()
2026-10-04 04:06:26,830 - yfinance - DEBUG - [data.py:383] - _get_cookie_and_crumb() - cookie_mode = 'basic'
2026-10-04 04:06:26,830 - yfinance - DEBUG - [utils.py:121] - wrapper() -      Entering _get_cookie_and_crumb_basic()
2026-10-04 04:06:26,830 - yfinance - DEBUG - [utils.py:121] - wrapper() -       Entering _get_cookie_basic()
2026-10-04 04:06:26,831 - yfinance - DEBUG - [data.py:228] - _get_cookie_basic() - reusing cookie
2026-10-04 04:06:26,831 - yfinance - DEBUG - [utils.py:126] - wrapper() -       Exiting _get_cookie_basic()
2026-10-04 04:06:26,831 - yfinance - DEBUG - [utils.py:121] - wrapper() -       Entering _get_crumb_basic()
2026-10-04 04:06:26,831 - yfinance - DEBUG - [data.py:261] - _get_crumb_basic() - reusing crumb
2026-10-04 04:06:26,831 - yfinance - DEBUG - [utils.py:126] - wrapper() -       Exiting _get_crumb_basic()
2026-10-04 04:06:26,831 - yfinance - DEBUG - [utils.py:126] - wrapper() -      Exiting _get_cookie_and_crumb_basic()
2026-10-04 04:06:26,831 - yfinance - DEBUG - [utils.py:126] - wrapper() -     Exiting _get_cookie_and_crumb()
2026-10-04 04:06:27,147 - yfinance - DEBUG - [data.py:482] - _make_request() - response code=200
2026-10-04 04:06:27,147 - yfinance - DEBUG - [utils.py:126] - wrapper() -    Exiting _make_request()
2026-10-04 04:06:27,147 - yfinance - DEBUG - [utils.py:126] - wrapper() -   Exiting get()
2026-10-04 04:06:27,158 - yfinance - DEBUG - [history.py:403] - history() - BTC-USD: yfinance received OHLC data: 2026-10-01 00:00:00 -> 2026-10-03 22:36:21
2026-10-04 04:06:27,172 - yfinance - DEBUG - [history.py:435] - history() - BTC-USD: OHLC after cleaning: 2026-10-01 00:00:00+00:00 -> 2026-10-03 22:36:21+00:00
2026-10-04 04:06:27,174 - yfinance - DEBUG - [history.py:530] - history() - BTC-USD: OHLC after combining events: 2026-10-01 00:00:00+00:00 -> 2026-10-03 22:36:21+00:00
2026-10-04 04:06:27,181 - yfinance - DEBUG - [history.py:636] - history() - BTC-USD: yfinance returning OHLC: 2026-10-01 00:00:00+00:00 -> 2026-10-03 22:36:00+00:00
2026-10-04 04:06:27,181 - yfinance - DEBUG - [utils.py:126] - wrapper() -  Exiting history()
2026-10-04 04:06:27,181 - yfinance - DEBUG - [utils.py:126] - wrapper() - Exiting history()
2026-10-04 04:06:37,111 - yfinance - DEBUG - [utils.py:121] - wrapper() - Entering history()
2026-10-04 04:06:37,111 - peewee - DEBUG - [peewee.py:3904] - _log_query() - ('SELECT "t1"."key", "t1"."value" FROM "_tz_kv" AS "t1" WHERE ("t1"."key" = ?) LIMIT ? OFFSET ?', ['BTC-USD', 1, 0])
2026-10-04 04:06:37,112 - yfinance - DEBUG - [utils.py:121] - wrapper() -  Entering history()
2026-10-04 04:06:37,112 - yfinance - DEBUG - [history.py:273] - history() - BTC-USD: Yahoo GET parameters: {'period1': '2026-10-01 00:00:00+00:00', 'period2': '2026-10-03 22:36:37+00:00', 'interval': '1m', 'includePrePost': False, 'events': 'div,splits,capitalGains'}
2026-10-04 04:06:37,112 - yfinance - DEBUG - [utils.py:121] - wrapper() -   Entering get()
2026-10-04 04:06:37,112 - yfinance - DEBUG - [utils.py:121] - wrapper() -    Entering _make_request()
2026-10-04 04:06:37,112 - yfinance - DEBUG - [data.py:427] - _make_request() - url=https://query2.finance.yahoo.com/v8/finance/chart/BTC-USD
2026-10-04 04:06:37,113 - yfinance - DEBUG - [data.py:428] - _make_request() - params={'period1': 1790812800, 'period2': 1791066997, 'interval': '1m', 'includePrePost': False, 'events': 'div,splits,capitalGains'}
2026-10-04 04:06:37,113 - yfinance - DEBUG - [utils.py:121] - wrapper() -     Entering _get_cookie_and_crumb()
2026-10-04 04:06:37,113 - yfinance - DEBUG - [data.py:383] - _get_cookie_and_crumb() - cookie_mode = 'basic'
2026-10-04 04:06:37,113 - yfinance - DEBUG - [utils.py:121] - wrapper() -      Entering _get_cookie_and_crumb_basic()
2026-10-04 04:06:37,113 - yfinance - DEBUG - [utils.py:121] - wrapper() -       Entering _get_cookie_basic()
2026-10-04 04:06:37,113 - yfinance - DEBUG - [data.py:228] - _get_cookie_basic() - reusing cookie
2026-10-04 04:06:37,113 - yfinance - DEBUG - [utils.py:126] - wrapper() -       Exiting _get_cookie_basic()
2026-10-04 04:06:37,113 - yfinance - DEBUG - [utils.py:121] - wrapper() -       Entering _get_crumb_basic()
2026-10-04 04:06:37,113 - yfinance - DEBUG - [data.py:261] - _get_crumb_basic() - reusing crumb
2026-10-04 04:06:37,113 - yfinance - DEBUG - [utils.py:126] - wrapper() -       Exiting _get_crumb_basic()
2026-10-04 04:06:37,113 - yfinance - DEBUG - [utils.py:126] - wrapper() -      Exiting _get_cookie_and_crumb_basic()
2026-10-04 04:06:37,113 - yfinance - DEBUG - [utils.py:126] - wrapper() -     Exiting _get_cookie_and_crumb()
2026-10-04 04:06:37,431 - yfinance - DEBUG - [data.py:482] - _make_request() - response code=200
2026-10-04 04:06:37,431 - yfinance - DEBUG - [utils.py:126] - wrapper() -    Exiting _make_request()
2026-10-04 04:06:37,431 - yfinance - DEBUG - [utils.py:126] - wrapper() -   Exiting get()
2026-10-04 04:06:37,441 - yfinance - DEBUG - [history.py:403] - history() - BTC-USD: yfinance received OHLC data: 2026-10-01 00:00:00 -> 2026-10-03 22:36:31
2026-10-04 04:06:37,448 - yfinance - DEBUG - [history.py:435] - history() - BTC-USD: OHLC after cleaning: 2026-10-01 00:00:00+00:00 -> 2026-10-03 22:36:31+00:00
2026-10-04 04:06:37,450 - yfinance - DEBUG - [history.py:530] - history() - BTC-USD: OHLC after combining events: 2026-10-01 00:00:00+00:00 -> 2026-10-03 22:36:31+00:00
2026-10-04 04:06:37,457 - yfinance - DEBUG - [history.py:636] - history() - BTC-USD: yfinance returning OHLC: 2026-10-01 00:00:00+00:00 -> 2026-10-03 22:36:00+00:00
2026-10-04 04:06:37,458 - yfinance - DEBUG - [utils.py:126] - wrapper() -  Exiting history()
2026-10-04 04:06:37,458 - yfinance - DEBUG - [utils.py:126] - wrapper() - Exiting history()
2026-10-04 04:06:47,315 - yfinance - DEBUG - [utils.py:121] - wrapper() - Entering history()
2026-10-04 04:06:47,316 - peewee - DEBUG - [peewee.py:3904] - _log_query() - ('SELECT "t1"."key", "t1"."value" FROM "_tz_kv" AS "t1" WHERE ("t1"."key" = ?) LIMIT ? OFFSET ?', ['BTC-USD', 1, 0])
2026-10-04 04:06:47,319 - yfinance - DEBUG - [utils.py:121] - wrapper() -  Entering history()
2026-10-04 04:06:47,319 - yfinance - DEBUG - [history.py:273] - history() - BTC-USD: Yahoo GET parameters: {'period1': '2026-10-01 00:00:00+00:00', 'period2': '2026-10-03 22:36:47+00:00', 'interval': '1m', 'includePrePost': False, 'events': 'div,splits,capitalGains'}
2026-10-04 04:06:47,319 - yfinance - DEBUG - [utils.py:121] - wrapper() -   Entering get()
2026-10-04 04:06:47,319 - yfinance - DEBUG - [utils.py:121] - wrapper() -    Entering _make_request()
2026-10-04 04:06:47,319 - yfinance - DEBUG - [data.py:427] - _make_request() - url=https://query2.finance.yahoo.com/v8/finance/chart/BTC-USD
2026-10-04 04:06:47,319 - yfinance - DEBUG - [data.py:428] - _make_request() - params={'period1': 1790812800, 'period2': 1791067007, 'interval': '1m', 'includePrePost': False, 'events': 'div,splits,capitalGains'}
2026-10-04 04:06:47,320 - yfinance - DEBUG - [utils.py:121] - wrapper() -     Entering _get_cookie_and_crumb()
2026-10-04 04:06:47,320 - yfinance - DEBUG - [data.py:383] - _get_cookie_and_crumb() - cookie_mode = 'basic'
2026-10-04 04:06:47,320 - yfinance - DEBUG - [utils.py:121] - wrapper() -      Entering _get_cookie_and_crumb_basic()
2026-10-04 04:06:47,320 - yfinance - DEBUG - [utils.py:121] - wrapper() -       Entering _get_cookie_basic()
2026-10-04 04:06:47,320 - yfinance - DEBUG - [data.py:228] - _get_cookie_basic() - reusing cookie
2026-10-04 04:06:47,320 - yfinance - DEBUG - [utils.py:126] - wrapper() -       Exiting _get_cookie_basic()
2026-10-04 04:06:47,320 - yfinance - DEBUG - [utils.py:121] - wrapper() -       Entering _get_crumb_basic()
2026-10-04 04:06:47,320 - yfinance - DEBUG - [data.py:261] - _get_crumb_basic() - reusing crumb
2026-10-04 04:06:47,320 - yfinance - DEBUG - [utils.py:126] - wrapper() -       Exiting _get_crumb_basic()
2026-10-04 04:06:47,320 - yfinance - DEBUG - [utils.py:126] - wrapper() -      Exiting _get_cookie_and_crumb_basic()
2026-10-04 04:06:47,320 - yfinance - DEBUG - [utils.py:126] - wrapper() -     Exiting _get_cookie_and_crumb()
2026-10-04 04:06:47,657 - yfinance - DEBUG - [data.py:482] - _make_request() - response code=200
2026-10-04 04:06:47,657 - yfinance - DEBUG - [utils.py:126] - wrapper() -    Exiting _make_request()
2026-10-04 04:06:47,657 - yfinance - DEBUG - [utils.py:126] - wrapper() -   Exiting get()
2026-10-04 04:06:47,668 - yfinance - DEBUG - [history.py:403] - history() - BTC-USD: yfinance received OHLC data: 2026-10-01 00:00:00 -> 2026-10-03 22:36:41
2026-10-04 04:06:47,689 - yfinance - DEBUG - [history.py:435] - history() - BTC-USD: OHLC after cleaning: 2026-10-01 00:00:00+00:00 -> 2026-10-03 22:36:41+00:00
2026-10-04 04:06:47,692 - yfinance - DEBUG - [history.py:530] - history() - BTC-USD: OHLC after combining events: 2026-10-01 00:00:00+00:00 -> 2026-10-03 22:36:41+00:00
2026-10-04 04:06:47,698 - yfinance - DEBUG - [history.py:636] - history() - BTC-USD: yfinance returning OHLC: 2026-10-01 00:00:00+00:00 -> 2026-10-03 22:36:00+00:00
2026-10-04 04:06:47,698 - yfinance - DEBUG - [utils.py:126] - wrapper() -  Exiting history()
2026-10-04 04:06:47,698 - yfinance - DEBUG - [utils.py:126] - wrapper() - Exiting history()
2026-10-04 04:06:49,152 - yfinance - DEBUG - [utils.py:121] - wrapper() - Entering history()
2026-10-04 04:06:49,153 - peewee - DEBUG - [peewee.py:3904] - _log_query() - ('SELECT "t1"."key", "t1"."value" FROM "_tz_kv" AS "t1" WHERE ("t1"."key" = ?) LIMIT ? OFFSET ?', ['BTC-USD', 1, 0])
2026-10-04 04:06:49,153 - yfinance - DEBUG - [utils.py:121] - wrapper() -  Entering history()
2026-10-04 04:06:49,154 - yfinance - DEBUG - [history.py:273] - history() - BTC-USD: Yahoo GET parameters: {'period1': '2026-10-01 00:00:00+00:00', 'period2': '2026-10-03 22:36:49+00:00', 'interval': '1m', 'includePrePost': False, 'events': 'div,splits,capitalGains'}
2026-10-04 04:06:49,154 - yfinance - DEBUG - [utils.py:121] - wrapper() -   Entering get()
2026-10-04 04:06:49,154 - yfinance - DEBUG - [utils.py:121] - wrapper() -    Entering _make_request()
2026-10-04 04:06:49,154 - yfinance - DEBUG - [data.py:427] - _make_request() - url=https://query2.finance.yahoo.com/v8/finance/chart/BTC-USD
2026-10-04 04:06:49,154 - yfinance - DEBUG - [data.py:428] - _make_request() - params={'period1': 1790812800, 'period2': 1791067009, 'interval': '1m', 'includePrePost': False, 'events': 'div,splits,capitalGains'}
2026-10-04 04:06:49,154 - yfinance - DEBUG - [utils.py:121] - wrapper() -     Entering _get_cookie_and_crumb()
2026-10-04 04:06:49,154 - yfinance - DEBUG - [data.py:383] - _get_cookie_and_crumb() - cookie_mode = 'basic'
2026-10-04 04:06:49,154 - yfinance - DEBUG - [utils.py:121] - wrapper() -      Entering _get_cookie_and_crumb_basic()
2026-10-04 04:06:49,154 - yfinance - DEBUG - [utils.py:121] - wrapper() -       Entering _get_cookie_basic()
2026-10-04 04:06:49,154 - yfinance - DEBUG - [data.py:228] - _get_cookie_basic() - reusing cookie
2026-10-04 04:06:49,155 - yfinance - DEBUG - [utils.py:126] - wrapper() -       Exiting _get_cookie_basic()
2026-10-04 04:06:49,155 - yfinance - DEBUG - [utils.py:121] - wrapper() -       Entering _get_crumb_basic()
2026-10-04 04:06:49,155 - yfinance - DEBUG - [data.py:261] - _get_crumb_basic() - reusing crumb
2026-10-04 04:06:49,155 - yfinance - DEBUG - [utils.py:126] - wrapper() -       Exiting _get_crumb_basic()
2026-10-04 04:06:49,155 - yfinance - DEBUG - [utils.py:126] - wrapper() -      Exiting _get_cookie_and_crumb_basic()
2026-10-04 04:06:49,155 - yfinance - DEBUG - [utils.py:126] - wrapper() -     Exiting _get_cookie_and_crumb()
2026-10-04 04:06:49,458 - yfinance - DEBUG - [data.py:482] - _make_request() - response code=200
2026-10-04 04:06:49,458 - yfinance - DEBUG - [utils.py:126] - wrapper() -    Exiting _make_request()
2026-10-04 04:06:49,458 - yfinance - DEBUG - [utils.py:126] - wrapper() -   Exiting get()
2026-10-04 04:06:49,466 - yfinance - DEBUG - [history.py:403] - history() - BTC-USD: yfinance received OHLC data: 2026-10-01 00:00:00 -> 2026-10-03 22:36:45
2026-10-04 04:06:49,473 - yfinance - DEBUG - [history.py:435] - history() - BTC-USD: OHLC after cleaning: 2026-10-01 00:00:00+00:00 -> 2026-10-03 22:36:45+00:00
2026-10-04 04:06:49,476 - yfinance - DEBUG - [history.py:530] - history() - BTC-USD: OHLC after combining events: 2026-10-01 00:00:00+00:00 -> 2026-10-03 22:36:45+00:00
2026-10-04 04:06:49,484 - yfinance - DEBUG - [history.py:636] - history() - BTC-USD: yfinance returning OHLC: 2026-10-01 00:00:00+00:00 -> 2026-10-03 22:36:00+00:00
2026-10-04 04:06:49,484 - yfinance - DEBUG - [utils.py:126] - wrapper() -  Exiting history()
2026-10-04 04:06:49,485 - yfinance - DEBUG - [utils.py:126] - wrapper() - Exiting history()
2026-10-04 04:06:59,227 - yfinance - DEBUG - [utils.py:121] - wrapper() - Entering history()
2026-10-04 04:06:59,227 - peewee - DEBUG - [peewee.py:3904] - _log_query() - ('SELECT "t1"."key", "t1"."value" FROM "_tz_kv" AS "t1" WHERE ("t1"."key" = ?) LIMIT ? OFFSET ?', ['BTC-USD', 1, 0])
2026-10-04 04:06:59,228 - yfinance - DEBUG - [utils.py:121] - wrapper() -  Entering history()
2026-10-04 04:06:59,228 - yfinance - DEBUG - [history.py:273] - history() - BTC-USD: Yahoo GET parameters: {'period1': '2026-10-01 00:00:00+00:00', 'period2': '2026-10-03 22:36:59+00:00', 'interval': '1m', 'includePrePost': False, 'events': 'div,splits,capitalGains'}
2026-10-04 04:06:59,228 - yfinance - DEBUG - [utils.py:121] - wrapper() -   Entering get()
2026-10-04 04:06:59,228 - yfinance - DEBUG - [utils.py:121] - wrapper() -    Entering _make_request()
2026-10-04 04:06:59,229 - yfinance - DEBUG - [data.py:427] - _make_request() - url=https://query2.finance.yahoo.com/v8/finance/chart/BTC-USD
2026-10-04 04:06:59,229 - yfinance - DEBUG - [data.py:428] - _make_request() - params={'period1': 1790812800, 'period2': 1791067019, 'interval': '1m', 'includePrePost': False, 'events': 'div,splits,capitalGains'}
2026-10-04 04:06:59,229 - yfinance - DEBUG - [utils.py:121] - wrapper() -     Entering _get_cookie_and_crumb()
2026-10-04 04:06:59,229 - yfinance - DEBUG - [data.py:383] - _get_cookie_and_crumb() - cookie_mode = 'basic'
2026-10-04 04:06:59,229 - yfinance - DEBUG - [utils.py:121] - wrapper() -      Entering _get_cookie_and_crumb_basic()
2026-10-04 04:06:59,229 - yfinance - DEBUG - [utils.py:121] - wrapper() -       Entering _get_cookie_basic()
2026-10-04 04:06:59,229 - yfinance - DEBUG - [data.py:228] - _get_cookie_basic() - reusing cookie
2026-10-04 04:06:59,229 - yfinance - DEBUG - [utils.py:126] - wrapper() -       Exiting _get_cookie_basic()
2026-10-04 04:06:59,229 - yfinance - DEBUG - [utils.py:121] - wrapper() -       Entering _get_crumb_basic()
2026-10-04 04:06:59,229 - yfinance - DEBUG - [data.py:261] - _get_crumb_basic() - reusing crumb
2026-10-04 04:06:59,229 - yfinance - DEBUG - [utils.py:126] - wrapper() -       Exiting _get_crumb_basic()
2026-10-04 04:06:59,229 - yfinance - DEBUG - [utils.py:126] - wrapper() -      Exiting _get_cookie_and_crumb_basic()
2026-10-04 04:06:59,229 - yfinance - DEBUG - [utils.py:126] - wrapper() -     Exiting _get_cookie_and_crumb()
2026-10-04 04:06:59,573 - yfinance - DEBUG - [data.py:482] - _make_request() - response code=200
2026-10-04 04:06:59,573 - yfinance - DEBUG - [utils.py:126] - wrapper() -    Exiting _make_request()
2026-10-04 04:06:59,573 - yfinance - DEBUG - [utils.py:126] - wrapper() -   Exiting get()
2026-10-04 04:06:59,582 - yfinance - DEBUG - [history.py:403] - history() - BTC-USD: yfinance received OHLC data: 2026-10-01 00:00:00 -> 2026-10-03 22:36:55
2026-10-04 04:06:59,592 - yfinance - DEBUG - [history.py:435] - history() - BTC-USD: OHLC after cleaning: 2026-10-01 00:00:00+00:00 -> 2026-10-03 22:36:55+00:00
2026-10-04 04:06:59,595 - yfinance - DEBUG - [history.py:530] - history() - BTC-USD: OHLC after combining events: 2026-10-01 00:00:00+00:00 -> 2026-10-03 22:36:55+00:00
2026-10-04 04:06:59,602 - yfinance - DEBUG - [history.py:636] - history() - BTC-USD: yfinance returning OHLC: 2026-10-01 00:00:00+00:00 -> 2026-10-03 22:36:00+00:00
2026-10-04 04:06:59,603 - yfinance - DEBUG - [utils.py:126] - wrapper() -  Exiting history()
2026-10-04 04:06:59,603 - yfinance - DEBUG - [utils.py:126] - wrapper() - Exiting history()
2026-10-04 04:07:04,227 - yfinance - DEBUG - [utils.py:121] - wrapper() - Entering history()
2026-10-04 04:07:04,227 - peewee - DEBUG - [peewee.py:3904] - _log_query() - ('SELECT "t1"."key", "t1"."value" FROM "_tz_kv" AS "t1" WHERE ("t1"."key" = ?) LIMIT ? OFFSET ?', ['BTC-USD', 1, 0])
2026-10-04 04:07:04,228 - yfinance - DEBUG - [utils.py:121] - wrapper() -  Entering history()
2026-10-04 04:07:04,228 - yfinance - DEBUG - [history.py:273] - history() - BTC-USD: Yahoo GET parameters: {'period1': '2026-10-01 00:00:00+00:00', 'period2': '2026-10-03 22:37:04+00:00', 'interval': '1m', 'includePrePost': False, 'events': 'div,splits,capitalGains'}
2026-10-04 04:07:04,228 - yfinance - DEBUG - [utils.py:121] - wrapper() -   Entering get()
2026-10-04 04:07:04,229 - yfinance - DEBUG - [utils.py:121] - wrapper() -    Entering _make_request()
2026-10-04 04:07:04,229 - yfinance - DEBUG - [data.py:427] - _make_request() - url=https://query2.finance.yahoo.com/v8/finance/chart/BTC-USD
2026-10-04 04:07:04,229 - yfinance - DEBUG - [data.py:428] - _make_request() - params={'period1': 1790812800, 'period2': 1791067024, 'interval': '1m', 'includePrePost': False, 'events': 'div,splits,capitalGains'}
2026-10-04 04:07:04,229 - yfinance - DEBUG - [utils.py:121] - wrapper() -     Entering _get_cookie_and_crumb()
2026-10-04 04:07:04,229 - yfinance - DEBUG - [data.py:383] - _get_cookie_and_crumb() - cookie_mode = 'basic'
2026-10-04 04:07:04,229 - yfinance - DEBUG - [utils.py:121] - wrapper() -      Entering _get_cookie_and_crumb_basic()
2026-10-04 04:07:04,229 - yfinance - DEBUG - [utils.py:121] - wrapper() -       Entering _get_cookie_basic()
2026-10-04 04:07:04,229 - yfinance - DEBUG - [data.py:228] - _get_cookie_basic() - reusing cookie
2026-10-04 04:07:04,229 - yfinance - DEBUG - [utils.py:126] - wrapper() -       Exiting _get_cookie_basic()
2026-10-04 04:07:04,229 - yfinance - DEBUG - [utils.py:121] - wrapper() -       Entering _get_crumb_basic()
2026-10-04 04:07:04,229 - yfinance - DEBUG - [data.py:261] - _get_crumb_basic() - reusing crumb
2026-10-04 04:07:04,229 - yfinance - DEBUG - [utils.py:126] - wrapper() -       Exiting _get_crumb_basic()
2026-10-04 04:07:04,229 - yfinance - DEBUG - [utils.py:126] - wrapper() -      Exiting _get_cookie_and_crumb_basic()
2026-10-04 04:07:04,230 - yfinance - DEBUG - [utils.py:126] - wrapper() -     Exiting _get_cookie_and_crumb()
2026-10-04 04:07:05,108 - yfinance - DEBUG - [data.py:482] - _make_request() - response code=200
2026-10-04 04:07:05,108 - yfinance - DEBUG - [utils.py:126] - wrapper() -    Exiting _make_request()
2026-10-04 04:07:05,108 - yfinance - DEBUG - [utils.py:126] - wrapper() -   Exiting get()
2026-10-04 04:07:05,118 - yfinance - DEBUG - [history.py:403] - history() - BTC-USD: yfinance received OHLC data: 2026-10-01 00:00:00 -> 2026-10-03 22:37:01
2026-10-04 04:07:05,127 - yfinance - DEBUG - [history.py:435] - history() - BTC-USD: OHLC after cleaning: 2026-10-01 00:00:00+00:00 -> 2026-10-03 22:37:01+00:00
2026-10-04 04:07:05,130 - yfinance - DEBUG - [history.py:530] - history() - BTC-USD: OHLC after combining events: 2026-10-01 00:00:00+00:00 -> 2026-10-03 22:37:01+00:00
2026-10-04 04:07:05,137 - yfinance - DEBUG - [history.py:636] - history() - BTC-USD: yfinance returning OHLC: 2026-10-01 00:00:00+00:00 -> 2026-10-03 22:37:00+00:00
2026-10-04 04:07:05,138 - yfinance - DEBUG - [utils.py:126] - wrapper() -  Exiting history()
2026-10-04 04:07:05,138 - yfinance - DEBUG - [utils.py:126] - wrapper() - Exiting history()
2026-10-04 04:07:14,268 - yfinance - DEBUG - [utils.py:121] - wrapper() - Entering history()
2026-10-04 04:07:14,268 - peewee - DEBUG - [peewee.py:3904] - _log_query() - ('SELECT "t1"."key", "t1"."value" FROM "_tz_kv" AS "t1" WHERE ("t1"."key" = ?) LIMIT ? OFFSET ?', ['BTC-USD', 1, 0])
2026-10-04 04:07:14,269 - yfinance - DEBUG - [utils.py:121] - wrapper() -  Entering history()
2026-10-04 04:07:14,269 - yfinance - DEBUG - [history.py:273] - history() - BTC-USD: Yahoo GET parameters: {'period1': '2026-10-01 00:00:00+00:00', 'period2': '2026-10-03 22:37:14+00:00', 'interval': '1m', 'includePrePost': False, 'events': 'div,splits,capitalGains'}
2026-10-04 04:07:14,270 - yfinance - DEBUG - [utils.py:121] - wrapper() -   Entering get()
2026-10-04 04:07:14,270 - yfinance - DEBUG - [utils.py:121] - wrapper() -    Entering _make_request()
2026-10-04 04:07:14,270 - yfinance - DEBUG - [data.py:427] - _make_request() - url=https://query2.finance.yahoo.com/v8/finance/chart/BTC-USD
2026-10-04 04:07:14,270 - yfinance - DEBUG - [data.py:428] - _make_request() - params={'period1': 1790812800, 'period2': 1791067034, 'interval': '1m', 'includePrePost': False, 'events': 'div,splits,capitalGains'}
2026-10-04 04:07:14,270 - yfinance - DEBUG - [utils.py:121] - wrapper() -     Entering _get_cookie_and_crumb()
2026-10-04 04:07:14,270 - yfinance - DEBUG - [data.py:383] - _get_cookie_and_crumb() - cookie_mode = 'basic'
2026-10-04 04:07:14,270 - yfinance - DEBUG - [utils.py:121] - wrapper() -      Entering _get_cookie_and_crumb_basic()
2026-10-04 04:07:14,270 - yfinance - DEBUG - [utils.py:121] - wrapper() -       Entering _get_cookie_basic()
2026-10-04 04:07:14,270 - yfinance - DEBUG - [data.py:228] - _get_cookie_basic() - reusing cookie
2026-10-04 04:07:14,270 - yfinance - DEBUG - [utils.py:126] - wrapper() -       Exiting _get_cookie_basic()
2026-10-04 04:07:14,270 - yfinance - DEBUG - [utils.py:121] - wrapper() -       Entering _get_crumb_basic()
2026-10-04 04:07:14,270 - yfinance - DEBUG - [data.py:261] - _get_crumb_basic() - reusing crumb
2026-10-04 04:07:14,270 - yfinance - DEBUG - [utils.py:126] - wrapper() -       Exiting _get_crumb_basic()
2026-10-04 04:07:14,270 - yfinance - DEBUG - [utils.py:126] - wrapper() -      Exiting _get_cookie_and_crumb_basic()
2026-10-04 04:07:14,270 - yfinance - DEBUG - [utils.py:126] - wrapper() -     Exiting _get_cookie_and_crumb()
2026-10-04 04:07:14,572 - yfinance - DEBUG - [data.py:482] - _make_request() - response code=200
2026-10-04 04:07:14,572 - yfinance - DEBUG - [utils.py:126] - wrapper() -    Exiting _make_request()
2026-10-04 04:07:14,573 - yfinance - DEBUG - [utils.py:126] - wrapper() -   Exiting get()
2026-10-04 04:07:14,584 - yfinance - DEBUG - [history.py:403] - history() - BTC-USD: yfinance received OHLC data: 2026-10-01 00:00:00 -> 2026-10-03 22:37:10
2026-10-04 04:07:14,594 - yfinance - DEBUG - [history.py:435] - history() - BTC-USD: OHLC after cleaning: 2026-10-01 00:00:00+00:00 -> 2026-10-03 22:37:10+00:00
2026-10-04 04:07:14,597 - yfinance - DEBUG - [history.py:530] - history() - BTC-USD: OHLC after combining events: 2026-10-01 00:00:00+00:00 -> 2026-10-03 22:37:10+00:00
2026-10-04 04:07:14,604 - yfinance - DEBUG - [history.py:636] - history() - BTC-USD: yfinance returning OHLC: 2026-10-01 00:00:00+00:00 -> 2026-10-03 22:37:00+00:00
2026-10-04 04:07:14,604 - yfinance - DEBUG - [utils.py:126] - wrapper() -  Exiting history()
2026-10-04 04:07:14,605 - yfinance - DEBUG - [utils.py:126] - wrapper() - Exiting history()
2026-10-04 04:07:24,260 - yfinance - DEBUG - [utils.py:121] - wrapper() - Entering history()
2026-10-04 04:07:24,261 - peewee - DEBUG - [peewee.py:3904] - _log_query() - ('SELECT "t1"."key", "t1"."value" FROM "_tz_kv" AS "t1" WHERE ("t1"."key" = ?) LIMIT ? OFFSET ?', ['BTC-USD', 1, 0])
2026-10-04 04:07:24,261 - yfinance - DEBUG - [utils.py:121] - wrapper() -  Entering history()
2026-10-04 04:07:24,261 - yfinance - DEBUG - [history.py:273] - history() - BTC-USD: Yahoo GET parameters: {'period1': '2026-10-01 00:00:00+00:00', 'period2': '2026-10-03 22:37:24+00:00', 'interval': '1m', 'includePrePost': False, 'events': 'div,splits,capitalGains'}
2026-10-04 04:07:24,261 - yfinance - DEBUG - [utils.py:121] - wrapper() -   Entering get()
2026-10-04 04:07:24,261 - yfinance - DEBUG - [utils.py:121] - wrapper() -    Entering _make_request()
2026-10-04 04:07:24,261 - yfinance - DEBUG - [data.py:427] - _make_request() - url=https://query2.finance.yahoo.com/v8/finance/chart/BTC-USD
2026-10-04 04:07:24,261 - yfinance - DEBUG - [data.py:428] - _make_request() - params={'period1': 1790812800, 'period2': 1791067044, 'interval': '1m', 'includePrePost': False, 'events': 'div,splits,capitalGains'}
2026-10-04 04:07:24,261 - yfinance - DEBUG - [utils.py:121] - wrapper() -     Entering _get_cookie_and_crumb()
2026-10-04 04:07:24,261 - yfinance - DEBUG - [data.py:383] - _get_cookie_and_crumb() - cookie_mode = 'basic'
2026-10-04 04:07:24,261 - yfinance - DEBUG - [utils.py:121] - wrapper() -      Entering _get_cookie_and_crumb_basic()
2026-10-04 04:07:24,261 - yfinance - DEBUG - [utils.py:121] - wrapper() -       Entering _get_cookie_basic()
2026-10-04 04:07:24,261 - yfinance - DEBUG - [data.py:228] - _get_cookie_basic() - reusing cookie
2026-10-04 04:07:24,261 - yfinance - DEBUG - [utils.py:126] - wrapper() -       Exiting _get_cookie_basic()
2026-10-04 04:07:24,261 - yfinance - DEBUG - [utils.py:121] - wrapper() -       Entering _get_crumb_basic()
2026-10-04 04:07:24,261 - yfinance - DEBUG - [data.py:261] - _get_crumb_basic() - reusing crumb
2026-10-04 04:07:24,261 - yfinance - DEBUG - [utils.py:126] - wrapper() -       Exiting _get_crumb_basic()
2026-10-04 04:07:24,261 - yfinance - DEBUG - [utils.py:126] - wrapper() -      Exiting _get_cookie_and_crumb_basic()
2026-10-04 04:07:24,261 - yfinance - DEBUG - [utils.py:126] - wrapper() -     Exiting _get_cookie_and_crumb()
2026-10-04 04:07:24,599 - yfinance - DEBUG - [data.py:482] - _make_request() - response code=200
2026-10-04 04:07:24,599 - yfinance - DEBUG - [utils.py:126] - wrapper() -    Exiting _make_request()
2026-10-04 04:07:24,600 - yfinance - DEBUG - [utils.py:126] - wrapper() -   Exiting get()
2026-10-04 04:07:24,606 - yfinance - DEBUG - [history.py:403] - history() - BTC-USD: yfinance received OHLC data: 2026-10-01 00:00:00 -> 2026-10-03 22:37:20
2026-10-04 04:07:24,610 - yfinance - DEBUG - [history.py:435] - history() - BTC-USD: OHLC after cleaning: 2026-10-01 00:00:00+00:00 -> 2026-10-03 22:37:20+00:00
2026-10-04 04:07:24,611 - yfinance - DEBUG - [history.py:530] - history() - BTC-USD: OHLC after combining events: 2026-10-01 00:00:00+00:00 -> 2026-10-03 22:37:20+00:00
2026-10-04 04:07:24,613 - yfinance - DEBUG - [history.py:636] - history() - BTC-USD: yfinance returning OHLC: 2026-10-01 00:00:00+00:00 -> 2026-10-03 22:37:00+00:00
2026-10-04 04:07:24,614 - yfinance - DEBUG - [utils.py:126] - wrapper() -  Exiting history()
2026-10-04 04:07:24,614 - yfinance - DEBUG - [utils.py:126] - wrapper() - Exiting history()
2026-10-04 04:07:34,266 - yfinance - DEBUG - [utils.py:121] - wrapper() - Entering history()
2026-10-04 04:07:34,267 - peewee - DEBUG - [peewee.py:3904] - _log_query() - ('SELECT "t1"."key", "t1"."value" FROM "_tz_kv" AS "t1" WHERE ("t1"."key" = ?) LIMIT ? OFFSET ?', ['BTC-USD', 1, 0])
2026-10-04 04:07:34,268 - yfinance - DEBUG - [utils.py:121] - wrapper() -  Entering history()
2026-10-04 04:07:34,268 - yfinance - DEBUG - [history.py:273] - history() - BTC-USD: Yahoo GET parameters: {'period1': '2026-10-01 00:00:00+00:00', 'period2': '2026-10-03 22:37:34+00:00', 'interval': '1m', 'includePrePost': False, 'events': 'div,splits,capitalGains'}
2026-10-04 04:07:34,268 - yfinance - DEBUG - [utils.py:121] - wrapper() -   Entering get()
2026-10-04 04:07:34,268 - yfinance - DEBUG - [utils.py:121] - wrapper() -    Entering _make_request()
2026-10-04 04:07:34,268 - yfinance - DEBUG - [data.py:427] - _make_request() - url=https://query2.finance.yahoo.com/v8/finance/chart/BTC-USD
2026-10-04 04:07:34,268 - yfinance - DEBUG - [data.py:428] - _make_request() - params={'period1': 1790812800, 'period2': 1791067054, 'interval': '1m', 'includePrePost': False, 'events': 'div,splits,capitalGains'}
2026-10-04 04:07:34,268 - yfinance - DEBUG - [utils.py:121] - wrapper() -     Entering _get_cookie_and_crumb()
2026-10-04 04:07:34,268 - yfinance - DEBUG - [data.py:383] - _get_cookie_and_crumb() - cookie_mode = 'basic'
2026-10-04 04:07:34,268 - yfinance - DEBUG - [utils.py:121] - wrapper() -      Entering _get_cookie_and_crumb_basic()
2026-10-04 04:07:34,268 - yfinance - DEBUG - [utils.py:121] - wrapper() -       Entering _get_cookie_basic()
2026-10-04 04:07:34,268 - yfinance - DEBUG - [data.py:228] - _get_cookie_basic() - reusing cookie
2026-10-04 04:07:34,268 - yfinance - DEBUG - [utils.py:126] - wrapper() -       Exiting _get_cookie_basic()
2026-10-04 04:07:34,269 - yfinance - DEBUG - [utils.py:121] - wrapper() -       Entering _get_crumb_basic()
2026-10-04 04:07:34,269 - yfinance - DEBUG - [data.py:261] - _get_crumb_basic() - reusing crumb
2026-10-04 04:07:34,269 - yfinance - DEBUG - [utils.py:126] - wrapper() -       Exiting _get_crumb_basic()
2026-10-04 04:07:34,269 - yfinance - DEBUG - [utils.py:126] - wrapper() -      Exiting _get_cookie_and_crumb_basic()
2026-10-04 04:07:34,269 - yfinance - DEBUG - [utils.py:126] - wrapper() -     Exiting _get_cookie_and_crumb()
2026-10-04 04:07:34,585 - yfinance - DEBUG - [data.py:482] - _make_request() - response code=200
2026-10-04 04:07:34,585 - yfinance - DEBUG - [utils.py:126] - wrapper() -    Exiting _make_request()
2026-10-04 04:07:34,585 - yfinance - DEBUG - [utils.py:126] - wrapper() -   Exiting get()
2026-10-04 04:07:34,592 - yfinance - DEBUG - [history.py:403] - history() - BTC-USD: yfinance received OHLC data: 2026-10-01 00:00:00 -> 2026-10-03 22:37:30
2026-10-04 04:07:34,601 - yfinance - DEBUG - [history.py:435] - history() - BTC-USD: OHLC after cleaning: 2026-10-01 00:00:00+00:00 -> 2026-10-03 22:37:30+00:00
2026-10-04 04:07:34,603 - yfinance - DEBUG - [history.py:530] - history() - BTC-USD: OHLC after combining events: 2026-10-01 00:00:00+00:00 -> 2026-10-03 22:37:30+00:00
2026-10-04 04:07:34,610 - yfinance - DEBUG - [history.py:636] - history() - BTC-USD: yfinance returning OHLC: 2026-10-01 00:00:00+00:00 -> 2026-10-03 22:37:00+00:00
2026-10-04 04:07:34,611 - yfinance - DEBUG - [utils.py:126] - wrapper() -  Exiting history()
2026-10-04 04:07:34,611 - yfinance - DEBUG - [utils.py:126] - wrapper() - Exiting history()
2026-10-04 04:07:44,264 - yfinance - DEBUG - [utils.py:121] - wrapper() - Entering history()
2026-10-04 04:07:44,264 - peewee - DEBUG - [peewee.py:3904] - _log_query() - ('SELECT "t1"."key", "t1"."value" FROM "_tz_kv" AS "t1" WHERE ("t1"."key" = ?) LIMIT ? OFFSET ?', ['BTC-USD', 1, 0])
2026-10-04 04:07:44,265 - yfinance - DEBUG - [utils.py:121] - wrapper() -  Entering history()
2026-10-04 04:07:44,265 - yfinance - DEBUG - [history.py:273] - history() - BTC-USD: Yahoo GET parameters: {'period1': '2026-10-01 00:00:00+00:00', 'period2': '2026-10-03 22:37:44+00:00', 'interval': '1m', 'includePrePost': False, 'events': 'div,splits,capitalGains'}
2026-10-04 04:07:44,265 - yfinance - DEBUG - [utils.py:121] - wrapper() -   Entering get()
2026-10-04 04:07:44,265 - yfinance - DEBUG - [utils.py:121] - wrapper() -    Entering _make_request()
2026-10-04 04:07:44,265 - yfinance - DEBUG - [data.py:427] - _make_request() - url=https://query2.finance.yahoo.com/v8/finance/chart/BTC-USD
2026-10-04 04:07:44,265 - yfinance - DEBUG - [data.py:428] - _make_request() - params={'period1': 1790812800, 'period2': 1791067064, 'interval': '1m', 'includePrePost': False, 'events': 'div,splits,capitalGains'}
2026-10-04 04:07:44,265 - yfinance - DEBUG - [utils.py:121] - wrapper() -     Entering _get_cookie_and_crumb()
2026-10-04 04:07:44,265 - yfinance - DEBUG - [data.py:383] - _get_cookie_and_crumb() - cookie_mode = 'basic'
2026-10-04 04:07:44,265 - yfinance - DEBUG - [utils.py:121] - wrapper() -      Entering _get_cookie_and_crumb_basic()
2026-10-04 04:07:44,265 - yfinance - DEBUG - [utils.py:121] - wrapper() -       Entering _get_cookie_basic()
2026-10-04 04:07:44,265 - yfinance - DEBUG - [data.py:228] - _get_cookie_basic() - reusing cookie
2026-10-04 04:07:44,265 - yfinance - DEBUG - [utils.py:126] - wrapper() -       Exiting _get_cookie_basic()
2026-10-04 04:07:44,265 - yfinance - DEBUG - [utils.py:121] - wrapper() -       Entering _get_crumb_basic()
2026-10-04 04:07:44,265 - yfinance - DEBUG - [data.py:261] - _get_crumb_basic() - reusing crumb
2026-10-04 04:07:44,265 - yfinance - DEBUG - [utils.py:126] - wrapper() -       Exiting _get_crumb_basic()
2026-10-04 04:07:44,265 - yfinance - DEBUG - [utils.py:126] - wrapper() -      Exiting _get_cookie_and_crumb_basic()
2026-10-04 04:07:44,265 - yfinance - DEBUG - [utils.py:126] - wrapper() -     Exiting _get_cookie_and_crumb()
2026-10-04 04:07:44,615 - yfinance - DEBUG - [data.py:482] - _make_request() - response code=200
2026-10-04 04:07:44,615 - yfinance - DEBUG - [utils.py:126] - wrapper() -    Exiting _make_request()
2026-10-04 04:07:44,616 - yfinance - DEBUG - [utils.py:126] - wrapper() -   Exiting get()
2026-10-04 04:07:44,624 - yfinance - DEBUG - [history.py:403] - history() - BTC-USD: yfinance received OHLC data: 2026-10-01 00:00:00 -> 2026-10-03 22:37:40
2026-10-04 04:07:44,632 - yfinance - DEBUG - [history.py:435] - history() - BTC-USD: OHLC after cleaning: 2026-10-01 00:00:00+00:00 -> 2026-10-03 22:37:40+00:00
2026-10-04 04:07:44,635 - yfinance - DEBUG - [history.py:530] - history() - BTC-USD: OHLC after combining events: 2026-10-01 00:00:00+00:00 -> 2026-10-03 22:37:40+00:00
2026-10-04 04:07:44,644 - yfinance - DEBUG - [history.py:636] - history() - BTC-USD: yfinance returning OHLC: 2026-10-01 00:00:00+00:00 -> 2026-10-03 22:37:00+00:00
2026-10-04 04:07:44,645 - yfinance - DEBUG - [utils.py:126] - wrapper() -  Exiting history()
2026-10-04 04:07:44,645 - yfinance - DEBUG - [utils.py:126] - wrapper() - Exiting history()
2026-10-04 04:07:54,270 - yfinance - DEBUG - [utils.py:121] - wrapper() - Entering history()
2026-10-04 04:07:54,271 - peewee - DEBUG - [peewee.py:3904] - _log_query() - ('SELECT "t1"."key", "t1"."value" FROM "_tz_kv" AS "t1" WHERE ("t1"."key" = ?) LIMIT ? OFFSET ?', ['BTC-USD', 1, 0])
2026-10-04 04:07:54,271 - yfinance - DEBUG - [utils.py:121] - wrapper() -  Entering history()
2026-10-04 04:07:54,272 - yfinance - DEBUG - [history.py:273] - history() - BTC-USD: Yahoo GET parameters: {'period1': '2026-10-01 00:00:00+00:00', 'period2': '2026-10-03 22:37:54+00:00', 'interval': '1m', 'includePrePost': False, 'events': 'div,splits,capitalGains'}
2026-10-04 04:07:54,272 - yfinance - DEBUG - [utils.py:121] - wrapper() -   Entering get()
2026-10-04 04:07:54,272 - yfinance - DEBUG - [utils.py:121] - wrapper() -    Entering _make_request()
2026-10-04 04:07:54,272 - yfinance - DEBUG - [data.py:427] - _make_request() - url=https://query2.finance.yahoo.com/v8/finance/chart/BTC-USD
2026-10-04 04:07:54,272 - yfinance - DEBUG - [data.py:428] - _make_request() - params={'period1': 1790812800, 'period2': 1791067074, 'interval': '1m', 'includePrePost': False, 'events': 'div,splits,capitalGains'}
2026-10-04 04:07:54,272 - yfinance - DEBUG - [utils.py:121] - wrapper() -     Entering _get_cookie_and_crumb()
2026-10-04 04:07:54,272 - yfinance - DEBUG - [data.py:383] - _get_cookie_and_crumb() - cookie_mode = 'basic'
2026-10-04 04:07:54,272 - yfinance - DEBUG - [utils.py:121] - wrapper() -      Entering _get_cookie_and_crumb_basic()
2026-10-04 04:07:54,272 - yfinance - DEBUG - [utils.py:121] - wrapper() -       Entering _get_cookie_basic()
2026-10-04 04:07:54,272 - yfinance - DEBUG - [data.py:228] - _get_cookie_basic() - reusing cookie
2026-10-04 04:07:54,272 - yfinance - DEBUG - [utils.py:126] - wrapper() -       Exiting _get_cookie_basic()
2026-10-04 04:07:54,272 - yfinance - DEBUG - [utils.py:121] - wrapper() -       Entering _get_crumb_basic()
2026-10-04 04:07:54,272 - yfinance - DEBUG - [data.py:261] - _get_crumb_basic() - reusing crumb
2026-10-04 04:07:54,272 - yfinance - DEBUG - [utils.py:126] - wrapper() -       Exiting _get_crumb_basic()
2026-10-04 04:07:54,272 - yfinance - DEBUG - [utils.py:126] - wrapper() -      Exiting _get_cookie_and_crumb_basic()
2026-10-04 04:07:54,273 - yfinance - DEBUG - [utils.py:126] - wrapper() -     Exiting _get_cookie_and_crumb()
2026-10-04 04:07:55,528 - yfinance - DEBUG - [data.py:482] - _make_request() - response code=200
2026-10-04 04:07:55,528 - yfinance - DEBUG - [utils.py:126] - wrapper() -    Exiting _make_request()
2026-10-04 04:07:55,528 - yfinance - DEBUG - [utils.py:126] - wrapper() -   Exiting get()
2026-10-04 04:07:55,536 - yfinance - DEBUG - [history.py:403] - history() - BTC-USD: yfinance received OHLC data: 2026-10-01 00:00:00 -> 2026-10-03 22:37:51
2026-10-04 04:07:55,543 - yfinance - DEBUG - [history.py:435] - history() - BTC-USD: OHLC after cleaning: 2026-10-01 00:00:00+00:00 -> 2026-10-03 22:37:51+00:00
2026-10-04 04:07:55,545 - yfinance - DEBUG - [history.py:530] - history() - BTC-USD: OHLC after combining events: 2026-10-01 00:00:00+00:00 -> 2026-10-03 22:37:51+00:00
2026-10-04 04:07:55,551 - yfinance - DEBUG - [history.py:636] - history() - BTC-USD: yfinance returning OHLC: 2026-10-01 00:00:00+00:00 -> 2026-10-03 22:37:00+00:00
2026-10-04 04:07:55,551 - yfinance - DEBUG - [utils.py:126] - wrapper() -  Exiting history()
2026-10-04 04:07:55,551 - yfinance - DEBUG - [utils.py:126] - wrapper() - Exiting history()
2026-10-04 04:08:04,270 - yfinance - DEBUG - [utils.py:121] - wrapper() - Entering history()
2026-10-04 04:08:04,271 - peewee - DEBUG - [peewee.py:3904] - _log_query() - ('SELECT "t1"."key", "t1"."value" FROM "_tz_kv" AS "t1" WHERE ("t1"."key" = ?) LIMIT ? OFFSET ?', ['BTC-USD', 1, 0])
2026-10-04 04:08:04,271 - yfinance - DEBUG - [utils.py:121] - wrapper() -  Entering history()
2026-10-04 04:08:04,271 - yfinance - DEBUG - [history.py:273] - history() - BTC-USD: Yahoo GET parameters: {'period1': '2026-10-01 00:00:00+00:00', 'period2': '2026-10-03 22:38:04+00:00', 'interval': '1m', 'includePrePost': False, 'events': 'div,splits,capitalGains'}
2026-10-04 04:08:04,272 - yfinance - DEBUG - [utils.py:121] - wrapper() -   Entering get()
2026-10-04 04:08:04,272 - yfinance - DEBUG - [utils.py:121] - wrapper() -    Entering _make_request()
2026-10-04 04:08:04,272 - yfinance - DEBUG - [data.py:427] - _make_request() - url=https://query2.finance.yahoo.com/v8/finance/chart/BTC-USD
2026-10-04 04:08:04,272 - yfinance - DEBUG - [data.py:428] - _make_request() - params={'period1': 1790812800, 'period2': 1791067084, 'interval': '1m', 'includePrePost': False, 'events': 'div,splits,capitalGains'}
2026-10-04 04:08:04,272 - yfinance - DEBUG - [utils.py:121] - wrapper() -     Entering _get_cookie_and_crumb()
2026-10-04 04:08:04,272 - yfinance - DEBUG - [data.py:383] - _get_cookie_and_crumb() - cookie_mode = 'basic'
2026-10-04 04:08:04,272 - yfinance - DEBUG - [utils.py:121] - wrapper() -      Entering _get_cookie_and_crumb_basic()
2026-10-04 04:08:04,272 - yfinance - DEBUG - [utils.py:121] - wrapper() -       Entering _get_cookie_basic()
2026-10-04 04:08:04,272 - yfinance - DEBUG - [data.py:228] - _get_cookie_basic() - reusing cookie
2026-10-04 04:08:04,272 - yfinance - DEBUG - [utils.py:126] - wrapper() -       Exiting _get_cookie_basic()
2026-10-04 04:08:04,272 - yfinance - DEBUG - [utils.py:121] - wrapper() -       Entering _get_crumb_basic()
2026-10-04 04:08:04,272 - yfinance - DEBUG - [data.py:261] - _get_crumb_basic() - reusing crumb
2026-10-04 04:08:04,272 - yfinance - DEBUG - [utils.py:126] - wrapper() -       Exiting _get_crumb_basic()
2026-10-04 04:08:04,272 - yfinance - DEBUG - [utils.py:126] - wrapper() -      Exiting _get_cookie_and_crumb_basic()
2026-10-04 04:08:04,272 - yfinance - DEBUG - [utils.py:126] - wrapper() -     Exiting _get_cookie_and_crumb()
2026-10-04 04:08:05,593 - yfinance - DEBUG - [data.py:482] - _make_request() - response code=200
2026-10-04 04:08:05,593 - yfinance - DEBUG - [utils.py:126] - wrapper() -    Exiting _make_request()
2026-10-04 04:08:05,593 - yfinance - DEBUG - [utils.py:126] - wrapper() -   Exiting get()
2026-10-04 04:08:05,601 - yfinance - DEBUG - [history.py:403] - history() - BTC-USD: yfinance received OHLC data: 2026-10-01 00:00:00 -> 2026-10-03 22:38:02
2026-10-04 04:08:05,608 - yfinance - DEBUG - [history.py:435] - history() - BTC-USD: OHLC after cleaning: 2026-10-01 00:00:00+00:00 -> 2026-10-03 22:38:02+00:00
2026-10-04 04:08:05,610 - yfinance - DEBUG - [history.py:530] - history() - BTC-USD: OHLC after combining events: 2026-10-01 00:00:00+00:00 -> 2026-10-03 22:38:02+00:00
2026-10-04 04:08:05,616 - yfinance - DEBUG - [history.py:636] - history() - BTC-USD: yfinance returning OHLC: 2026-10-01 00:00:00+00:00 -> 2026-10-03 22:38:00+00:00
2026-10-04 04:08:05,616 - yfinance - DEBUG - [utils.py:126] - wrapper() -  Exiting history()
2026-10-04 04:08:05,617 - yfinance - DEBUG - [utils.py:126] - wrapper() - Exiting history()
2026-10-04 04:08:14,278 - yfinance - DEBUG - [utils.py:121] - wrapper() - Entering history()
2026-10-04 04:08:14,279 - peewee - DEBUG - [peewee.py:3904] - _log_query() - ('SELECT "t1"."key", "t1"."value" FROM "_tz_kv" AS "t1" WHERE ("t1"."key" = ?) LIMIT ? OFFSET ?', ['BTC-USD', 1, 0])
2026-10-04 04:08:14,280 - yfinance - DEBUG - [utils.py:121] - wrapper() -  Entering history()
2026-10-04 04:08:14,280 - yfinance - DEBUG - [history.py:273] - history() - BTC-USD: Yahoo GET parameters: {'period1': '2026-10-01 00:00:00+00:00', 'period2': '2026-10-03 22:38:14+00:00', 'interval': '1m', 'includePrePost': False, 'events': 'div,splits,capitalGains'}
2026-10-04 04:08:14,280 - yfinance - DEBUG - [utils.py:121] - wrapper() -   Entering get()
2026-10-04 04:08:14,280 - yfinance - DEBUG - [utils.py:121] - wrapper() -    Entering _make_request()
2026-10-04 04:08:14,280 - yfinance - DEBUG - [data.py:427] - _make_request() - url=https://query2.finance.yahoo.com/v8/finance/chart/BTC-USD
2026-10-04 04:08:14,280 - yfinance - DEBUG - [data.py:428] - _make_request() - params={'period1': 1790812800, 'period2': 1791067094, 'interval': '1m', 'includePrePost': False, 'events': 'div,splits,capitalGains'}
2026-10-04 04:08:14,280 - yfinance - DEBUG - [utils.py:121] - wrapper() -     Entering _get_cookie_and_crumb()
2026-10-04 04:08:14,280 - yfinance - DEBUG - [data.py:383] - _get_cookie_and_crumb() - cookie_mode = 'basic'
2026-10-04 04:08:14,280 - yfinance - DEBUG - [utils.py:121] - wrapper() -      Entering _get_cookie_and_crumb_basic()
2026-10-04 04:08:14,280 - yfinance - DEBUG - [utils.py:121] - wrapper() -       Entering _get_cookie_basic()
2026-10-04 04:08:14,280 - yfinance - DEBUG - [data.py:228] - _get_cookie_basic() - reusing cookie
2026-10-04 04:08:14,280 - yfinance - DEBUG - [utils.py:126] - wrapper() -       Exiting _get_cookie_basic()
2026-10-04 04:08:14,280 - yfinance - DEBUG - [utils.py:121] - wrapper() -       Entering _get_crumb_basic()
2026-10-04 04:08:14,280 - yfinance - DEBUG - [data.py:261] - _get_crumb_basic() - reusing crumb
2026-10-04 04:08:14,280 - yfinance - DEBUG - [utils.py:126] - wrapper() -       Exiting _get_crumb_basic()
2026-10-04 04:08:14,280 - yfinance - DEBUG - [utils.py:126] - wrapper() -      Exiting _get_cookie_and_crumb_basic()
2026-10-04 04:08:14,280 - yfinance - DEBUG - [utils.py:126] - wrapper() -     Exiting _get_cookie_and_crumb()
2026-10-04 04:08:15,732 - yfinance - DEBUG - [data.py:482] - _make_request() - response code=200
2026-10-04 04:08:15,732 - yfinance - DEBUG - [utils.py:126] - wrapper() -    Exiting _make_request()
2026-10-04 04:08:15,732 - yfinance - DEBUG - [utils.py:126] - wrapper() -   Exiting get()
2026-10-04 04:08:15,740 - yfinance - DEBUG - [history.py:403] - history() - BTC-USD: yfinance received OHLC data: 2026-10-01 00:00:00 -> 2026-10-03 22:38:11
2026-10-04 04:08:15,747 - yfinance - DEBUG - [history.py:435] - history() - BTC-USD: OHLC after cleaning: 2026-10-01 00:00:00+00:00 -> 2026-10-03 22:38:11+00:00
2026-10-04 04:08:15,749 - yfinance - DEBUG - [history.py:530] - history() - BTC-USD: OHLC after combining events: 2026-10-01 00:00:00+00:00 -> 2026-10-03 22:38:11+00:00
2026-10-04 04:08:15,755 - yfinance - DEBUG - [history.py:636] - history() - BTC-USD: yfinance returning OHLC: 2026-10-01 00:00:00+00:00 -> 2026-10-03 22:38:00+00:00
2026-10-04 04:08:15,755 - yfinance - DEBUG - [utils.py:126] - wrapper() -  Exiting history()
2026-10-04 04:08:15,755 - yfinance - DEBUG - [utils.py:126] - wrapper() - Exiting history()
2026-10-04 04:08:24,277 - yfinance - DEBUG - [utils.py:121] - wrapper() - Entering history()
2026-10-04 04:08:24,278 - peewee - DEBUG - [peewee.py:3904] - _log_query() - ('SELECT "t1"."key", "t1"."value" FROM "_tz_kv" AS "t1" WHERE ("t1"."key" = ?) LIMIT ? OFFSET ?', ['BTC-USD', 1, 0])
2026-10-04 04:08:24,279 - yfinance - DEBUG - [utils.py:121] - wrapper() -  Entering history()
2026-10-04 04:08:24,279 - yfinance - DEBUG - [history.py:273] - history() - BTC-USD: Yahoo GET parameters: {'period1': '2026-10-01 00:00:00+00:00', 'period2': '2026-10-03 22:38:24+00:00', 'interval': '1m', 'includePrePost': False, 'events': 'div,splits,capitalGains'}
2026-10-04 04:08:24,279 - yfinance - DEBUG - [utils.py:121] - wrapper() -   Entering get()
2026-10-04 04:08:24,279 - yfinance - DEBUG - [utils.py:121] - wrapper() -    Entering _make_request()
2026-10-04 04:08:24,279 - yfinance - DEBUG - [data.py:427] - _make_request() - url=https://query2.finance.yahoo.com/v8/finance/chart/BTC-USD
2026-10-04 04:08:24,279 - yfinance - DEBUG - [data.py:428] - _make_request() - params={'period1': 1790812800, 'period2': 1791067104, 'interval': '1m', 'includePrePost': False, 'events': 'div,splits,capitalGains'}
2026-10-04 04:08:24,279 - yfinance - DEBUG - [utils.py:121] - wrapper() -     Entering _get_cookie_and_crumb()
2026-10-04 04:08:24,279 - yfinance - DEBUG - [data.py:383] - _get_cookie_and_crumb() - cookie_mode = 'basic'
2026-10-04 04:08:24,279 - yfinance - DEBUG - [utils.py:121] - wrapper() -      Entering _get_cookie_and_crumb_basic()
2026-10-04 04:08:24,279 - yfinance - DEBUG - [utils.py:121] - wrapper() -       Entering _get_cookie_basic()
2026-10-04 04:08:24,279 - yfinance - DEBUG - [data.py:228] - _get_cookie_basic() - reusing cookie
2026-10-04 04:08:24,279 - yfinance - DEBUG - [utils.py:126] - wrapper() -       Exiting _get_cookie_basic()
2026-10-04 04:08:24,279 - yfinance - DEBUG - [utils.py:121] - wrapper() -       Entering _get_crumb_basic()
2026-10-04 04:08:24,279 - yfinance - DEBUG - [data.py:261] - _get_crumb_basic() - reusing crumb
2026-10-04 04:08:24,279 - yfinance - DEBUG - [utils.py:126] - wrapper() -       Exiting _get_crumb_basic()
2026-10-04 04:08:24,279 - yfinance - DEBUG - [utils.py:126] - wrapper() -      Exiting _get_cookie_and_crumb_basic()
2026-10-04 04:08:24,279 - yfinance - DEBUG - [utils.py:126] - wrapper() -     Exiting _get_cookie_and_crumb()
